"BehaviorSpace results (NetLogo 6.4.0)","Table version 2.0"
"householdDemography v.1.1 - kinship tabu for new couples.nlogo"
"exp-endstates"
"09/28/2025 23:09:47:634 +0200"
"min-pxcor","max-pxcor","min-pycor","max-pycor"
"-9","9","-9","9"
"[run number]","type-of-experiment","exp-number","SEED","[step]","exp-number","SEED","maturity-age","initial-num-households","household-initial-age-distribution","max-couple-count-distribution","cdmlt-level","coale-demeny-region","c1-fert","mu-fert","sigma1-fert","sigma2-fert","residence-rule","acceptable-kinship-degree-for-couples","c1-women","c1-men","mu-women","mu-men","sigma1-women","sigma1-men","sigma2-women","sigma2-men","totalHouseholds","totalIndividuals","totalPopulationGrowth","totalWomen","totalMen","femaleRatio","womenAgeStructure","menAgeStructure","womenFirstAgeGroup","menFirstAgeGroup","womenBirths","menBirths","womenDeaths","menDeaths","womenIn","menIn","womenOut","menOut","totalOrphans"
"4","defined by exp-number","2","0","0","2","0","15","50","0 30","1 6","23","south","0.09765625","26.1328125","8.8046875","7.6953125","patrilocal-patrilineal","8","0.0703125","0.8359375","17.5390625","19.8828125","16.8828125","8.2734375","1.1484375","4.1171875","0","0","0","0","0","","[]","[]","0","0","0","0","0","0","0","0","0","0","0"
"3","defined by exp-number","1","2","0","1","2","15","50","0 30","1 6","23","south","0.09765625","26.1328125","8.8046875","7.6953125","patrilocal-patrilineal","8","0.0703125","0.8359375","17.5390625","19.8828125","16.8828125","8.2734375","1.1484375","4.1171875","0","0","0","0","0","","[]","[]","0","0","0","0","0","0","0","0","0","0","0"
"2","defined by exp-number","1","1","0","1","1","15","50","0 30","1 6","23","south","0.09765625","26.1328125","8.8046875","7.6953125","patrilocal-patrilineal","8","0.0703125","0.8359375","17.5390625","19.8828125","16.8828125","8.2734375","1.1484375","4.1171875","0","0","0","0","0","","[]","[]","0","0","0","0","0","0","0","0","0","0","0"
"5","defined by exp-number","2","1","0","2","1","15","50","0 30","1 6","23","south","0.09765625","26.1328125","8.8046875","7.6953125","patrilocal-patrilineal","8","0.0703125","0.8359375","17.5390625","19.8828125","16.8828125","8.2734375","1.1484375","4.1171875","0","0","0","0","0","","[]","[]","0","0","0","0","0","0","0","0","0","0","0"
"6","defined by exp-number","2","2","0","2","2","15","50","0 30","1 6","23","south","0.09765625","26.1328125","8.8046875","7.6953125","patrilocal-patrilineal","8","0.0703125","0.8359375","17.5390625","19.8828125","16.8828125","8.2734375","1.1484375","4.1171875","0","0","0","0","0","","[]","[]","0","0","0","0","0","0","0","0","0","0","0"
"10","defined by exp-number","4","0","0","4","0","15","50","0 30","1 6","23","south","0.09765625","26.1328125","8.8046875","7.6953125","patrilocal-patrilineal","8","0.0703125","0.8359375","17.5390625","19.8828125","16.8828125","8.2734375","1.1484375","4.1171875","0","0","0","0","0","","[]","[]","0","0","0","0","0","0","0","0","0","0","0"
"8","defined by exp-number","3","1","0","3","1","15","50","0 30","1 6","23","south","0.09765625","26.1328125","8.8046875","7.6953125","patrilocal-patrilineal","8","0.0703125","0.8359375","17.5390625","19.8828125","16.8828125","8.2734375","1.1484375","4.1171875","0","0","0","0","0","","[]","[]","0","0","0","0","0","0","0","0","0","0","0"
"9","defined by exp-number","3","2","0","3","2","15","50","0 30","1 6","23","south","0.09765625","26.1328125","8.8046875","7.6953125","patrilocal-patrilineal","8","0.0703125","0.8359375","17.5390625","19.8828125","16.8828125","8.2734375","1.1484375","4.1171875","0","0","0","0","0","","[]","[]","0","0","0","0","0","0","0","0","0","0","0"
"11","defined by exp-number","4","1","0","4","1","15","50","0 30","1 6","23","south","0.09765625","26.1328125","8.8046875","7.6953125","patrilocal-patrilineal","8","0.0703125","0.8359375","17.5390625","19.8828125","16.8828125","8.2734375","1.1484375","4.1171875","0","0","0","0","0","","[]","[]","0","0","0","0","0","0","0","0","0","0","0"
"7","defined by exp-number","3","0","0","3","0","15","50","0 30","1 6","23","south","0.09765625","26.1328125","8.8046875","7.6953125","patrilocal-patrilineal","8","0.0703125","0.8359375","17.5390625","19.8828125","16.8828125","8.2734375","1.1484375","4.1171875","0","0","0","0","0","","[]","[]","0","0","0","0","0","0","0","0","0","0","0"
"14","defined by exp-number","5","1","0","5","1","15","50","0 30","1 6","23","south","0.09765625","26.1328125","8.8046875","7.6953125","patrilocal-patrilineal","8","0.0703125","0.8359375","17.5390625","19.8828125","16.8828125","8.2734375","1.1484375","4.1171875","0","0","0","0","0","","[]","[]","0","0","0","0","0","0","0","0","0","0","0"
"12","defined by exp-number","4","2","0","4","2","15","50","0 30","1 6","23","south","0.09765625","26.1328125","8.8046875","7.6953125","patrilocal-patrilineal","8","0.0703125","0.8359375","17.5390625","19.8828125","16.8828125","8.2734375","1.1484375","4.1171875","0","0","0","0","0","","[]","[]","0","0","0","0","0","0","0","0","0","0","0"
"13","defined by exp-number","5","0","0","5","0","15","50","0 30","1 6","23","south","0.09765625","26.1328125","8.8046875","7.6953125","patrilocal-patrilineal","8","0.0703125","0.8359375","17.5390625","19.8828125","16.8828125","8.2734375","1.1484375","4.1171875","0","0","0","0","0","","[]","[]","0","0","0","0","0","0","0","0","0","0","0"
"15","defined by exp-number","5","2","0","5","2","15","50","0 30","1 6","23","south","0.09765625","26.1328125","8.8046875","7.6953125","patrilocal-patrilineal","8","0.0703125","0.8359375","17.5390625","19.8828125","16.8828125","8.2734375","1.1484375","4.1171875","0","0","0","0","0","","[]","[]","0","0","0","0","0","0","0","0","0","0","0"
"16","defined by exp-number","6","0","0","6","0","15","50","0 30","1 6","23","south","0.09765625","26.1328125","8.8046875","7.6953125","patrilocal-patrilineal","8","0.0703125","0.8359375","17.5390625","19.8828125","16.8828125","8.2734375","1.1484375","4.1171875","0","0","0","0","0","","[]","[]","0","0","0","0","0","0","0","0","0","0","0"
"18","defined by exp-number","6","2","0","6","2","15","50","0 30","1 6","23","south","0.09765625","26.1328125","8.8046875","7.6953125","patrilocal-patrilineal","8","0.0703125","0.8359375","17.5390625","19.8828125","16.8828125","8.2734375","1.1484375","4.1171875","0","0","0","0","0","","[]","[]","0","0","0","0","0","0","0","0","0","0","0"
"17","defined by exp-number","6","1","0","6","1","15","50","0 30","1 6","23","south","0.09765625","26.1328125","8.8046875","7.6953125","patrilocal-patrilineal","8","0.0703125","0.8359375","17.5390625","19.8828125","16.8828125","8.2734375","1.1484375","4.1171875","0","0","0","0","0","","[]","[]","0","0","0","0","0","0","0","0","0","0","0"
"23","defined by exp-number","8","1","0","8","1","15","50","0 30","1 6","23","south","0.09765625","26.1328125","8.8046875","7.6953125","patrilocal-patrilineal","8","0.0703125","0.8359375","17.5390625","19.8828125","16.8828125","8.2734375","1.1484375","4.1171875","0","0","0","0","0","","[]","[]","0","0","0","0","0","0","0","0","0","0","0"
"21","defined by exp-number","7","2","0","7","2","15","50","0 30","1 6","23","south","0.09765625","26.1328125","8.8046875","7.6953125","patrilocal-patrilineal","8","0.0703125","0.8359375","17.5390625","19.8828125","16.8828125","8.2734375","1.1484375","4.1171875","0","0","0","0","0","","[]","[]","0","0","0","0","0","0","0","0","0","0","0"
"20","defined by exp-number","7","1","0","7","1","15","50","0 30","1 6","23","south","0.09765625","26.1328125","8.8046875","7.6953125","patrilocal-patrilineal","8","0.0703125","0.8359375","17.5390625","19.8828125","16.8828125","8.2734375","1.1484375","4.1171875","0","0","0","0","0","","[]","[]","0","0","0","0","0","0","0","0","0","0","0"
"19","defined by exp-number","7","0","0","7","0","15","50","0 30","1 6","23","south","0.09765625","26.1328125","8.8046875","7.6953125","patrilocal-patrilineal","8","0.0703125","0.8359375","17.5390625","19.8828125","16.8828125","8.2734375","1.1484375","4.1171875","0","0","0","0","0","","[]","[]","0","0","0","0","0","0","0","0","0","0","0"
"22","defined by exp-number","8","0","0","8","0","15","50","0 30","1 6","23","south","0.09765625","26.1328125","8.8046875","7.6953125","patrilocal-patrilineal","8","0.0703125","0.8359375","17.5390625","19.8828125","16.8828125","8.2734375","1.1484375","4.1171875","0","0","0","0","0","","[]","[]","0","0","0","0","0","0","0","0","0","0","0"
"24","defined by exp-number","8","2","0","8","2","15","50","0 30","1 6","23","south","0.09765625","26.1328125","8.8046875","7.6953125","patrilocal-patrilineal","8","0.0703125","0.8359375","17.5390625","19.8828125","16.8828125","8.2734375","1.1484375","4.1171875","0","0","0","0","0","","[]","[]","0","0","0","0","0","0","0","0","0","0","0"
"27","defined by exp-number","9","2","0","9","2","15","50","0 30","1 6","23","south","0.09765625","26.1328125","8.8046875","7.6953125","patrilocal-patrilineal","8","0.0703125","0.8359375","17.5390625","19.8828125","16.8828125","8.2734375","1.1484375","4.1171875","0","0","0","0","0","","[]","[]","0","0","0","0","0","0","0","0","0","0","0"
"25","defined by exp-number","9","0","0","9","0","15","50","0 30","1 6","23","south","0.09765625","26.1328125","8.8046875","7.6953125","patrilocal-patrilineal","8","0.0703125","0.8359375","17.5390625","19.8828125","16.8828125","8.2734375","1.1484375","4.1171875","0","0","0","0","0","","[]","[]","0","0","0","0","0","0","0","0","0","0","0"
"28","defined by exp-number","10","0","0","10","0","15","50","0 30","1 6","23","south","0.09765625","26.1328125","8.8046875","7.6953125","patrilocal-patrilineal","8","0.0703125","0.8359375","17.5390625","19.8828125","16.8828125","8.2734375","1.1484375","4.1171875","0","0","0","0","0","","[]","[]","0","0","0","0","0","0","0","0","0","0","0"
"29","defined by exp-number","10","1","0","10","1","15","50","0 30","1 6","23","south","0.09765625","26.1328125","8.8046875","7.6953125","patrilocal-patrilineal","8","0.0703125","0.8359375","17.5390625","19.8828125","16.8828125","8.2734375","1.1484375","4.1171875","0","0","0","0","0","","[]","[]","0","0","0","0","0","0","0","0","0","0","0"
"31","defined by exp-number","11","0","0","11","0","15","50","0 30","1 6","23","south","0.09765625","26.1328125","8.8046875","7.6953125","patrilocal-patrilineal","8","0.0703125","0.8359375","17.5390625","19.8828125","16.8828125","8.2734375","1.1484375","4.1171875","0","0","0","0","0","","[]","[]","0","0","0","0","0","0","0","0","0","0","0"
"30","defined by exp-number","10","2","0","10","2","15","50","0 30","1 6","23","south","0.09765625","26.1328125","8.8046875","7.6953125","patrilocal-patrilineal","8","0.0703125","0.8359375","17.5390625","19.8828125","16.8828125","8.2734375","1.1484375","4.1171875","0","0","0","0","0","","[]","[]","0","0","0","0","0","0","0","0","0","0","0"
"32","defined by exp-number","11","1","0","11","1","15","50","0 30","1 6","23","south","0.09765625","26.1328125","8.8046875","7.6953125","patrilocal-patrilineal","8","0.0703125","0.8359375","17.5390625","19.8828125","16.8828125","8.2734375","1.1484375","4.1171875","0","0","0","0","0","","[]","[]","0","0","0","0","0","0","0","0","0","0","0"
"33","defined by exp-number","11","2","0","11","2","15","50","0 30","1 6","23","south","0.09765625","26.1328125","8.8046875","7.6953125","patrilocal-patrilineal","8","0.0703125","0.8359375","17.5390625","19.8828125","16.8828125","8.2734375","1.1484375","4.1171875","0","0","0","0","0","","[]","[]","0","0","0","0","0","0","0","0","0","0","0"
"34","defined by exp-number","12","0","0","12","0","15","50","0 30","1 6","23","south","0.09765625","26.1328125","8.8046875","7.6953125","patrilocal-patrilineal","8","0.0703125","0.8359375","17.5390625","19.8828125","16.8828125","8.2734375","1.1484375","4.1171875","0","0","0","0","0","","[]","[]","0","0","0","0","0","0","0","0","0","0","0"
"35","defined by exp-number","12","1","0","12","1","15","50","0 30","1 6","23","south","0.09765625","26.1328125","8.8046875","7.6953125","patrilocal-patrilineal","8","0.0703125","0.8359375","17.5390625","19.8828125","16.8828125","8.2734375","1.1484375","4.1171875","0","0","0","0","0","","[]","[]","0","0","0","0","0","0","0","0","0","0","0"
"36","defined by exp-number","12","2","0","12","2","15","50","0 30","1 6","23","south","0.09765625","26.1328125","8.8046875","7.6953125","patrilocal-patrilineal","8","0.0703125","0.8359375","17.5390625","19.8828125","16.8828125","8.2734375","1.1484375","4.1171875","0","0","0","0","0","","[]","[]","0","0","0","0","0","0","0","0","0","0","0"
"37","defined by exp-number","13","0","0","13","0","15","50","0 30","1 6","23","south","0.09765625","26.1328125","8.8046875","7.6953125","patrilocal-patrilineal","8","0.0703125","0.8359375","17.5390625","19.8828125","16.8828125","8.2734375","1.1484375","4.1171875","0","0","0","0","0","","[]","[]","0","0","0","0","0","0","0","0","0","0","0"
"38","defined by exp-number","13","1","0","13","1","15","50","0 30","1 6","23","south","0.09765625","26.1328125","8.8046875","7.6953125","patrilocal-patrilineal","8","0.0703125","0.8359375","17.5390625","19.8828125","16.8828125","8.2734375","1.1484375","4.1171875","0","0","0","0","0","","[]","[]","0","0","0","0","0","0","0","0","0","0","0"
"39","defined by exp-number","13","2","0","13","2","15","50","0 30","1 6","23","south","0.09765625","26.1328125","8.8046875","7.6953125","patrilocal-patrilineal","8","0.0703125","0.8359375","17.5390625","19.8828125","16.8828125","8.2734375","1.1484375","4.1171875","0","0","0","0","0","","[]","[]","0","0","0","0","0","0","0","0","0","0","0"
"40","defined by exp-number","14","0","0","14","0","15","50","0 30","1 6","23","south","0.09765625","26.1328125","8.8046875","7.6953125","patrilocal-patrilineal","8","0.0703125","0.8359375","17.5390625","19.8828125","16.8828125","8.2734375","1.1484375","4.1171875","0","0","0","0","0","","[]","[]","0","0","0","0","0","0","0","0","0","0","0"
"42","defined by exp-number","14","2","0","14","2","15","50","0 30","1 6","23","south","0.09765625","26.1328125","8.8046875","7.6953125","patrilocal-patrilineal","8","0.0703125","0.8359375","17.5390625","19.8828125","16.8828125","8.2734375","1.1484375","4.1171875","0","0","0","0","0","","[]","[]","0","0","0","0","0","0","0","0","0","0","0"
"41","defined by exp-number","14","1","0","14","1","15","50","0 30","1 6","23","south","0.09765625","26.1328125","8.8046875","7.6953125","patrilocal-patrilineal","8","0.0703125","0.8359375","17.5390625","19.8828125","16.8828125","8.2734375","1.1484375","4.1171875","0","0","0","0","0","","[]","[]","0","0","0","0","0","0","0","0","0","0","0"
"43","defined by exp-number","15","0","0","15","0","15","50","0 30","1 6","23","south","0.09765625","26.1328125","8.8046875","7.6953125","patrilocal-patrilineal","8","0.0703125","0.8359375","17.5390625","19.8828125","16.8828125","8.2734375","1.1484375","4.1171875","0","0","0","0","0","","[]","[]","0","0","0","0","0","0","0","0","0","0","0"
"44","defined by exp-number","15","1","0","15","1","15","50","0 30","1 6","23","south","0.09765625","26.1328125","8.8046875","7.6953125","patrilocal-patrilineal","8","0.0703125","0.8359375","17.5390625","19.8828125","16.8828125","8.2734375","1.1484375","4.1171875","0","0","0","0","0","","[]","[]","0","0","0","0","0","0","0","0","0","0","0"
"46","defined by exp-number","16","0","0","16","0","15","50","0 30","1 6","23","south","0.09765625","26.1328125","8.8046875","7.6953125","patrilocal-patrilineal","8","0.0703125","0.8359375","17.5390625","19.8828125","16.8828125","8.2734375","1.1484375","4.1171875","0","0","0","0","0","","[]","[]","0","0","0","0","0","0","0","0","0","0","0"
"45","defined by exp-number","15","2","0","15","2","15","50","0 30","1 6","23","south","0.09765625","26.1328125","8.8046875","7.6953125","patrilocal-patrilineal","8","0.0703125","0.8359375","17.5390625","19.8828125","16.8828125","8.2734375","1.1484375","4.1171875","0","0","0","0","0","","[]","[]","0","0","0","0","0","0","0","0","0","0","0"
"48","defined by exp-number","16","2","0","16","2","15","50","0 30","1 6","23","south","0.09765625","26.1328125","8.8046875","7.6953125","patrilocal-patrilineal","8","0.0703125","0.8359375","17.5390625","19.8828125","16.8828125","8.2734375","1.1484375","4.1171875","0","0","0","0","0","","[]","[]","0","0","0","0","0","0","0","0","0","0","0"
"26","defined by exp-number","9","1","0","9","1","15","50","0 30","1 6","23","south","0.09765625","26.1328125","8.8046875","7.6953125","patrilocal-patrilineal","8","0.0703125","0.8359375","17.5390625","19.8828125","16.8828125","8.2734375","1.1484375","4.1171875","0","0","0","0","0","","[]","[]","0","0","0","0","0","0","0","0","0","0","0"
"47","defined by exp-number","16","1","0","16","1","15","50","0 30","1 6","23","south","0.09765625","26.1328125","8.8046875","7.6953125","patrilocal-patrilineal","8","0.0703125","0.8359375","17.5390625","19.8828125","16.8828125","8.2734375","1.1484375","4.1171875","0","0","0","0","0","","[]","[]","0","0","0","0","0","0","0","0","0","0","0"
"49","defined by exp-number","17","0","0","17","0","15","50","0 30","1 6","23","south","0.09765625","26.1328125","8.8046875","7.6953125","patrilocal-patrilineal","8","0.0703125","0.8359375","17.5390625","19.8828125","16.8828125","8.2734375","1.1484375","4.1171875","0","0","0","0","0","","[]","[]","0","0","0","0","0","0","0","0","0","0","0"
"51","defined by exp-number","17","2","0","17","2","15","50","0 30","1 6","23","south","0.09765625","26.1328125","8.8046875","7.6953125","patrilocal-patrilineal","8","0.0703125","0.8359375","17.5390625","19.8828125","16.8828125","8.2734375","1.1484375","4.1171875","0","0","0","0","0","","[]","[]","0","0","0","0","0","0","0","0","0","0","0"
"50","defined by exp-number","17","1","0","17","1","15","50","0 30","1 6","23","south","0.09765625","26.1328125","8.8046875","7.6953125","patrilocal-patrilineal","8","0.0703125","0.8359375","17.5390625","19.8828125","16.8828125","8.2734375","1.1484375","4.1171875","0","0","0","0","0","","[]","[]","0","0","0","0","0","0","0","0","0","0","0"
"52","defined by exp-number","18","0","0","18","0","15","50","0 30","1 6","23","south","0.09765625","26.1328125","8.8046875","7.6953125","patrilocal-patrilineal","8","0.0703125","0.8359375","17.5390625","19.8828125","16.8828125","8.2734375","1.1484375","4.1171875","0","0","0","0","0","","[]","[]","0","0","0","0","0","0","0","0","0","0","0"
"53","defined by exp-number","18","1","0","18","1","15","50","0 30","1 6","23","south","0.09765625","26.1328125","8.8046875","7.6953125","patrilocal-patrilineal","8","0.0703125","0.8359375","17.5390625","19.8828125","16.8828125","8.2734375","1.1484375","4.1171875","0","0","0","0","0","","[]","[]","0","0","0","0","0","0","0","0","0","0","0"
"55","defined by exp-number","19","0","0","19","0","15","50","0 30","1 6","23","south","0.09765625","26.1328125","8.8046875","7.6953125","patrilocal-patrilineal","8","0.0703125","0.8359375","17.5390625","19.8828125","16.8828125","8.2734375","1.1484375","4.1171875","0","0","0","0","0","","[]","[]","0","0","0","0","0","0","0","0","0","0","0"
"56","defined by exp-number","19","1","0","19","1","15","50","0 30","1 6","23","south","0.09765625","26.1328125","8.8046875","7.6953125","patrilocal-patrilineal","8","0.0703125","0.8359375","17.5390625","19.8828125","16.8828125","8.2734375","1.1484375","4.1171875","0","0","0","0","0","","[]","[]","0","0","0","0","0","0","0","0","0","0","0"
"54","defined by exp-number","18","2","0","18","2","15","50","0 30","1 6","23","south","0.09765625","26.1328125","8.8046875","7.6953125","patrilocal-patrilineal","8","0.0703125","0.8359375","17.5390625","19.8828125","16.8828125","8.2734375","1.1484375","4.1171875","0","0","0","0","0","","[]","[]","0","0","0","0","0","0","0","0","0","0","0"
"57","defined by exp-number","19","2","0","19","2","15","50","0 30","1 6","23","south","0.09765625","26.1328125","8.8046875","7.6953125","patrilocal-patrilineal","8","0.0703125","0.8359375","17.5390625","19.8828125","16.8828125","8.2734375","1.1484375","4.1171875","0","0","0","0","0","","[]","[]","0","0","0","0","0","0","0","0","0","0","0"
"58","defined by exp-number","20","0","0","20","0","15","50","0 30","1 6","23","south","0.09765625","26.1328125","8.8046875","7.6953125","patrilocal-patrilineal","8","0.0703125","0.8359375","17.5390625","19.8828125","16.8828125","8.2734375","1.1484375","4.1171875","0","0","0","0","0","","[]","[]","0","0","0","0","0","0","0","0","0","0","0"
"60","defined by exp-number","20","2","0","20","2","15","50","0 30","1 6","23","south","0.09765625","26.1328125","8.8046875","7.6953125","patrilocal-patrilineal","8","0.0703125","0.8359375","17.5390625","19.8828125","16.8828125","8.2734375","1.1484375","4.1171875","0","0","0","0","0","","[]","[]","0","0","0","0","0","0","0","0","0","0","0"
"59","defined by exp-number","20","1","0","20","1","15","50","0 30","1 6","23","south","0.09765625","26.1328125","8.8046875","7.6953125","patrilocal-patrilineal","8","0.0703125","0.8359375","17.5390625","19.8828125","16.8828125","8.2734375","1.1484375","4.1171875","0","0","0","0","0","","[]","[]","0","0","0","0","0","0","0","0","0","0","0"
"61","defined by exp-number","21","0","0","21","0","15","50","0 30","1 6","23","south","0.09765625","26.1328125","8.8046875","7.6953125","patrilocal-patrilineal","8","0.0703125","0.8359375","17.5390625","19.8828125","16.8828125","8.2734375","1.1484375","4.1171875","0","0","0","0","0","","[]","[]","0","0","0","0","0","0","0","0","0","0","0"
"63","defined by exp-number","21","2","0","21","2","15","50","0 30","1 6","23","south","0.09765625","26.1328125","8.8046875","7.6953125","patrilocal-patrilineal","8","0.0703125","0.8359375","17.5390625","19.8828125","16.8828125","8.2734375","1.1484375","4.1171875","0","0","0","0","0","","[]","[]","0","0","0","0","0","0","0","0","0","0","0"
"62","defined by exp-number","21","1","0","21","1","15","50","0 30","1 6","23","south","0.09765625","26.1328125","8.8046875","7.6953125","patrilocal-patrilineal","8","0.0703125","0.8359375","17.5390625","19.8828125","16.8828125","8.2734375","1.1484375","4.1171875","0","0","0","0","0","","[]","[]","0","0","0","0","0","0","0","0","0","0","0"
"64","defined by exp-number","22","0","0","22","0","15","50","0 30","1 6","23","south","0.09765625","26.1328125","8.8046875","7.6953125","patrilocal-patrilineal","8","0.0703125","0.8359375","17.5390625","19.8828125","16.8828125","8.2734375","1.1484375","4.1171875","0","0","0","0","0","","[]","[]","0","0","0","0","0","0","0","0","0","0","0"
"65","defined by exp-number","22","1","0","22","1","15","50","0 30","1 6","23","south","0.09765625","26.1328125","8.8046875","7.6953125","patrilocal-patrilineal","8","0.0703125","0.8359375","17.5390625","19.8828125","16.8828125","8.2734375","1.1484375","4.1171875","0","0","0","0","0","","[]","[]","0","0","0","0","0","0","0","0","0","0","0"
"66","defined by exp-number","22","2","0","22","2","15","50","0 30","1 6","23","south","0.09765625","26.1328125","8.8046875","7.6953125","patrilocal-patrilineal","8","0.0703125","0.8359375","17.5390625","19.8828125","16.8828125","8.2734375","1.1484375","4.1171875","0","0","0","0","0","","[]","[]","0","0","0","0","0","0","0","0","0","0","0"
"67","defined by exp-number","23","0","0","23","0","15","50","0 30","1 6","23","south","0.09765625","26.1328125","8.8046875","7.6953125","patrilocal-patrilineal","8","0.0703125","0.8359375","17.5390625","19.8828125","16.8828125","8.2734375","1.1484375","4.1171875","0","0","0","0","0","","[]","[]","0","0","0","0","0","0","0","0","0","0","0"
"69","defined by exp-number","23","2","0","23","2","15","50","0 30","1 6","23","south","0.09765625","26.1328125","8.8046875","7.6953125","patrilocal-patrilineal","8","0.0703125","0.8359375","17.5390625","19.8828125","16.8828125","8.2734375","1.1484375","4.1171875","0","0","0","0","0","","[]","[]","0","0","0","0","0","0","0","0","0","0","0"
"70","defined by exp-number","24","0","0","24","0","15","50","0 30","1 6","23","south","0.09765625","26.1328125","8.8046875","7.6953125","patrilocal-patrilineal","8","0.0703125","0.8359375","17.5390625","19.8828125","16.8828125","8.2734375","1.1484375","4.1171875","0","0","0","0","0","","[]","[]","0","0","0","0","0","0","0","0","0","0","0"
"68","defined by exp-number","23","1","0","23","1","15","50","0 30","1 6","23","south","0.09765625","26.1328125","8.8046875","7.6953125","patrilocal-patrilineal","8","0.0703125","0.8359375","17.5390625","19.8828125","16.8828125","8.2734375","1.1484375","4.1171875","0","0","0","0","0","","[]","[]","0","0","0","0","0","0","0","0","0","0","0"
"71","defined by exp-number","24","1","0","24","1","15","50","0 30","1 6","23","south","0.09765625","26.1328125","8.8046875","7.6953125","patrilocal-patrilineal","8","0.0703125","0.8359375","17.5390625","19.8828125","16.8828125","8.2734375","1.1484375","4.1171875","0","0","0","0","0","","[]","[]","0","0","0","0","0","0","0","0","0","0","0"
"73","defined by exp-number","25","0","0","25","0","15","50","0 30","1 6","23","south","0.09765625","26.1328125","8.8046875","7.6953125","patrilocal-patrilineal","8","0.0703125","0.8359375","17.5390625","19.8828125","16.8828125","8.2734375","1.1484375","4.1171875","0","0","0","0","0","","[]","[]","0","0","0","0","0","0","0","0","0","0","0"
"72","defined by exp-number","24","2","0","24","2","15","50","0 30","1 6","23","south","0.09765625","26.1328125","8.8046875","7.6953125","patrilocal-patrilineal","8","0.0703125","0.8359375","17.5390625","19.8828125","16.8828125","8.2734375","1.1484375","4.1171875","0","0","0","0","0","","[]","[]","0","0","0","0","0","0","0","0","0","0","0"
"75","defined by exp-number","25","2","0","25","2","15","50","0 30","1 6","23","south","0.09765625","26.1328125","8.8046875","7.6953125","patrilocal-patrilineal","8","0.0703125","0.8359375","17.5390625","19.8828125","16.8828125","8.2734375","1.1484375","4.1171875","0","0","0","0","0","","[]","[]","0","0","0","0","0","0","0","0","0","0","0"
"74","defined by exp-number","25","1","0","25","1","15","50","0 30","1 6","23","south","0.09765625","26.1328125","8.8046875","7.6953125","patrilocal-patrilineal","8","0.0703125","0.8359375","17.5390625","19.8828125","16.8828125","8.2734375","1.1484375","4.1171875","0","0","0","0","0","","[]","[]","0","0","0","0","0","0","0","0","0","0","0"
"78","defined by exp-number","26","2","0","26","2","15","50","0 30","1 6","23","south","0.09765625","26.1328125","8.8046875","7.6953125","patrilocal-patrilineal","8","0.0703125","0.8359375","17.5390625","19.8828125","16.8828125","8.2734375","1.1484375","4.1171875","0","0","0","0","0","","[]","[]","0","0","0","0","0","0","0","0","0","0","0"
"76","defined by exp-number","26","0","0","26","0","15","50","0 30","1 6","23","south","0.09765625","26.1328125","8.8046875","7.6953125","patrilocal-patrilineal","8","0.0703125","0.8359375","17.5390625","19.8828125","16.8828125","8.2734375","1.1484375","4.1171875","0","0","0","0","0","","[]","[]","0","0","0","0","0","0","0","0","0","0","0"
"77","defined by exp-number","26","1","0","26","1","15","50","0 30","1 6","23","south","0.09765625","26.1328125","8.8046875","7.6953125","patrilocal-patrilineal","8","0.0703125","0.8359375","17.5390625","19.8828125","16.8828125","8.2734375","1.1484375","4.1171875","0","0","0","0","0","","[]","[]","0","0","0","0","0","0","0","0","0","0","0"
"79","defined by exp-number","27","0","0","27","0","15","50","0 30","1 6","23","south","0.09765625","26.1328125","8.8046875","7.6953125","patrilocal-patrilineal","8","0.0703125","0.8359375","17.5390625","19.8828125","16.8828125","8.2734375","1.1484375","4.1171875","0","0","0","0","0","","[]","[]","0","0","0","0","0","0","0","0","0","0","0"
"80","defined by exp-number","27","1","0","27","1","15","50","0 30","1 6","23","south","0.09765625","26.1328125","8.8046875","7.6953125","patrilocal-patrilineal","8","0.0703125","0.8359375","17.5390625","19.8828125","16.8828125","8.2734375","1.1484375","4.1171875","0","0","0","0","0","","[]","[]","0","0","0","0","0","0","0","0","0","0","0"
"81","defined by exp-number","27","2","0","27","2","15","50","0 30","1 6","23","south","0.09765625","26.1328125","8.8046875","7.6953125","patrilocal-patrilineal","8","0.0703125","0.8359375","17.5390625","19.8828125","16.8828125","8.2734375","1.1484375","4.1171875","0","0","0","0","0","","[]","[]","0","0","0","0","0","0","0","0","0","0","0"
"83","defined by exp-number","28","1","0","28","1","15","50","0 30","1 6","23","south","0.09765625","26.1328125","8.8046875","7.6953125","patrilocal-patrilineal","8","0.0703125","0.8359375","17.5390625","19.8828125","16.8828125","8.2734375","1.1484375","4.1171875","0","0","0","0","0","","[]","[]","0","0","0","0","0","0","0","0","0","0","0"
"82","defined by exp-number","28","0","0","28","0","15","50","0 30","1 6","23","south","0.09765625","26.1328125","8.8046875","7.6953125","patrilocal-patrilineal","8","0.0703125","0.8359375","17.5390625","19.8828125","16.8828125","8.2734375","1.1484375","4.1171875","0","0","0","0","0","","[]","[]","0","0","0","0","0","0","0","0","0","0","0"
"84","defined by exp-number","28","2","0","28","2","15","50","0 30","1 6","23","south","0.09765625","26.1328125","8.8046875","7.6953125","patrilocal-patrilineal","8","0.0703125","0.8359375","17.5390625","19.8828125","16.8828125","8.2734375","1.1484375","4.1171875","0","0","0","0","0","","[]","[]","0","0","0","0","0","0","0","0","0","0","0"
"85","defined by exp-number","29","0","0","29","0","15","50","0 30","1 6","23","south","0.09765625","26.1328125","8.8046875","7.6953125","patrilocal-patrilineal","8","0.0703125","0.8359375","17.5390625","19.8828125","16.8828125","8.2734375","1.1484375","4.1171875","0","0","0","0","0","","[]","[]","0","0","0","0","0","0","0","0","0","0","0"
"86","defined by exp-number","29","1","0","29","1","15","50","0 30","1 6","23","south","0.09765625","26.1328125","8.8046875","7.6953125","patrilocal-patrilineal","8","0.0703125","0.8359375","17.5390625","19.8828125","16.8828125","8.2734375","1.1484375","4.1171875","0","0","0","0","0","","[]","[]","0","0","0","0","0","0","0","0","0","0","0"
"87","defined by exp-number","29","2","0","29","2","15","50","0 30","1 6","23","south","0.09765625","26.1328125","8.8046875","7.6953125","patrilocal-patrilineal","8","0.0703125","0.8359375","17.5390625","19.8828125","16.8828125","8.2734375","1.1484375","4.1171875","0","0","0","0","0","","[]","[]","0","0","0","0","0","0","0","0","0","0","0"
"89","defined by exp-number","30","1","0","30","1","15","50","0 30","1 6","23","south","0.09765625","26.1328125","8.8046875","7.6953125","patrilocal-patrilineal","8","0.0703125","0.8359375","17.5390625","19.8828125","16.8828125","8.2734375","1.1484375","4.1171875","0","0","0","0","0","","[]","[]","0","0","0","0","0","0","0","0","0","0","0"
"90","defined by exp-number","30","2","0","30","2","15","50","0 30","1 6","23","south","0.09765625","26.1328125","8.8046875","7.6953125","patrilocal-patrilineal","8","0.0703125","0.8359375","17.5390625","19.8828125","16.8828125","8.2734375","1.1484375","4.1171875","0","0","0","0","0","","[]","[]","0","0","0","0","0","0","0","0","0","0","0"
"88","defined by exp-number","30","0","0","30","0","15","50","0 30","1 6","23","south","0.09765625","26.1328125","8.8046875","7.6953125","patrilocal-patrilineal","8","0.0703125","0.8359375","17.5390625","19.8828125","16.8828125","8.2734375","1.1484375","4.1171875","0","0","0","0","0","","[]","[]","0","0","0","0","0","0","0","0","0","0","0"
"91","defined by exp-number","31","0","0","31","0","15","50","0 30","1 6","23","south","0.09765625","26.1328125","8.8046875","7.6953125","patrilocal-patrilineal","8","0.0703125","0.8359375","17.5390625","19.8828125","16.8828125","8.2734375","1.1484375","4.1171875","0","0","0","0","0","","[]","[]","0","0","0","0","0","0","0","0","0","0","0"
"93","defined by exp-number","31","2","0","31","2","15","50","0 30","1 6","23","south","0.09765625","26.1328125","8.8046875","7.6953125","patrilocal-patrilineal","8","0.0703125","0.8359375","17.5390625","19.8828125","16.8828125","8.2734375","1.1484375","4.1171875","0","0","0","0","0","","[]","[]","0","0","0","0","0","0","0","0","0","0","0"
"92","defined by exp-number","31","1","0","31","1","15","50","0 30","1 6","23","south","0.09765625","26.1328125","8.8046875","7.6953125","patrilocal-patrilineal","8","0.0703125","0.8359375","17.5390625","19.8828125","16.8828125","8.2734375","1.1484375","4.1171875","0","0","0","0","0","","[]","[]","0","0","0","0","0","0","0","0","0","0","0"
"96","defined by exp-number","32","2","0","32","2","15","50","0 30","1 6","23","south","0.09765625","26.1328125","8.8046875","7.6953125","patrilocal-patrilineal","8","0.0703125","0.8359375","17.5390625","19.8828125","16.8828125","8.2734375","1.1484375","4.1171875","0","0","0","0","0","","[]","[]","0","0","0","0","0","0","0","0","0","0","0"
"97","defined by exp-number","33","0","0","33","0","15","50","0 30","1 6","23","south","0.09765625","26.1328125","8.8046875","7.6953125","patrilocal-patrilineal","8","0.0703125","0.8359375","17.5390625","19.8828125","16.8828125","8.2734375","1.1484375","4.1171875","0","0","0","0","0","","[]","[]","0","0","0","0","0","0","0","0","0","0","0"
"98","defined by exp-number","33","1","0","33","1","15","50","0 30","1 6","23","south","0.09765625","26.1328125","8.8046875","7.6953125","patrilocal-patrilineal","8","0.0703125","0.8359375","17.5390625","19.8828125","16.8828125","8.2734375","1.1484375","4.1171875","0","0","0","0","0","","[]","[]","0","0","0","0","0","0","0","0","0","0","0"
"95","defined by exp-number","32","1","0","32","1","15","50","0 30","1 6","23","south","0.09765625","26.1328125","8.8046875","7.6953125","patrilocal-patrilineal","8","0.0703125","0.8359375","17.5390625","19.8828125","16.8828125","8.2734375","1.1484375","4.1171875","0","0","0","0","0","","[]","[]","0","0","0","0","0","0","0","0","0","0","0"
"94","defined by exp-number","32","0","0","32","0","15","50","0 30","1 6","23","south","0.09765625","26.1328125","8.8046875","7.6953125","patrilocal-patrilineal","8","0.0703125","0.8359375","17.5390625","19.8828125","16.8828125","8.2734375","1.1484375","4.1171875","0","0","0","0","0","","[]","[]","0","0","0","0","0","0","0","0","0","0","0"
"99","defined by exp-number","33","2","0","33","2","15","50","0 30","1 6","23","south","0.09765625","26.1328125","8.8046875","7.6953125","patrilocal-patrilineal","8","0.0703125","0.8359375","17.5390625","19.8828125","16.8828125","8.2734375","1.1484375","4.1171875","0","0","0","0","0","","[]","[]","0","0","0","0","0","0","0","0","0","0","0"
"101","defined by exp-number","34","1","0","34","1","15","50","0 30","1 6","23","south","0.09765625","26.1328125","8.8046875","7.6953125","patrilocal-patrilineal","8","0.0703125","0.8359375","17.5390625","19.8828125","16.8828125","8.2734375","1.1484375","4.1171875","0","0","0","0","0","","[]","[]","0","0","0","0","0","0","0","0","0","0","0"
"100","defined by exp-number","34","0","0","34","0","15","50","0 30","1 6","23","south","0.09765625","26.1328125","8.8046875","7.6953125","patrilocal-patrilineal","8","0.0703125","0.8359375","17.5390625","19.8828125","16.8828125","8.2734375","1.1484375","4.1171875","0","0","0","0","0","","[]","[]","0","0","0","0","0","0","0","0","0","0","0"
"102","defined by exp-number","34","2","0","34","2","15","50","0 30","1 6","23","south","0.09765625","26.1328125","8.8046875","7.6953125","patrilocal-patrilineal","8","0.0703125","0.8359375","17.5390625","19.8828125","16.8828125","8.2734375","1.1484375","4.1171875","0","0","0","0","0","","[]","[]","0","0","0","0","0","0","0","0","0","0","0"
"103","defined by exp-number","35","0","0","35","0","15","50","0 30","1 6","23","south","0.09765625","26.1328125","8.8046875","7.6953125","patrilocal-patrilineal","8","0.0703125","0.8359375","17.5390625","19.8828125","16.8828125","8.2734375","1.1484375","4.1171875","0","0","0","0","0","","[]","[]","0","0","0","0","0","0","0","0","0","0","0"
"105","defined by exp-number","35","2","0","35","2","15","50","0 30","1 6","23","south","0.09765625","26.1328125","8.8046875","7.6953125","patrilocal-patrilineal","8","0.0703125","0.8359375","17.5390625","19.8828125","16.8828125","8.2734375","1.1484375","4.1171875","0","0","0","0","0","","[]","[]","0","0","0","0","0","0","0","0","0","0","0"
"106","defined by exp-number","36","0","0","36","0","15","50","0 30","1 6","23","south","0.09765625","26.1328125","8.8046875","7.6953125","patrilocal-patrilineal","8","0.0703125","0.8359375","17.5390625","19.8828125","16.8828125","8.2734375","1.1484375","4.1171875","0","0","0","0","0","","[]","[]","0","0","0","0","0","0","0","0","0","0","0"
"107","defined by exp-number","36","1","0","36","1","15","50","0 30","1 6","23","south","0.09765625","26.1328125","8.8046875","7.6953125","patrilocal-patrilineal","8","0.0703125","0.8359375","17.5390625","19.8828125","16.8828125","8.2734375","1.1484375","4.1171875","0","0","0","0","0","","[]","[]","0","0","0","0","0","0","0","0","0","0","0"
"108","defined by exp-number","36","2","0","36","2","15","50","0 30","1 6","23","south","0.09765625","26.1328125","8.8046875","7.6953125","patrilocal-patrilineal","8","0.0703125","0.8359375","17.5390625","19.8828125","16.8828125","8.2734375","1.1484375","4.1171875","0","0","0","0","0","","[]","[]","0","0","0","0","0","0","0","0","0","0","0"
"109","defined by exp-number","37","0","0","37","0","15","50","0 30","1 6","23","south","0.09765625","26.1328125","8.8046875","7.6953125","patrilocal-patrilineal","8","0.0703125","0.8359375","17.5390625","19.8828125","16.8828125","8.2734375","1.1484375","4.1171875","0","0","0","0","0","","[]","[]","0","0","0","0","0","0","0","0","0","0","0"
"111","defined by exp-number","37","2","0","37","2","15","50","0 30","1 6","23","south","0.09765625","26.1328125","8.8046875","7.6953125","patrilocal-patrilineal","8","0.0703125","0.8359375","17.5390625","19.8828125","16.8828125","8.2734375","1.1484375","4.1171875","0","0","0","0","0","","[]","[]","0","0","0","0","0","0","0","0","0","0","0"
"112","defined by exp-number","38","0","0","38","0","15","50","0 30","1 6","23","south","0.09765625","26.1328125","8.8046875","7.6953125","patrilocal-patrilineal","8","0.0703125","0.8359375","17.5390625","19.8828125","16.8828125","8.2734375","1.1484375","4.1171875","0","0","0","0","0","","[]","[]","0","0","0","0","0","0","0","0","0","0","0"
"113","defined by exp-number","38","1","0","38","1","15","50","0 30","1 6","23","south","0.09765625","26.1328125","8.8046875","7.6953125","patrilocal-patrilineal","8","0.0703125","0.8359375","17.5390625","19.8828125","16.8828125","8.2734375","1.1484375","4.1171875","0","0","0","0","0","","[]","[]","0","0","0","0","0","0","0","0","0","0","0"
"114","defined by exp-number","38","2","0","38","2","15","50","0 30","1 6","23","south","0.09765625","26.1328125","8.8046875","7.6953125","patrilocal-patrilineal","8","0.0703125","0.8359375","17.5390625","19.8828125","16.8828125","8.2734375","1.1484375","4.1171875","0","0","0","0","0","","[]","[]","0","0","0","0","0","0","0","0","0","0","0"
"1","defined by exp-number","1","0","0","1","0","15","50","0 30","1 6","23","south","0.09765625","26.1328125","8.8046875","7.6953125","patrilocal-patrilineal","8","0.0703125","0.8359375","17.5390625","19.8828125","16.8828125","8.2734375","1.1484375","4.1171875","0","0","0","0","0","","[]","[]","0","0","0","0","0","0","0","0","0","0","0"
"116","defined by exp-number","39","1","0","39","1","15","50","0 30","1 6","23","south","0.09765625","26.1328125","8.8046875","7.6953125","patrilocal-patrilineal","8","0.0703125","0.8359375","17.5390625","19.8828125","16.8828125","8.2734375","1.1484375","4.1171875","0","0","0","0","0","","[]","[]","0","0","0","0","0","0","0","0","0","0","0"
"115","defined by exp-number","39","0","0","39","0","15","50","0 30","1 6","23","south","0.09765625","26.1328125","8.8046875","7.6953125","patrilocal-patrilineal","8","0.0703125","0.8359375","17.5390625","19.8828125","16.8828125","8.2734375","1.1484375","4.1171875","0","0","0","0","0","","[]","[]","0","0","0","0","0","0","0","0","0","0","0"
"117","defined by exp-number","39","2","0","39","2","15","50","0 30","1 6","23","south","0.09765625","26.1328125","8.8046875","7.6953125","patrilocal-patrilineal","8","0.0703125","0.8359375","17.5390625","19.8828125","16.8828125","8.2734375","1.1484375","4.1171875","0","0","0","0","0","","[]","[]","0","0","0","0","0","0","0","0","0","0","0"
"120","defined by exp-number","40","2","0","40","2","15","50","0 30","1 6","23","south","0.09765625","26.1328125","8.8046875","7.6953125","patrilocal-patrilineal","8","0.0703125","0.8359375","17.5390625","19.8828125","16.8828125","8.2734375","1.1484375","4.1171875","0","0","0","0","0","","[]","[]","0","0","0","0","0","0","0","0","0","0","0"
"118","defined by exp-number","40","0","0","40","0","15","50","0 30","1 6","23","south","0.09765625","26.1328125","8.8046875","7.6953125","patrilocal-patrilineal","8","0.0703125","0.8359375","17.5390625","19.8828125","16.8828125","8.2734375","1.1484375","4.1171875","0","0","0","0","0","","[]","[]","0","0","0","0","0","0","0","0","0","0","0"
"121","defined by exp-number","41","0","0","41","0","15","50","0 30","1 6","23","south","0.09765625","26.1328125","8.8046875","7.6953125","patrilocal-patrilineal","8","0.0703125","0.8359375","17.5390625","19.8828125","16.8828125","8.2734375","1.1484375","4.1171875","0","0","0","0","0","","[]","[]","0","0","0","0","0","0","0","0","0","0","0"
"123","defined by exp-number","41","2","0","41","2","15","50","0 30","1 6","23","south","0.09765625","26.1328125","8.8046875","7.6953125","patrilocal-patrilineal","8","0.0703125","0.8359375","17.5390625","19.8828125","16.8828125","8.2734375","1.1484375","4.1171875","0","0","0","0","0","","[]","[]","0","0","0","0","0","0","0","0","0","0","0"
"122","defined by exp-number","41","1","0","41","1","15","50","0 30","1 6","23","south","0.09765625","26.1328125","8.8046875","7.6953125","patrilocal-patrilineal","8","0.0703125","0.8359375","17.5390625","19.8828125","16.8828125","8.2734375","1.1484375","4.1171875","0","0","0","0","0","","[]","[]","0","0","0","0","0","0","0","0","0","0","0"
"124","defined by exp-number","42","0","0","42","0","15","50","0 30","1 6","23","south","0.09765625","26.1328125","8.8046875","7.6953125","patrilocal-patrilineal","8","0.0703125","0.8359375","17.5390625","19.8828125","16.8828125","8.2734375","1.1484375","4.1171875","0","0","0","0","0","","[]","[]","0","0","0","0","0","0","0","0","0","0","0"
"125","defined by exp-number","42","1","0","42","1","15","50","0 30","1 6","23","south","0.09765625","26.1328125","8.8046875","7.6953125","patrilocal-patrilineal","8","0.0703125","0.8359375","17.5390625","19.8828125","16.8828125","8.2734375","1.1484375","4.1171875","0","0","0","0","0","","[]","[]","0","0","0","0","0","0","0","0","0","0","0"
"128","defined by exp-number","43","1","0","43","1","15","50","0 30","1 6","23","south","0.09765625","26.1328125","8.8046875","7.6953125","patrilocal-patrilineal","8","0.0703125","0.8359375","17.5390625","19.8828125","16.8828125","8.2734375","1.1484375","4.1171875","0","0","0","0","0","","[]","[]","0","0","0","0","0","0","0","0","0","0","0"
"127","defined by exp-number","43","0","0","43","0","15","50","0 30","1 6","23","south","0.09765625","26.1328125","8.8046875","7.6953125","patrilocal-patrilineal","8","0.0703125","0.8359375","17.5390625","19.8828125","16.8828125","8.2734375","1.1484375","4.1171875","0","0","0","0","0","","[]","[]","0","0","0","0","0","0","0","0","0","0","0"
"126","defined by exp-number","42","2","0","42","2","15","50","0 30","1 6","23","south","0.09765625","26.1328125","8.8046875","7.6953125","patrilocal-patrilineal","8","0.0703125","0.8359375","17.5390625","19.8828125","16.8828125","8.2734375","1.1484375","4.1171875","0","0","0","0","0","","[]","[]","0","0","0","0","0","0","0","0","0","0","0"
"130","defined by exp-number","44","0","0","44","0","15","50","0 30","1 6","23","south","0.09765625","26.1328125","8.8046875","7.6953125","patrilocal-patrilineal","8","0.0703125","0.8359375","17.5390625","19.8828125","16.8828125","8.2734375","1.1484375","4.1171875","0","0","0","0","0","","[]","[]","0","0","0","0","0","0","0","0","0","0","0"
"131","defined by exp-number","44","1","0","44","1","15","50","0 30","1 6","23","south","0.09765625","26.1328125","8.8046875","7.6953125","patrilocal-patrilineal","8","0.0703125","0.8359375","17.5390625","19.8828125","16.8828125","8.2734375","1.1484375","4.1171875","0","0","0","0","0","","[]","[]","0","0","0","0","0","0","0","0","0","0","0"
"110","defined by exp-number","37","1","0","37","1","15","50","0 30","1 6","23","south","0.09765625","26.1328125","8.8046875","7.6953125","patrilocal-patrilineal","8","0.0703125","0.8359375","17.5390625","19.8828125","16.8828125","8.2734375","1.1484375","4.1171875","0","0","0","0","0","","[]","[]","0","0","0","0","0","0","0","0","0","0","0"
"132","defined by exp-number","44","2","0","44","2","15","50","0 30","1 6","23","south","0.09765625","26.1328125","8.8046875","7.6953125","patrilocal-patrilineal","8","0.0703125","0.8359375","17.5390625","19.8828125","16.8828125","8.2734375","1.1484375","4.1171875","0","0","0","0","0","","[]","[]","0","0","0","0","0","0","0","0","0","0","0"
"133","defined by exp-number","45","0","0","45","0","15","50","0 30","1 6","23","south","0.09765625","26.1328125","8.8046875","7.6953125","patrilocal-patrilineal","8","0.0703125","0.8359375","17.5390625","19.8828125","16.8828125","8.2734375","1.1484375","4.1171875","0","0","0","0","0","","[]","[]","0","0","0","0","0","0","0","0","0","0","0"
"134","defined by exp-number","45","1","0","45","1","15","50","0 30","1 6","23","south","0.09765625","26.1328125","8.8046875","7.6953125","patrilocal-patrilineal","8","0.0703125","0.8359375","17.5390625","19.8828125","16.8828125","8.2734375","1.1484375","4.1171875","0","0","0","0","0","","[]","[]","0","0","0","0","0","0","0","0","0","0","0"
"135","defined by exp-number","45","2","0","45","2","15","50","0 30","1 6","23","south","0.09765625","26.1328125","8.8046875","7.6953125","patrilocal-patrilineal","8","0.0703125","0.8359375","17.5390625","19.8828125","16.8828125","8.2734375","1.1484375","4.1171875","0","0","0","0","0","","[]","[]","0","0","0","0","0","0","0","0","0","0","0"
"119","defined by exp-number","40","1","0","40","1","15","50","0 30","1 6","23","south","0.09765625","26.1328125","8.8046875","7.6953125","patrilocal-patrilineal","8","0.0703125","0.8359375","17.5390625","19.8828125","16.8828125","8.2734375","1.1484375","4.1171875","0","0","0","0","0","","[]","[]","0","0","0","0","0","0","0","0","0","0","0"
"136","defined by exp-number","46","0","0","46","0","15","50","0 30","1 6","23","south","0.09765625","26.1328125","8.8046875","7.6953125","patrilocal-patrilineal","8","0.0703125","0.8359375","17.5390625","19.8828125","16.8828125","8.2734375","1.1484375","4.1171875","0","0","0","0","0","","[]","[]","0","0","0","0","0","0","0","0","0","0","0"
"137","defined by exp-number","46","1","0","46","1","15","50","0 30","1 6","23","south","0.09765625","26.1328125","8.8046875","7.6953125","patrilocal-patrilineal","8","0.0703125","0.8359375","17.5390625","19.8828125","16.8828125","8.2734375","1.1484375","4.1171875","0","0","0","0","0","","[]","[]","0","0","0","0","0","0","0","0","0","0","0"
"138","defined by exp-number","46","2","0","46","2","15","50","0 30","1 6","23","south","0.09765625","26.1328125","8.8046875","7.6953125","patrilocal-patrilineal","8","0.0703125","0.8359375","17.5390625","19.8828125","16.8828125","8.2734375","1.1484375","4.1171875","0","0","0","0","0","","[]","[]","0","0","0","0","0","0","0","0","0","0","0"
"141","defined by exp-number","47","2","0","47","2","15","50","0 30","1 6","23","south","0.09765625","26.1328125","8.8046875","7.6953125","patrilocal-patrilineal","8","0.0703125","0.8359375","17.5390625","19.8828125","16.8828125","8.2734375","1.1484375","4.1171875","0","0","0","0","0","","[]","[]","0","0","0","0","0","0","0","0","0","0","0"
"140","defined by exp-number","47","1","0","47","1","15","50","0 30","1 6","23","south","0.09765625","26.1328125","8.8046875","7.6953125","patrilocal-patrilineal","8","0.0703125","0.8359375","17.5390625","19.8828125","16.8828125","8.2734375","1.1484375","4.1171875","0","0","0","0","0","","[]","[]","0","0","0","0","0","0","0","0","0","0","0"
"142","defined by exp-number","48","0","0","48","0","15","50","0 30","1 6","23","south","0.09765625","26.1328125","8.8046875","7.6953125","patrilocal-patrilineal","8","0.0703125","0.8359375","17.5390625","19.8828125","16.8828125","8.2734375","1.1484375","4.1171875","0","0","0","0","0","","[]","[]","0","0","0","0","0","0","0","0","0","0","0"
"139","defined by exp-number","47","0","0","47","0","15","50","0 30","1 6","23","south","0.09765625","26.1328125","8.8046875","7.6953125","patrilocal-patrilineal","8","0.0703125","0.8359375","17.5390625","19.8828125","16.8828125","8.2734375","1.1484375","4.1171875","0","0","0","0","0","","[]","[]","0","0","0","0","0","0","0","0","0","0","0"
"143","defined by exp-number","48","1","0","48","1","15","50","0 30","1 6","23","south","0.09765625","26.1328125","8.8046875","7.6953125","patrilocal-patrilineal","8","0.0703125","0.8359375","17.5390625","19.8828125","16.8828125","8.2734375","1.1484375","4.1171875","0","0","0","0","0","","[]","[]","0","0","0","0","0","0","0","0","0","0","0"
"145","defined by exp-number","49","0","0","49","0","15","50","0 30","1 6","23","south","0.09765625","26.1328125","8.8046875","7.6953125","patrilocal-patrilineal","8","0.0703125","0.8359375","17.5390625","19.8828125","16.8828125","8.2734375","1.1484375","4.1171875","0","0","0","0","0","","[]","[]","0","0","0","0","0","0","0","0","0","0","0"
"104","defined by exp-number","35","1","0","35","1","15","50","0 30","1 6","23","south","0.09765625","26.1328125","8.8046875","7.6953125","patrilocal-patrilineal","8","0.0703125","0.8359375","17.5390625","19.8828125","16.8828125","8.2734375","1.1484375","4.1171875","0","0","0","0","0","","[]","[]","0","0","0","0","0","0","0","0","0","0","0"
"144","defined by exp-number","48","2","0","48","2","15","50","0 30","1 6","23","south","0.09765625","26.1328125","8.8046875","7.6953125","patrilocal-patrilineal","8","0.0703125","0.8359375","17.5390625","19.8828125","16.8828125","8.2734375","1.1484375","4.1171875","0","0","0","0","0","","[]","[]","0","0","0","0","0","0","0","0","0","0","0"
"147","defined by exp-number","49","2","0","49","2","15","50","0 30","1 6","23","south","0.09765625","26.1328125","8.8046875","7.6953125","patrilocal-patrilineal","8","0.0703125","0.8359375","17.5390625","19.8828125","16.8828125","8.2734375","1.1484375","4.1171875","0","0","0","0","0","","[]","[]","0","0","0","0","0","0","0","0","0","0","0"
"148","defined by exp-number","50","0","0","50","0","15","50","0 30","1 6","23","south","0.09765625","26.1328125","8.8046875","7.6953125","patrilocal-patrilineal","8","0.0703125","0.8359375","17.5390625","19.8828125","16.8828125","8.2734375","1.1484375","4.1171875","0","0","0","0","0","","[]","[]","0","0","0","0","0","0","0","0","0","0","0"
"149","defined by exp-number","50","1","0","50","1","15","50","0 30","1 6","23","south","0.09765625","26.1328125","8.8046875","7.6953125","patrilocal-patrilineal","8","0.0703125","0.8359375","17.5390625","19.8828125","16.8828125","8.2734375","1.1484375","4.1171875","0","0","0","0","0","","[]","[]","0","0","0","0","0","0","0","0","0","0","0"
"150","defined by exp-number","50","2","0","50","2","15","50","0 30","1 6","23","south","0.09765625","26.1328125","8.8046875","7.6953125","patrilocal-patrilineal","8","0.0703125","0.8359375","17.5390625","19.8828125","16.8828125","8.2734375","1.1484375","4.1171875","0","0","0","0","0","","[]","[]","0","0","0","0","0","0","0","0","0","0","0"
"151","defined by exp-number","51","0","0","51","0","15","50","0 30","1 6","23","south","0.09765625","26.1328125","8.8046875","7.6953125","patrilocal-patrilineal","8","0.0703125","0.8359375","17.5390625","19.8828125","16.8828125","8.2734375","1.1484375","4.1171875","0","0","0","0","0","","[]","[]","0","0","0","0","0","0","0","0","0","0","0"
"152","defined by exp-number","51","1","0","51","1","15","50","0 30","1 6","23","south","0.09765625","26.1328125","8.8046875","7.6953125","patrilocal-patrilineal","8","0.0703125","0.8359375","17.5390625","19.8828125","16.8828125","8.2734375","1.1484375","4.1171875","0","0","0","0","0","","[]","[]","0","0","0","0","0","0","0","0","0","0","0"
"153","defined by exp-number","51","2","0","51","2","15","50","0 30","1 6","23","south","0.09765625","26.1328125","8.8046875","7.6953125","patrilocal-patrilineal","8","0.0703125","0.8359375","17.5390625","19.8828125","16.8828125","8.2734375","1.1484375","4.1171875","0","0","0","0","0","","[]","[]","0","0","0","0","0","0","0","0","0","0","0"
"154","defined by exp-number","52","0","0","52","0","15","50","0 30","1 6","23","south","0.09765625","26.1328125","8.8046875","7.6953125","patrilocal-patrilineal","8","0.0703125","0.8359375","17.5390625","19.8828125","16.8828125","8.2734375","1.1484375","4.1171875","0","0","0","0","0","","[]","[]","0","0","0","0","0","0","0","0","0","0","0"
"155","defined by exp-number","52","1","0","52","1","15","50","0 30","1 6","23","south","0.09765625","26.1328125","8.8046875","7.6953125","patrilocal-patrilineal","8","0.0703125","0.8359375","17.5390625","19.8828125","16.8828125","8.2734375","1.1484375","4.1171875","0","0","0","0","0","","[]","[]","0","0","0","0","0","0","0","0","0","0","0"
"156","defined by exp-number","52","2","0","52","2","15","50","0 30","1 6","23","south","0.09765625","26.1328125","8.8046875","7.6953125","patrilocal-patrilineal","8","0.0703125","0.8359375","17.5390625","19.8828125","16.8828125","8.2734375","1.1484375","4.1171875","0","0","0","0","0","","[]","[]","0","0","0","0","0","0","0","0","0","0","0"
"129","defined by exp-number","43","2","0","43","2","15","50","0 30","1 6","23","south","0.09765625","26.1328125","8.8046875","7.6953125","patrilocal-patrilineal","8","0.0703125","0.8359375","17.5390625","19.8828125","16.8828125","8.2734375","1.1484375","4.1171875","0","0","0","0","0","","[]","[]","0","0","0","0","0","0","0","0","0","0","0"
"158","defined by exp-number","53","1","0","53","1","15","50","0 30","1 6","23","south","0.09765625","26.1328125","8.8046875","7.6953125","patrilocal-patrilineal","8","0.0703125","0.8359375","17.5390625","19.8828125","16.8828125","8.2734375","1.1484375","4.1171875","0","0","0","0","0","","[]","[]","0","0","0","0","0","0","0","0","0","0","0"
"157","defined by exp-number","53","0","0","53","0","15","50","0 30","1 6","23","south","0.09765625","26.1328125","8.8046875","7.6953125","patrilocal-patrilineal","8","0.0703125","0.8359375","17.5390625","19.8828125","16.8828125","8.2734375","1.1484375","4.1171875","0","0","0","0","0","","[]","[]","0","0","0","0","0","0","0","0","0","0","0"
"159","defined by exp-number","53","2","0","53","2","15","50","0 30","1 6","23","south","0.09765625","26.1328125","8.8046875","7.6953125","patrilocal-patrilineal","8","0.0703125","0.8359375","17.5390625","19.8828125","16.8828125","8.2734375","1.1484375","4.1171875","0","0","0","0","0","","[]","[]","0","0","0","0","0","0","0","0","0","0","0"
"161","defined by exp-number","54","1","0","54","1","15","50","0 30","1 6","23","south","0.09765625","26.1328125","8.8046875","7.6953125","patrilocal-patrilineal","8","0.0703125","0.8359375","17.5390625","19.8828125","16.8828125","8.2734375","1.1484375","4.1171875","0","0","0","0","0","","[]","[]","0","0","0","0","0","0","0","0","0","0","0"
"162","defined by exp-number","54","2","0","54","2","15","50","0 30","1 6","23","south","0.09765625","26.1328125","8.8046875","7.6953125","patrilocal-patrilineal","8","0.0703125","0.8359375","17.5390625","19.8828125","16.8828125","8.2734375","1.1484375","4.1171875","0","0","0","0","0","","[]","[]","0","0","0","0","0","0","0","0","0","0","0"
"160","defined by exp-number","54","0","0","54","0","15","50","0 30","1 6","23","south","0.09765625","26.1328125","8.8046875","7.6953125","patrilocal-patrilineal","8","0.0703125","0.8359375","17.5390625","19.8828125","16.8828125","8.2734375","1.1484375","4.1171875","0","0","0","0","0","","[]","[]","0","0","0","0","0","0","0","0","0","0","0"
"163","defined by exp-number","55","0","0","55","0","15","50","0 30","1 6","23","south","0.09765625","26.1328125","8.8046875","7.6953125","patrilocal-patrilineal","8","0.0703125","0.8359375","17.5390625","19.8828125","16.8828125","8.2734375","1.1484375","4.1171875","0","0","0","0","0","","[]","[]","0","0","0","0","0","0","0","0","0","0","0"
"165","defined by exp-number","55","2","0","55","2","15","50","0 30","1 6","23","south","0.09765625","26.1328125","8.8046875","7.6953125","patrilocal-patrilineal","8","0.0703125","0.8359375","17.5390625","19.8828125","16.8828125","8.2734375","1.1484375","4.1171875","0","0","0","0","0","","[]","[]","0","0","0","0","0","0","0","0","0","0","0"
"164","defined by exp-number","55","1","0","55","1","15","50","0 30","1 6","23","south","0.09765625","26.1328125","8.8046875","7.6953125","patrilocal-patrilineal","8","0.0703125","0.8359375","17.5390625","19.8828125","16.8828125","8.2734375","1.1484375","4.1171875","0","0","0","0","0","","[]","[]","0","0","0","0","0","0","0","0","0","0","0"
"167","defined by exp-number","56","1","0","56","1","15","50","0 30","1 6","23","south","0.09765625","26.1328125","8.8046875","7.6953125","patrilocal-patrilineal","8","0.0703125","0.8359375","17.5390625","19.8828125","16.8828125","8.2734375","1.1484375","4.1171875","0","0","0","0","0","","[]","[]","0","0","0","0","0","0","0","0","0","0","0"
"166","defined by exp-number","56","0","0","56","0","15","50","0 30","1 6","23","south","0.09765625","26.1328125","8.8046875","7.6953125","patrilocal-patrilineal","8","0.0703125","0.8359375","17.5390625","19.8828125","16.8828125","8.2734375","1.1484375","4.1171875","0","0","0","0","0","","[]","[]","0","0","0","0","0","0","0","0","0","0","0"
"168","defined by exp-number","56","2","0","56","2","15","50","0 30","1 6","23","south","0.09765625","26.1328125","8.8046875","7.6953125","patrilocal-patrilineal","8","0.0703125","0.8359375","17.5390625","19.8828125","16.8828125","8.2734375","1.1484375","4.1171875","0","0","0","0","0","","[]","[]","0","0","0","0","0","0","0","0","0","0","0"
"170","defined by exp-number","57","1","0","57","1","15","50","0 30","1 6","23","south","0.09765625","26.1328125","8.8046875","7.6953125","patrilocal-patrilineal","8","0.0703125","0.8359375","17.5390625","19.8828125","16.8828125","8.2734375","1.1484375","4.1171875","0","0","0","0","0","","[]","[]","0","0","0","0","0","0","0","0","0","0","0"
"171","defined by exp-number","57","2","0","57","2","15","50","0 30","1 6","23","south","0.09765625","26.1328125","8.8046875","7.6953125","patrilocal-patrilineal","8","0.0703125","0.8359375","17.5390625","19.8828125","16.8828125","8.2734375","1.1484375","4.1171875","0","0","0","0","0","","[]","[]","0","0","0","0","0","0","0","0","0","0","0"
"172","defined by exp-number","58","0","0","58","0","15","50","0 30","1 6","23","south","0.09765625","26.1328125","8.8046875","7.6953125","patrilocal-patrilineal","8","0.0703125","0.8359375","17.5390625","19.8828125","16.8828125","8.2734375","1.1484375","4.1171875","0","0","0","0","0","","[]","[]","0","0","0","0","0","0","0","0","0","0","0"
"169","defined by exp-number","57","0","0","57","0","15","50","0 30","1 6","23","south","0.09765625","26.1328125","8.8046875","7.6953125","patrilocal-patrilineal","8","0.0703125","0.8359375","17.5390625","19.8828125","16.8828125","8.2734375","1.1484375","4.1171875","0","0","0","0","0","","[]","[]","0","0","0","0","0","0","0","0","0","0","0"
"173","defined by exp-number","58","1","0","58","1","15","50","0 30","1 6","23","south","0.09765625","26.1328125","8.8046875","7.6953125","patrilocal-patrilineal","8","0.0703125","0.8359375","17.5390625","19.8828125","16.8828125","8.2734375","1.1484375","4.1171875","0","0","0","0","0","","[]","[]","0","0","0","0","0","0","0","0","0","0","0"
"175","defined by exp-number","59","0","0","59","0","15","50","0 30","1 6","23","south","0.09765625","26.1328125","8.8046875","7.6953125","patrilocal-patrilineal","8","0.0703125","0.8359375","17.5390625","19.8828125","16.8828125","8.2734375","1.1484375","4.1171875","0","0","0","0","0","","[]","[]","0","0","0","0","0","0","0","0","0","0","0"
"174","defined by exp-number","58","2","0","58","2","15","50","0 30","1 6","23","south","0.09765625","26.1328125","8.8046875","7.6953125","patrilocal-patrilineal","8","0.0703125","0.8359375","17.5390625","19.8828125","16.8828125","8.2734375","1.1484375","4.1171875","0","0","0","0","0","","[]","[]","0","0","0","0","0","0","0","0","0","0","0"
"177","defined by exp-number","59","2","0","59","2","15","50","0 30","1 6","23","south","0.09765625","26.1328125","8.8046875","7.6953125","patrilocal-patrilineal","8","0.0703125","0.8359375","17.5390625","19.8828125","16.8828125","8.2734375","1.1484375","4.1171875","0","0","0","0","0","","[]","[]","0","0","0","0","0","0","0","0","0","0","0"
"176","defined by exp-number","59","1","0","59","1","15","50","0 30","1 6","23","south","0.09765625","26.1328125","8.8046875","7.6953125","patrilocal-patrilineal","8","0.0703125","0.8359375","17.5390625","19.8828125","16.8828125","8.2734375","1.1484375","4.1171875","0","0","0","0","0","","[]","[]","0","0","0","0","0","0","0","0","0","0","0"
"178","defined by exp-number","60","0","0","60","0","15","50","0 30","1 6","23","south","0.09765625","26.1328125","8.8046875","7.6953125","patrilocal-patrilineal","8","0.0703125","0.8359375","17.5390625","19.8828125","16.8828125","8.2734375","1.1484375","4.1171875","0","0","0","0","0","","[]","[]","0","0","0","0","0","0","0","0","0","0","0"
"179","defined by exp-number","60","1","0","60","1","15","50","0 30","1 6","23","south","0.09765625","26.1328125","8.8046875","7.6953125","patrilocal-patrilineal","8","0.0703125","0.8359375","17.5390625","19.8828125","16.8828125","8.2734375","1.1484375","4.1171875","0","0","0","0","0","","[]","[]","0","0","0","0","0","0","0","0","0","0","0"
"182","defined by exp-number","61","1","0","61","1","15","50","0 30","1 6","23","south","0.09765625","26.1328125","8.8046875","7.6953125","patrilocal-patrilineal","8","0.0703125","0.8359375","17.5390625","19.8828125","16.8828125","8.2734375","1.1484375","4.1171875","0","0","0","0","0","","[]","[]","0","0","0","0","0","0","0","0","0","0","0"
"180","defined by exp-number","60","2","0","60","2","15","50","0 30","1 6","23","south","0.09765625","26.1328125","8.8046875","7.6953125","patrilocal-patrilineal","8","0.0703125","0.8359375","17.5390625","19.8828125","16.8828125","8.2734375","1.1484375","4.1171875","0","0","0","0","0","","[]","[]","0","0","0","0","0","0","0","0","0","0","0"
"181","defined by exp-number","61","0","0","61","0","15","50","0 30","1 6","23","south","0.09765625","26.1328125","8.8046875","7.6953125","patrilocal-patrilineal","8","0.0703125","0.8359375","17.5390625","19.8828125","16.8828125","8.2734375","1.1484375","4.1171875","0","0","0","0","0","","[]","[]","0","0","0","0","0","0","0","0","0","0","0"
"183","defined by exp-number","61","2","0","61","2","15","50","0 30","1 6","23","south","0.09765625","26.1328125","8.8046875","7.6953125","patrilocal-patrilineal","8","0.0703125","0.8359375","17.5390625","19.8828125","16.8828125","8.2734375","1.1484375","4.1171875","0","0","0","0","0","","[]","[]","0","0","0","0","0","0","0","0","0","0","0"
"186","defined by exp-number","62","2","0","62","2","15","50","0 30","1 6","23","south","0.09765625","26.1328125","8.8046875","7.6953125","patrilocal-patrilineal","8","0.0703125","0.8359375","17.5390625","19.8828125","16.8828125","8.2734375","1.1484375","4.1171875","0","0","0","0","0","","[]","[]","0","0","0","0","0","0","0","0","0","0","0"
"184","defined by exp-number","62","0","0","62","0","15","50","0 30","1 6","23","south","0.09765625","26.1328125","8.8046875","7.6953125","patrilocal-patrilineal","8","0.0703125","0.8359375","17.5390625","19.8828125","16.8828125","8.2734375","1.1484375","4.1171875","0","0","0","0","0","","[]","[]","0","0","0","0","0","0","0","0","0","0","0"
"187","defined by exp-number","63","0","0","63","0","15","50","0 30","1 6","23","south","0.09765625","26.1328125","8.8046875","7.6953125","patrilocal-patrilineal","8","0.0703125","0.8359375","17.5390625","19.8828125","16.8828125","8.2734375","1.1484375","4.1171875","0","0","0","0","0","","[]","[]","0","0","0","0","0","0","0","0","0","0","0"
"185","defined by exp-number","62","1","0","62","1","15","50","0 30","1 6","23","south","0.09765625","26.1328125","8.8046875","7.6953125","patrilocal-patrilineal","8","0.0703125","0.8359375","17.5390625","19.8828125","16.8828125","8.2734375","1.1484375","4.1171875","0","0","0","0","0","","[]","[]","0","0","0","0","0","0","0","0","0","0","0"
"188","defined by exp-number","63","1","0","63","1","15","50","0 30","1 6","23","south","0.09765625","26.1328125","8.8046875","7.6953125","patrilocal-patrilineal","8","0.0703125","0.8359375","17.5390625","19.8828125","16.8828125","8.2734375","1.1484375","4.1171875","0","0","0","0","0","","[]","[]","0","0","0","0","0","0","0","0","0","0","0"
"189","defined by exp-number","63","2","0","63","2","15","50","0 30","1 6","23","south","0.09765625","26.1328125","8.8046875","7.6953125","patrilocal-patrilineal","8","0.0703125","0.8359375","17.5390625","19.8828125","16.8828125","8.2734375","1.1484375","4.1171875","0","0","0","0","0","","[]","[]","0","0","0","0","0","0","0","0","0","0","0"
"190","defined by exp-number","64","0","0","64","0","15","50","0 30","1 6","23","south","0.09765625","26.1328125","8.8046875","7.6953125","patrilocal-patrilineal","8","0.0703125","0.8359375","17.5390625","19.8828125","16.8828125","8.2734375","1.1484375","4.1171875","0","0","0","0","0","","[]","[]","0","0","0","0","0","0","0","0","0","0","0"
"192","defined by exp-number","64","2","0","64","2","15","50","0 30","1 6","23","south","0.09765625","26.1328125","8.8046875","7.6953125","patrilocal-patrilineal","8","0.0703125","0.8359375","17.5390625","19.8828125","16.8828125","8.2734375","1.1484375","4.1171875","0","0","0","0","0","","[]","[]","0","0","0","0","0","0","0","0","0","0","0"
"193","defined by exp-number","65","0","0","65","0","15","50","0 30","1 6","23","south","0.09765625","26.1328125","8.8046875","7.6953125","patrilocal-patrilineal","8","0.0703125","0.8359375","17.5390625","19.8828125","16.8828125","8.2734375","1.1484375","4.1171875","0","0","0","0","0","","[]","[]","0","0","0","0","0","0","0","0","0","0","0"
"191","defined by exp-number","64","1","0","64","1","15","50","0 30","1 6","23","south","0.09765625","26.1328125","8.8046875","7.6953125","patrilocal-patrilineal","8","0.0703125","0.8359375","17.5390625","19.8828125","16.8828125","8.2734375","1.1484375","4.1171875","0","0","0","0","0","","[]","[]","0","0","0","0","0","0","0","0","0","0","0"
"194","defined by exp-number","65","1","0","65","1","15","50","0 30","1 6","23","south","0.09765625","26.1328125","8.8046875","7.6953125","patrilocal-patrilineal","8","0.0703125","0.8359375","17.5390625","19.8828125","16.8828125","8.2734375","1.1484375","4.1171875","0","0","0","0","0","","[]","[]","0","0","0","0","0","0","0","0","0","0","0"
"146","defined by exp-number","49","1","0","49","1","15","50","0 30","1 6","23","south","0.09765625","26.1328125","8.8046875","7.6953125","patrilocal-patrilineal","8","0.0703125","0.8359375","17.5390625","19.8828125","16.8828125","8.2734375","1.1484375","4.1171875","0","0","0","0","0","","[]","[]","0","0","0","0","0","0","0","0","0","0","0"
"196","defined by exp-number","66","0","0","66","0","15","50","0 30","1 6","23","south","0.09765625","26.1328125","8.8046875","7.6953125","patrilocal-patrilineal","8","0.0703125","0.8359375","17.5390625","19.8828125","16.8828125","8.2734375","1.1484375","4.1171875","0","0","0","0","0","","[]","[]","0","0","0","0","0","0","0","0","0","0","0"
"197","defined by exp-number","66","1","0","66","1","15","50","0 30","1 6","23","south","0.09765625","26.1328125","8.8046875","7.6953125","patrilocal-patrilineal","8","0.0703125","0.8359375","17.5390625","19.8828125","16.8828125","8.2734375","1.1484375","4.1171875","0","0","0","0","0","","[]","[]","0","0","0","0","0","0","0","0","0","0","0"
"198","defined by exp-number","66","2","0","66","2","15","50","0 30","1 6","23","south","0.09765625","26.1328125","8.8046875","7.6953125","patrilocal-patrilineal","8","0.0703125","0.8359375","17.5390625","19.8828125","16.8828125","8.2734375","1.1484375","4.1171875","0","0","0","0","0","","[]","[]","0","0","0","0","0","0","0","0","0","0","0"
"195","defined by exp-number","65","2","0","65","2","15","50","0 30","1 6","23","south","0.09765625","26.1328125","8.8046875","7.6953125","patrilocal-patrilineal","8","0.0703125","0.8359375","17.5390625","19.8828125","16.8828125","8.2734375","1.1484375","4.1171875","0","0","0","0","0","","[]","[]","0","0","0","0","0","0","0","0","0","0","0"
"203","defined by exp-number","68","1","0","68","1","15","50","0 30","1 6","23","south","0.09765625","26.1328125","8.8046875","7.6953125","patrilocal-patrilineal","8","0.0703125","0.8359375","17.5390625","19.8828125","16.8828125","8.2734375","1.1484375","4.1171875","0","0","0","0","0","","[]","[]","0","0","0","0","0","0","0","0","0","0","0"
"202","defined by exp-number","68","0","0","68","0","15","50","0 30","1 6","23","south","0.09765625","26.1328125","8.8046875","7.6953125","patrilocal-patrilineal","8","0.0703125","0.8359375","17.5390625","19.8828125","16.8828125","8.2734375","1.1484375","4.1171875","0","0","0","0","0","","[]","[]","0","0","0","0","0","0","0","0","0","0","0"
"201","defined by exp-number","67","2","0","67","2","15","50","0 30","1 6","23","south","0.09765625","26.1328125","8.8046875","7.6953125","patrilocal-patrilineal","8","0.0703125","0.8359375","17.5390625","19.8828125","16.8828125","8.2734375","1.1484375","4.1171875","0","0","0","0","0","","[]","[]","0","0","0","0","0","0","0","0","0","0","0"
"204","defined by exp-number","68","2","0","68","2","15","50","0 30","1 6","23","south","0.09765625","26.1328125","8.8046875","7.6953125","patrilocal-patrilineal","8","0.0703125","0.8359375","17.5390625","19.8828125","16.8828125","8.2734375","1.1484375","4.1171875","0","0","0","0","0","","[]","[]","0","0","0","0","0","0","0","0","0","0","0"
"206","defined by exp-number","69","1","0","69","1","15","50","0 30","1 6","23","south","0.09765625","26.1328125","8.8046875","7.6953125","patrilocal-patrilineal","8","0.0703125","0.8359375","17.5390625","19.8828125","16.8828125","8.2734375","1.1484375","4.1171875","0","0","0","0","0","","[]","[]","0","0","0","0","0","0","0","0","0","0","0"
"205","defined by exp-number","69","0","0","69","0","15","50","0 30","1 6","23","south","0.09765625","26.1328125","8.8046875","7.6953125","patrilocal-patrilineal","8","0.0703125","0.8359375","17.5390625","19.8828125","16.8828125","8.2734375","1.1484375","4.1171875","0","0","0","0","0","","[]","[]","0","0","0","0","0","0","0","0","0","0","0"
"207","defined by exp-number","69","2","0","69","2","15","50","0 30","1 6","23","south","0.09765625","26.1328125","8.8046875","7.6953125","patrilocal-patrilineal","8","0.0703125","0.8359375","17.5390625","19.8828125","16.8828125","8.2734375","1.1484375","4.1171875","0","0","0","0","0","","[]","[]","0","0","0","0","0","0","0","0","0","0","0"
"208","defined by exp-number","70","0","0","70","0","15","50","0 30","1 6","23","south","0.09765625","26.1328125","8.8046875","7.6953125","patrilocal-patrilineal","8","0.0703125","0.8359375","17.5390625","19.8828125","16.8828125","8.2734375","1.1484375","4.1171875","0","0","0","0","0","","[]","[]","0","0","0","0","0","0","0","0","0","0","0"
"210","defined by exp-number","70","2","0","70","2","15","50","0 30","1 6","23","south","0.09765625","26.1328125","8.8046875","7.6953125","patrilocal-patrilineal","8","0.0703125","0.8359375","17.5390625","19.8828125","16.8828125","8.2734375","1.1484375","4.1171875","0","0","0","0","0","","[]","[]","0","0","0","0","0","0","0","0","0","0","0"
"209","defined by exp-number","70","1","0","70","1","15","50","0 30","1 6","23","south","0.09765625","26.1328125","8.8046875","7.6953125","patrilocal-patrilineal","8","0.0703125","0.8359375","17.5390625","19.8828125","16.8828125","8.2734375","1.1484375","4.1171875","0","0","0","0","0","","[]","[]","0","0","0","0","0","0","0","0","0","0","0"
"211","defined by exp-number","71","0","0","71","0","15","50","0 30","1 6","23","south","0.09765625","26.1328125","8.8046875","7.6953125","patrilocal-patrilineal","8","0.0703125","0.8359375","17.5390625","19.8828125","16.8828125","8.2734375","1.1484375","4.1171875","0","0","0","0","0","","[]","[]","0","0","0","0","0","0","0","0","0","0","0"
"213","defined by exp-number","71","2","0","71","2","15","50","0 30","1 6","23","south","0.09765625","26.1328125","8.8046875","7.6953125","patrilocal-patrilineal","8","0.0703125","0.8359375","17.5390625","19.8828125","16.8828125","8.2734375","1.1484375","4.1171875","0","0","0","0","0","","[]","[]","0","0","0","0","0","0","0","0","0","0","0"
"212","defined by exp-number","71","1","0","71","1","15","50","0 30","1 6","23","south","0.09765625","26.1328125","8.8046875","7.6953125","patrilocal-patrilineal","8","0.0703125","0.8359375","17.5390625","19.8828125","16.8828125","8.2734375","1.1484375","4.1171875","0","0","0","0","0","","[]","[]","0","0","0","0","0","0","0","0","0","0","0"
"215","defined by exp-number","72","1","0","72","1","15","50","0 30","1 6","23","south","0.09765625","26.1328125","8.8046875","7.6953125","patrilocal-patrilineal","8","0.0703125","0.8359375","17.5390625","19.8828125","16.8828125","8.2734375","1.1484375","4.1171875","0","0","0","0","0","","[]","[]","0","0","0","0","0","0","0","0","0","0","0"
"214","defined by exp-number","72","0","0","72","0","15","50","0 30","1 6","23","south","0.09765625","26.1328125","8.8046875","7.6953125","patrilocal-patrilineal","8","0.0703125","0.8359375","17.5390625","19.8828125","16.8828125","8.2734375","1.1484375","4.1171875","0","0","0","0","0","","[]","[]","0","0","0","0","0","0","0","0","0","0","0"
"216","defined by exp-number","72","2","0","72","2","15","50","0 30","1 6","23","south","0.09765625","26.1328125","8.8046875","7.6953125","patrilocal-patrilineal","8","0.0703125","0.8359375","17.5390625","19.8828125","16.8828125","8.2734375","1.1484375","4.1171875","0","0","0","0","0","","[]","[]","0","0","0","0","0","0","0","0","0","0","0"
"218","defined by exp-number","73","1","0","73","1","15","50","0 30","1 6","23","south","0.09765625","26.1328125","8.8046875","7.6953125","patrilocal-patrilineal","8","0.0703125","0.8359375","17.5390625","19.8828125","16.8828125","8.2734375","1.1484375","4.1171875","0","0","0","0","0","","[]","[]","0","0","0","0","0","0","0","0","0","0","0"
"217","defined by exp-number","73","0","0","73","0","15","50","0 30","1 6","23","south","0.09765625","26.1328125","8.8046875","7.6953125","patrilocal-patrilineal","8","0.0703125","0.8359375","17.5390625","19.8828125","16.8828125","8.2734375","1.1484375","4.1171875","0","0","0","0","0","","[]","[]","0","0","0","0","0","0","0","0","0","0","0"
"219","defined by exp-number","73","2","0","73","2","15","50","0 30","1 6","23","south","0.09765625","26.1328125","8.8046875","7.6953125","patrilocal-patrilineal","8","0.0703125","0.8359375","17.5390625","19.8828125","16.8828125","8.2734375","1.1484375","4.1171875","0","0","0","0","0","","[]","[]","0","0","0","0","0","0","0","0","0","0","0"
"222","defined by exp-number","74","2","0","74","2","15","50","0 30","1 6","23","south","0.09765625","26.1328125","8.8046875","7.6953125","patrilocal-patrilineal","8","0.0703125","0.8359375","17.5390625","19.8828125","16.8828125","8.2734375","1.1484375","4.1171875","0","0","0","0","0","","[]","[]","0","0","0","0","0","0","0","0","0","0","0"
"220","defined by exp-number","74","0","0","74","0","15","50","0 30","1 6","23","south","0.09765625","26.1328125","8.8046875","7.6953125","patrilocal-patrilineal","8","0.0703125","0.8359375","17.5390625","19.8828125","16.8828125","8.2734375","1.1484375","4.1171875","0","0","0","0","0","","[]","[]","0","0","0","0","0","0","0","0","0","0","0"
"221","defined by exp-number","74","1","0","74","1","15","50","0 30","1 6","23","south","0.09765625","26.1328125","8.8046875","7.6953125","patrilocal-patrilineal","8","0.0703125","0.8359375","17.5390625","19.8828125","16.8828125","8.2734375","1.1484375","4.1171875","0","0","0","0","0","","[]","[]","0","0","0","0","0","0","0","0","0","0","0"
"223","defined by exp-number","75","0","0","75","0","15","50","0 30","1 6","23","south","0.09765625","26.1328125","8.8046875","7.6953125","patrilocal-patrilineal","8","0.0703125","0.8359375","17.5390625","19.8828125","16.8828125","8.2734375","1.1484375","4.1171875","0","0","0","0","0","","[]","[]","0","0","0","0","0","0","0","0","0","0","0"
"225","defined by exp-number","75","2","0","75","2","15","50","0 30","1 6","23","south","0.09765625","26.1328125","8.8046875","7.6953125","patrilocal-patrilineal","8","0.0703125","0.8359375","17.5390625","19.8828125","16.8828125","8.2734375","1.1484375","4.1171875","0","0","0","0","0","","[]","[]","0","0","0","0","0","0","0","0","0","0","0"
"224","defined by exp-number","75","1","0","75","1","15","50","0 30","1 6","23","south","0.09765625","26.1328125","8.8046875","7.6953125","patrilocal-patrilineal","8","0.0703125","0.8359375","17.5390625","19.8828125","16.8828125","8.2734375","1.1484375","4.1171875","0","0","0","0","0","","[]","[]","0","0","0","0","0","0","0","0","0","0","0"
"226","defined by exp-number","76","0","0","76","0","15","50","0 30","1 6","23","south","0.09765625","26.1328125","8.8046875","7.6953125","patrilocal-patrilineal","8","0.0703125","0.8359375","17.5390625","19.8828125","16.8828125","8.2734375","1.1484375","4.1171875","0","0","0","0","0","","[]","[]","0","0","0","0","0","0","0","0","0","0","0"
"199","defined by exp-number","67","0","0","67","0","15","50","0 30","1 6","23","south","0.09765625","26.1328125","8.8046875","7.6953125","patrilocal-patrilineal","8","0.0703125","0.8359375","17.5390625","19.8828125","16.8828125","8.2734375","1.1484375","4.1171875","0","0","0","0","0","","[]","[]","0","0","0","0","0","0","0","0","0","0","0"
"227","defined by exp-number","76","1","0","76","1","15","50","0 30","1 6","23","south","0.09765625","26.1328125","8.8046875","7.6953125","patrilocal-patrilineal","8","0.0703125","0.8359375","17.5390625","19.8828125","16.8828125","8.2734375","1.1484375","4.1171875","0","0","0","0","0","","[]","[]","0","0","0","0","0","0","0","0","0","0","0"
"229","defined by exp-number","77","0","0","77","0","15","50","0 30","1 6","23","south","0.09765625","26.1328125","8.8046875","7.6953125","patrilocal-patrilineal","8","0.0703125","0.8359375","17.5390625","19.8828125","16.8828125","8.2734375","1.1484375","4.1171875","0","0","0","0","0","","[]","[]","0","0","0","0","0","0","0","0","0","0","0"
"228","defined by exp-number","76","2","0","76","2","15","50","0 30","1 6","23","south","0.09765625","26.1328125","8.8046875","7.6953125","patrilocal-patrilineal","8","0.0703125","0.8359375","17.5390625","19.8828125","16.8828125","8.2734375","1.1484375","4.1171875","0","0","0","0","0","","[]","[]","0","0","0","0","0","0","0","0","0","0","0"
"230","defined by exp-number","77","1","0","77","1","15","50","0 30","1 6","23","south","0.09765625","26.1328125","8.8046875","7.6953125","patrilocal-patrilineal","8","0.0703125","0.8359375","17.5390625","19.8828125","16.8828125","8.2734375","1.1484375","4.1171875","0","0","0","0","0","","[]","[]","0","0","0","0","0","0","0","0","0","0","0"
"234","defined by exp-number","78","2","0","78","2","15","50","0 30","1 6","23","south","0.09765625","26.1328125","8.8046875","7.6953125","patrilocal-patrilineal","8","0.0703125","0.8359375","17.5390625","19.8828125","16.8828125","8.2734375","1.1484375","4.1171875","0","0","0","0","0","","[]","[]","0","0","0","0","0","0","0","0","0","0","0"
"231","defined by exp-number","77","2","0","77","2","15","50","0 30","1 6","23","south","0.09765625","26.1328125","8.8046875","7.6953125","patrilocal-patrilineal","8","0.0703125","0.8359375","17.5390625","19.8828125","16.8828125","8.2734375","1.1484375","4.1171875","0","0","0","0","0","","[]","[]","0","0","0","0","0","0","0","0","0","0","0"
"232","defined by exp-number","78","0","0","78","0","15","50","0 30","1 6","23","south","0.09765625","26.1328125","8.8046875","7.6953125","patrilocal-patrilineal","8","0.0703125","0.8359375","17.5390625","19.8828125","16.8828125","8.2734375","1.1484375","4.1171875","0","0","0","0","0","","[]","[]","0","0","0","0","0","0","0","0","0","0","0"
"233","defined by exp-number","78","1","0","78","1","15","50","0 30","1 6","23","south","0.09765625","26.1328125","8.8046875","7.6953125","patrilocal-patrilineal","8","0.0703125","0.8359375","17.5390625","19.8828125","16.8828125","8.2734375","1.1484375","4.1171875","0","0","0","0","0","","[]","[]","0","0","0","0","0","0","0","0","0","0","0"
"235","defined by exp-number","79","0","0","79","0","15","50","0 30","1 6","23","south","0.09765625","26.1328125","8.8046875","7.6953125","patrilocal-patrilineal","8","0.0703125","0.8359375","17.5390625","19.8828125","16.8828125","8.2734375","1.1484375","4.1171875","0","0","0","0","0","","[]","[]","0","0","0","0","0","0","0","0","0","0","0"
"236","defined by exp-number","79","1","0","79","1","15","50","0 30","1 6","23","south","0.09765625","26.1328125","8.8046875","7.6953125","patrilocal-patrilineal","8","0.0703125","0.8359375","17.5390625","19.8828125","16.8828125","8.2734375","1.1484375","4.1171875","0","0","0","0","0","","[]","[]","0","0","0","0","0","0","0","0","0","0","0"
"239","defined by exp-number","80","1","0","80","1","15","50","0 30","1 6","23","south","0.09765625","26.1328125","8.8046875","7.6953125","patrilocal-patrilineal","8","0.0703125","0.8359375","17.5390625","19.8828125","16.8828125","8.2734375","1.1484375","4.1171875","0","0","0","0","0","","[]","[]","0","0","0","0","0","0","0","0","0","0","0"
"200","defined by exp-number","67","1","0","67","1","15","50","0 30","1 6","23","south","0.09765625","26.1328125","8.8046875","7.6953125","patrilocal-patrilineal","8","0.0703125","0.8359375","17.5390625","19.8828125","16.8828125","8.2734375","1.1484375","4.1171875","0","0","0","0","0","","[]","[]","0","0","0","0","0","0","0","0","0","0","0"
"237","defined by exp-number","79","2","0","79","2","15","50","0 30","1 6","23","south","0.09765625","26.1328125","8.8046875","7.6953125","patrilocal-patrilineal","8","0.0703125","0.8359375","17.5390625","19.8828125","16.8828125","8.2734375","1.1484375","4.1171875","0","0","0","0","0","","[]","[]","0","0","0","0","0","0","0","0","0","0","0"
"238","defined by exp-number","80","0","0","80","0","15","50","0 30","1 6","23","south","0.09765625","26.1328125","8.8046875","7.6953125","patrilocal-patrilineal","8","0.0703125","0.8359375","17.5390625","19.8828125","16.8828125","8.2734375","1.1484375","4.1171875","0","0","0","0","0","","[]","[]","0","0","0","0","0","0","0","0","0","0","0"
"240","defined by exp-number","80","2","0","80","2","15","50","0 30","1 6","23","south","0.09765625","26.1328125","8.8046875","7.6953125","patrilocal-patrilineal","8","0.0703125","0.8359375","17.5390625","19.8828125","16.8828125","8.2734375","1.1484375","4.1171875","0","0","0","0","0","","[]","[]","0","0","0","0","0","0","0","0","0","0","0"
"241","defined by exp-number","81","0","0","81","0","15","50","0 30","1 6","23","south","0.09765625","26.1328125","8.8046875","7.6953125","patrilocal-patrilineal","8","0.0703125","0.8359375","17.5390625","19.8828125","16.8828125","8.2734375","1.1484375","4.1171875","0","0","0","0","0","","[]","[]","0","0","0","0","0","0","0","0","0","0","0"
"242","defined by exp-number","81","1","0","81","1","15","50","0 30","1 6","23","south","0.09765625","26.1328125","8.8046875","7.6953125","patrilocal-patrilineal","8","0.0703125","0.8359375","17.5390625","19.8828125","16.8828125","8.2734375","1.1484375","4.1171875","0","0","0","0","0","","[]","[]","0","0","0","0","0","0","0","0","0","0","0"
"244","defined by exp-number","82","0","0","82","0","15","50","0 30","1 6","23","south","0.09765625","26.1328125","8.8046875","7.6953125","patrilocal-patrilineal","8","0.0703125","0.8359375","17.5390625","19.8828125","16.8828125","8.2734375","1.1484375","4.1171875","0","0","0","0","0","","[]","[]","0","0","0","0","0","0","0","0","0","0","0"
"246","defined by exp-number","82","2","0","82","2","15","50","0 30","1 6","23","south","0.09765625","26.1328125","8.8046875","7.6953125","patrilocal-patrilineal","8","0.0703125","0.8359375","17.5390625","19.8828125","16.8828125","8.2734375","1.1484375","4.1171875","0","0","0","0","0","","[]","[]","0","0","0","0","0","0","0","0","0","0","0"
"245","defined by exp-number","82","1","0","82","1","15","50","0 30","1 6","23","south","0.09765625","26.1328125","8.8046875","7.6953125","patrilocal-patrilineal","8","0.0703125","0.8359375","17.5390625","19.8828125","16.8828125","8.2734375","1.1484375","4.1171875","0","0","0","0","0","","[]","[]","0","0","0","0","0","0","0","0","0","0","0"
"247","defined by exp-number","83","0","0","83","0","15","50","0 30","1 6","23","south","0.09765625","26.1328125","8.8046875","7.6953125","patrilocal-patrilineal","8","0.0703125","0.8359375","17.5390625","19.8828125","16.8828125","8.2734375","1.1484375","4.1171875","0","0","0","0","0","","[]","[]","0","0","0","0","0","0","0","0","0","0","0"
"248","defined by exp-number","83","1","0","83","1","15","50","0 30","1 6","23","south","0.09765625","26.1328125","8.8046875","7.6953125","patrilocal-patrilineal","8","0.0703125","0.8359375","17.5390625","19.8828125","16.8828125","8.2734375","1.1484375","4.1171875","0","0","0","0","0","","[]","[]","0","0","0","0","0","0","0","0","0","0","0"
"250","defined by exp-number","84","0","0","84","0","15","50","0 30","1 6","23","south","0.09765625","26.1328125","8.8046875","7.6953125","patrilocal-patrilineal","8","0.0703125","0.8359375","17.5390625","19.8828125","16.8828125","8.2734375","1.1484375","4.1171875","0","0","0","0","0","","[]","[]","0","0","0","0","0","0","0","0","0","0","0"
"249","defined by exp-number","83","2","0","83","2","15","50","0 30","1 6","23","south","0.09765625","26.1328125","8.8046875","7.6953125","patrilocal-patrilineal","8","0.0703125","0.8359375","17.5390625","19.8828125","16.8828125","8.2734375","1.1484375","4.1171875","0","0","0","0","0","","[]","[]","0","0","0","0","0","0","0","0","0","0","0"
"252","defined by exp-number","84","2","0","84","2","15","50","0 30","1 6","23","south","0.09765625","26.1328125","8.8046875","7.6953125","patrilocal-patrilineal","8","0.0703125","0.8359375","17.5390625","19.8828125","16.8828125","8.2734375","1.1484375","4.1171875","0","0","0","0","0","","[]","[]","0","0","0","0","0","0","0","0","0","0","0"
"253","defined by exp-number","85","0","0","85","0","15","50","0 30","1 6","23","south","0.09765625","26.1328125","8.8046875","7.6953125","patrilocal-patrilineal","8","0.0703125","0.8359375","17.5390625","19.8828125","16.8828125","8.2734375","1.1484375","4.1171875","0","0","0","0","0","","[]","[]","0","0","0","0","0","0","0","0","0","0","0"
"251","defined by exp-number","84","1","0","84","1","15","50","0 30","1 6","23","south","0.09765625","26.1328125","8.8046875","7.6953125","patrilocal-patrilineal","8","0.0703125","0.8359375","17.5390625","19.8828125","16.8828125","8.2734375","1.1484375","4.1171875","0","0","0","0","0","","[]","[]","0","0","0","0","0","0","0","0","0","0","0"
"255","defined by exp-number","85","2","0","85","2","15","50","0 30","1 6","23","south","0.09765625","26.1328125","8.8046875","7.6953125","patrilocal-patrilineal","8","0.0703125","0.8359375","17.5390625","19.8828125","16.8828125","8.2734375","1.1484375","4.1171875","0","0","0","0","0","","[]","[]","0","0","0","0","0","0","0","0","0","0","0"
"254","defined by exp-number","85","1","0","85","1","15","50","0 30","1 6","23","south","0.09765625","26.1328125","8.8046875","7.6953125","patrilocal-patrilineal","8","0.0703125","0.8359375","17.5390625","19.8828125","16.8828125","8.2734375","1.1484375","4.1171875","0","0","0","0","0","","[]","[]","0","0","0","0","0","0","0","0","0","0","0"
"257","defined by exp-number","86","1","0","86","1","15","50","0 30","1 6","23","south","0.09765625","26.1328125","8.8046875","7.6953125","patrilocal-patrilineal","8","0.0703125","0.8359375","17.5390625","19.8828125","16.8828125","8.2734375","1.1484375","4.1171875","0","0","0","0","0","","[]","[]","0","0","0","0","0","0","0","0","0","0","0"
"256","defined by exp-number","86","0","0","86","0","15","50","0 30","1 6","23","south","0.09765625","26.1328125","8.8046875","7.6953125","patrilocal-patrilineal","8","0.0703125","0.8359375","17.5390625","19.8828125","16.8828125","8.2734375","1.1484375","4.1171875","0","0","0","0","0","","[]","[]","0","0","0","0","0","0","0","0","0","0","0"
"258","defined by exp-number","86","2","0","86","2","15","50","0 30","1 6","23","south","0.09765625","26.1328125","8.8046875","7.6953125","patrilocal-patrilineal","8","0.0703125","0.8359375","17.5390625","19.8828125","16.8828125","8.2734375","1.1484375","4.1171875","0","0","0","0","0","","[]","[]","0","0","0","0","0","0","0","0","0","0","0"
"259","defined by exp-number","87","0","0","87","0","15","50","0 30","1 6","23","south","0.09765625","26.1328125","8.8046875","7.6953125","patrilocal-patrilineal","8","0.0703125","0.8359375","17.5390625","19.8828125","16.8828125","8.2734375","1.1484375","4.1171875","0","0","0","0","0","","[]","[]","0","0","0","0","0","0","0","0","0","0","0"
"261","defined by exp-number","87","2","0","87","2","15","50","0 30","1 6","23","south","0.09765625","26.1328125","8.8046875","7.6953125","patrilocal-patrilineal","8","0.0703125","0.8359375","17.5390625","19.8828125","16.8828125","8.2734375","1.1484375","4.1171875","0","0","0","0","0","","[]","[]","0","0","0","0","0","0","0","0","0","0","0"
"262","defined by exp-number","88","0","0","88","0","15","50","0 30","1 6","23","south","0.09765625","26.1328125","8.8046875","7.6953125","patrilocal-patrilineal","8","0.0703125","0.8359375","17.5390625","19.8828125","16.8828125","8.2734375","1.1484375","4.1171875","0","0","0","0","0","","[]","[]","0","0","0","0","0","0","0","0","0","0","0"
"264","defined by exp-number","88","2","0","88","2","15","50","0 30","1 6","23","south","0.09765625","26.1328125","8.8046875","7.6953125","patrilocal-patrilineal","8","0.0703125","0.8359375","17.5390625","19.8828125","16.8828125","8.2734375","1.1484375","4.1171875","0","0","0","0","0","","[]","[]","0","0","0","0","0","0","0","0","0","0","0"
"263","defined by exp-number","88","1","0","88","1","15","50","0 30","1 6","23","south","0.09765625","26.1328125","8.8046875","7.6953125","patrilocal-patrilineal","8","0.0703125","0.8359375","17.5390625","19.8828125","16.8828125","8.2734375","1.1484375","4.1171875","0","0","0","0","0","","[]","[]","0","0","0","0","0","0","0","0","0","0","0"
"267","defined by exp-number","89","2","0","89","2","15","50","0 30","1 6","23","south","0.09765625","26.1328125","8.8046875","7.6953125","patrilocal-patrilineal","8","0.0703125","0.8359375","17.5390625","19.8828125","16.8828125","8.2734375","1.1484375","4.1171875","0","0","0","0","0","","[]","[]","0","0","0","0","0","0","0","0","0","0","0"
"265","defined by exp-number","89","0","0","89","0","15","50","0 30","1 6","23","south","0.09765625","26.1328125","8.8046875","7.6953125","patrilocal-patrilineal","8","0.0703125","0.8359375","17.5390625","19.8828125","16.8828125","8.2734375","1.1484375","4.1171875","0","0","0","0","0","","[]","[]","0","0","0","0","0","0","0","0","0","0","0"
"268","defined by exp-number","90","0","0","90","0","15","50","0 30","1 6","23","south","0.09765625","26.1328125","8.8046875","7.6953125","patrilocal-patrilineal","8","0.0703125","0.8359375","17.5390625","19.8828125","16.8828125","8.2734375","1.1484375","4.1171875","0","0","0","0","0","","[]","[]","0","0","0","0","0","0","0","0","0","0","0"
"266","defined by exp-number","89","1","0","89","1","15","50","0 30","1 6","23","south","0.09765625","26.1328125","8.8046875","7.6953125","patrilocal-patrilineal","8","0.0703125","0.8359375","17.5390625","19.8828125","16.8828125","8.2734375","1.1484375","4.1171875","0","0","0","0","0","","[]","[]","0","0","0","0","0","0","0","0","0","0","0"
"270","defined by exp-number","90","2","0","90","2","15","50","0 30","1 6","23","south","0.09765625","26.1328125","8.8046875","7.6953125","patrilocal-patrilineal","8","0.0703125","0.8359375","17.5390625","19.8828125","16.8828125","8.2734375","1.1484375","4.1171875","0","0","0","0","0","","[]","[]","0","0","0","0","0","0","0","0","0","0","0"
"260","defined by exp-number","87","1","0","87","1","15","50","0 30","1 6","23","south","0.09765625","26.1328125","8.8046875","7.6953125","patrilocal-patrilineal","8","0.0703125","0.8359375","17.5390625","19.8828125","16.8828125","8.2734375","1.1484375","4.1171875","0","0","0","0","0","","[]","[]","0","0","0","0","0","0","0","0","0","0","0"
"272","defined by exp-number","91","1","0","91","1","15","50","0 30","1 6","23","south","0.09765625","26.1328125","8.8046875","7.6953125","patrilocal-patrilineal","8","0.0703125","0.8359375","17.5390625","19.8828125","16.8828125","8.2734375","1.1484375","4.1171875","0","0","0","0","0","","[]","[]","0","0","0","0","0","0","0","0","0","0","0"
"269","defined by exp-number","90","1","0","90","1","15","50","0 30","1 6","23","south","0.09765625","26.1328125","8.8046875","7.6953125","patrilocal-patrilineal","8","0.0703125","0.8359375","17.5390625","19.8828125","16.8828125","8.2734375","1.1484375","4.1171875","0","0","0","0","0","","[]","[]","0","0","0","0","0","0","0","0","0","0","0"
"271","defined by exp-number","91","0","0","91","0","15","50","0 30","1 6","23","south","0.09765625","26.1328125","8.8046875","7.6953125","patrilocal-patrilineal","8","0.0703125","0.8359375","17.5390625","19.8828125","16.8828125","8.2734375","1.1484375","4.1171875","0","0","0","0","0","","[]","[]","0","0","0","0","0","0","0","0","0","0","0"
"273","defined by exp-number","91","2","0","91","2","15","50","0 30","1 6","23","south","0.09765625","26.1328125","8.8046875","7.6953125","patrilocal-patrilineal","8","0.0703125","0.8359375","17.5390625","19.8828125","16.8828125","8.2734375","1.1484375","4.1171875","0","0","0","0","0","","[]","[]","0","0","0","0","0","0","0","0","0","0","0"
"274","defined by exp-number","92","0","0","92","0","15","50","0 30","1 6","23","south","0.09765625","26.1328125","8.8046875","7.6953125","patrilocal-patrilineal","8","0.0703125","0.8359375","17.5390625","19.8828125","16.8828125","8.2734375","1.1484375","4.1171875","0","0","0","0","0","","[]","[]","0","0","0","0","0","0","0","0","0","0","0"
"275","defined by exp-number","92","1","0","92","1","15","50","0 30","1 6","23","south","0.09765625","26.1328125","8.8046875","7.6953125","patrilocal-patrilineal","8","0.0703125","0.8359375","17.5390625","19.8828125","16.8828125","8.2734375","1.1484375","4.1171875","0","0","0","0","0","","[]","[]","0","0","0","0","0","0","0","0","0","0","0"
"276","defined by exp-number","92","2","0","92","2","15","50","0 30","1 6","23","south","0.09765625","26.1328125","8.8046875","7.6953125","patrilocal-patrilineal","8","0.0703125","0.8359375","17.5390625","19.8828125","16.8828125","8.2734375","1.1484375","4.1171875","0","0","0","0","0","","[]","[]","0","0","0","0","0","0","0","0","0","0","0"
"277","defined by exp-number","93","0","0","93","0","15","50","0 30","1 6","23","south","0.09765625","26.1328125","8.8046875","7.6953125","patrilocal-patrilineal","8","0.0703125","0.8359375","17.5390625","19.8828125","16.8828125","8.2734375","1.1484375","4.1171875","0","0","0","0","0","","[]","[]","0","0","0","0","0","0","0","0","0","0","0"
"278","defined by exp-number","93","1","0","93","1","15","50","0 30","1 6","23","south","0.09765625","26.1328125","8.8046875","7.6953125","patrilocal-patrilineal","8","0.0703125","0.8359375","17.5390625","19.8828125","16.8828125","8.2734375","1.1484375","4.1171875","0","0","0","0","0","","[]","[]","0","0","0","0","0","0","0","0","0","0","0"
"281","defined by exp-number","94","1","0","94","1","15","50","0 30","1 6","23","south","0.09765625","26.1328125","8.8046875","7.6953125","patrilocal-patrilineal","8","0.0703125","0.8359375","17.5390625","19.8828125","16.8828125","8.2734375","1.1484375","4.1171875","0","0","0","0","0","","[]","[]","0","0","0","0","0","0","0","0","0","0","0"
"282","defined by exp-number","94","2","0","94","2","15","50","0 30","1 6","23","south","0.09765625","26.1328125","8.8046875","7.6953125","patrilocal-patrilineal","8","0.0703125","0.8359375","17.5390625","19.8828125","16.8828125","8.2734375","1.1484375","4.1171875","0","0","0","0","0","","[]","[]","0","0","0","0","0","0","0","0","0","0","0"
"280","defined by exp-number","94","0","0","94","0","15","50","0 30","1 6","23","south","0.09765625","26.1328125","8.8046875","7.6953125","patrilocal-patrilineal","8","0.0703125","0.8359375","17.5390625","19.8828125","16.8828125","8.2734375","1.1484375","4.1171875","0","0","0","0","0","","[]","[]","0","0","0","0","0","0","0","0","0","0","0"
"279","defined by exp-number","93","2","0","93","2","15","50","0 30","1 6","23","south","0.09765625","26.1328125","8.8046875","7.6953125","patrilocal-patrilineal","8","0.0703125","0.8359375","17.5390625","19.8828125","16.8828125","8.2734375","1.1484375","4.1171875","0","0","0","0","0","","[]","[]","0","0","0","0","0","0","0","0","0","0","0"
"283","defined by exp-number","95","0","0","95","0","15","50","0 30","1 6","23","south","0.09765625","26.1328125","8.8046875","7.6953125","patrilocal-patrilineal","8","0.0703125","0.8359375","17.5390625","19.8828125","16.8828125","8.2734375","1.1484375","4.1171875","0","0","0","0","0","","[]","[]","0","0","0","0","0","0","0","0","0","0","0"
"284","defined by exp-number","95","1","0","95","1","15","50","0 30","1 6","23","south","0.09765625","26.1328125","8.8046875","7.6953125","patrilocal-patrilineal","8","0.0703125","0.8359375","17.5390625","19.8828125","16.8828125","8.2734375","1.1484375","4.1171875","0","0","0","0","0","","[]","[]","0","0","0","0","0","0","0","0","0","0","0"
"285","defined by exp-number","95","2","0","95","2","15","50","0 30","1 6","23","south","0.09765625","26.1328125","8.8046875","7.6953125","patrilocal-patrilineal","8","0.0703125","0.8359375","17.5390625","19.8828125","16.8828125","8.2734375","1.1484375","4.1171875","0","0","0","0","0","","[]","[]","0","0","0","0","0","0","0","0","0","0","0"
"287","defined by exp-number","96","1","0","96","1","15","50","0 30","1 6","23","south","0.09765625","26.1328125","8.8046875","7.6953125","patrilocal-patrilineal","8","0.0703125","0.8359375","17.5390625","19.8828125","16.8828125","8.2734375","1.1484375","4.1171875","0","0","0","0","0","","[]","[]","0","0","0","0","0","0","0","0","0","0","0"
"288","defined by exp-number","96","2","0","96","2","15","50","0 30","1 6","23","south","0.09765625","26.1328125","8.8046875","7.6953125","patrilocal-patrilineal","8","0.0703125","0.8359375","17.5390625","19.8828125","16.8828125","8.2734375","1.1484375","4.1171875","0","0","0","0","0","","[]","[]","0","0","0","0","0","0","0","0","0","0","0"
"286","defined by exp-number","96","0","0","96","0","15","50","0 30","1 6","23","south","0.09765625","26.1328125","8.8046875","7.6953125","patrilocal-patrilineal","8","0.0703125","0.8359375","17.5390625","19.8828125","16.8828125","8.2734375","1.1484375","4.1171875","0","0","0","0","0","","[]","[]","0","0","0","0","0","0","0","0","0","0","0"
"289","defined by exp-number","97","0","0","97","0","15","50","0 30","1 6","23","south","0.09765625","26.1328125","8.8046875","7.6953125","patrilocal-patrilineal","8","0.0703125","0.8359375","17.5390625","19.8828125","16.8828125","8.2734375","1.1484375","4.1171875","0","0","0","0","0","","[]","[]","0","0","0","0","0","0","0","0","0","0","0"
"290","defined by exp-number","97","1","0","97","1","15","50","0 30","1 6","23","south","0.09765625","26.1328125","8.8046875","7.6953125","patrilocal-patrilineal","8","0.0703125","0.8359375","17.5390625","19.8828125","16.8828125","8.2734375","1.1484375","4.1171875","0","0","0","0","0","","[]","[]","0","0","0","0","0","0","0","0","0","0","0"
"291","defined by exp-number","97","2","0","97","2","15","50","0 30","1 6","23","south","0.09765625","26.1328125","8.8046875","7.6953125","patrilocal-patrilineal","8","0.0703125","0.8359375","17.5390625","19.8828125","16.8828125","8.2734375","1.1484375","4.1171875","0","0","0","0","0","","[]","[]","0","0","0","0","0","0","0","0","0","0","0"
"293","defined by exp-number","98","1","0","98","1","15","50","0 30","1 6","23","south","0.09765625","26.1328125","8.8046875","7.6953125","patrilocal-patrilineal","8","0.0703125","0.8359375","17.5390625","19.8828125","16.8828125","8.2734375","1.1484375","4.1171875","0","0","0","0","0","","[]","[]","0","0","0","0","0","0","0","0","0","0","0"
"292","defined by exp-number","98","0","0","98","0","15","50","0 30","1 6","23","south","0.09765625","26.1328125","8.8046875","7.6953125","patrilocal-patrilineal","8","0.0703125","0.8359375","17.5390625","19.8828125","16.8828125","8.2734375","1.1484375","4.1171875","0","0","0","0","0","","[]","[]","0","0","0","0","0","0","0","0","0","0","0"
"294","defined by exp-number","98","2","0","98","2","15","50","0 30","1 6","23","south","0.09765625","26.1328125","8.8046875","7.6953125","patrilocal-patrilineal","8","0.0703125","0.8359375","17.5390625","19.8828125","16.8828125","8.2734375","1.1484375","4.1171875","0","0","0","0","0","","[]","[]","0","0","0","0","0","0","0","0","0","0","0"
"296","defined by exp-number","99","1","0","99","1","15","50","0 30","1 6","23","south","0.09765625","26.1328125","8.8046875","7.6953125","patrilocal-patrilineal","8","0.0703125","0.8359375","17.5390625","19.8828125","16.8828125","8.2734375","1.1484375","4.1171875","0","0","0","0","0","","[]","[]","0","0","0","0","0","0","0","0","0","0","0"
"295","defined by exp-number","99","0","0","99","0","15","50","0 30","1 6","23","south","0.09765625","26.1328125","8.8046875","7.6953125","patrilocal-patrilineal","8","0.0703125","0.8359375","17.5390625","19.8828125","16.8828125","8.2734375","1.1484375","4.1171875","0","0","0","0","0","","[]","[]","0","0","0","0","0","0","0","0","0","0","0"
"298","defined by exp-number","100","0","0","100","0","15","50","0 30","1 6","23","south","0.09765625","26.1328125","8.8046875","7.6953125","patrilocal-patrilineal","8","0.0703125","0.8359375","17.5390625","19.8828125","16.8828125","8.2734375","1.1484375","4.1171875","0","0","0","0","0","","[]","[]","0","0","0","0","0","0","0","0","0","0","0"
"297","defined by exp-number","99","2","0","99","2","15","50","0 30","1 6","23","south","0.09765625","26.1328125","8.8046875","7.6953125","patrilocal-patrilineal","8","0.0703125","0.8359375","17.5390625","19.8828125","16.8828125","8.2734375","1.1484375","4.1171875","0","0","0","0","0","","[]","[]","0","0","0","0","0","0","0","0","0","0","0"
"299","defined by exp-number","100","1","0","100","1","15","50","0 30","1 6","23","south","0.09765625","26.1328125","8.8046875","7.6953125","patrilocal-patrilineal","8","0.0703125","0.8359375","17.5390625","19.8828125","16.8828125","8.2734375","1.1484375","4.1171875","0","0","0","0","0","","[]","[]","0","0","0","0","0","0","0","0","0","0","0"
"300","defined by exp-number","100","2","0","100","2","15","50","0 30","1 6","23","south","0.09765625","26.1328125","8.8046875","7.6953125","patrilocal-patrilineal","8","0.0703125","0.8359375","17.5390625","19.8828125","16.8828125","8.2734375","1.1484375","4.1171875","0","0","0","0","0","","[]","[]","0","0","0","0","0","0","0","0","0","0","0"
"301","defined by exp-number","101","0","0","101","0","15","50","0 30","1 6","23","south","0.09765625","26.1328125","8.8046875","7.6953125","patrilocal-patrilineal","8","0.0703125","0.8359375","17.5390625","19.8828125","16.8828125","8.2734375","1.1484375","4.1171875","0","0","0","0","0","","[]","[]","0","0","0","0","0","0","0","0","0","0","0"
"302","defined by exp-number","101","1","0","101","1","15","50","0 30","1 6","23","south","0.09765625","26.1328125","8.8046875","7.6953125","patrilocal-patrilineal","8","0.0703125","0.8359375","17.5390625","19.8828125","16.8828125","8.2734375","1.1484375","4.1171875","0","0","0","0","0","","[]","[]","0","0","0","0","0","0","0","0","0","0","0"
"303","defined by exp-number","101","2","0","101","2","15","50","0 30","1 6","23","south","0.09765625","26.1328125","8.8046875","7.6953125","patrilocal-patrilineal","8","0.0703125","0.8359375","17.5390625","19.8828125","16.8828125","8.2734375","1.1484375","4.1171875","0","0","0","0","0","","[]","[]","0","0","0","0","0","0","0","0","0","0","0"
"304","defined by exp-number","102","0","0","102","0","15","50","0 30","1 6","23","south","0.09765625","26.1328125","8.8046875","7.6953125","patrilocal-patrilineal","8","0.0703125","0.8359375","17.5390625","19.8828125","16.8828125","8.2734375","1.1484375","4.1171875","0","0","0","0","0","","[]","[]","0","0","0","0","0","0","0","0","0","0","0"
"306","defined by exp-number","102","2","0","102","2","15","50","0 30","1 6","23","south","0.09765625","26.1328125","8.8046875","7.6953125","patrilocal-patrilineal","8","0.0703125","0.8359375","17.5390625","19.8828125","16.8828125","8.2734375","1.1484375","4.1171875","0","0","0","0","0","","[]","[]","0","0","0","0","0","0","0","0","0","0","0"
"305","defined by exp-number","102","1","0","102","1","15","50","0 30","1 6","23","south","0.09765625","26.1328125","8.8046875","7.6953125","patrilocal-patrilineal","8","0.0703125","0.8359375","17.5390625","19.8828125","16.8828125","8.2734375","1.1484375","4.1171875","0","0","0","0","0","","[]","[]","0","0","0","0","0","0","0","0","0","0","0"
"308","defined by exp-number","103","1","0","103","1","15","50","0 30","1 6","23","south","0.09765625","26.1328125","8.8046875","7.6953125","patrilocal-patrilineal","8","0.0703125","0.8359375","17.5390625","19.8828125","16.8828125","8.2734375","1.1484375","4.1171875","0","0","0","0","0","","[]","[]","0","0","0","0","0","0","0","0","0","0","0"
"307","defined by exp-number","103","0","0","103","0","15","50","0 30","1 6","23","south","0.09765625","26.1328125","8.8046875","7.6953125","patrilocal-patrilineal","8","0.0703125","0.8359375","17.5390625","19.8828125","16.8828125","8.2734375","1.1484375","4.1171875","0","0","0","0","0","","[]","[]","0","0","0","0","0","0","0","0","0","0","0"
"311","defined by exp-number","104","1","0","104","1","15","50","0 30","1 6","23","south","0.09765625","26.1328125","8.8046875","7.6953125","patrilocal-patrilineal","8","0.0703125","0.8359375","17.5390625","19.8828125","16.8828125","8.2734375","1.1484375","4.1171875","0","0","0","0","0","","[]","[]","0","0","0","0","0","0","0","0","0","0","0"
"309","defined by exp-number","103","2","0","103","2","15","50","0 30","1 6","23","south","0.09765625","26.1328125","8.8046875","7.6953125","patrilocal-patrilineal","8","0.0703125","0.8359375","17.5390625","19.8828125","16.8828125","8.2734375","1.1484375","4.1171875","0","0","0","0","0","","[]","[]","0","0","0","0","0","0","0","0","0","0","0"
"310","defined by exp-number","104","0","0","104","0","15","50","0 30","1 6","23","south","0.09765625","26.1328125","8.8046875","7.6953125","patrilocal-patrilineal","8","0.0703125","0.8359375","17.5390625","19.8828125","16.8828125","8.2734375","1.1484375","4.1171875","0","0","0","0","0","","[]","[]","0","0","0","0","0","0","0","0","0","0","0"
"313","defined by exp-number","105","0","0","105","0","15","50","0 30","1 6","23","south","0.09765625","26.1328125","8.8046875","7.6953125","patrilocal-patrilineal","8","0.0703125","0.8359375","17.5390625","19.8828125","16.8828125","8.2734375","1.1484375","4.1171875","0","0","0","0","0","","[]","[]","0","0","0","0","0","0","0","0","0","0","0"
"312","defined by exp-number","104","2","0","104","2","15","50","0 30","1 6","23","south","0.09765625","26.1328125","8.8046875","7.6953125","patrilocal-patrilineal","8","0.0703125","0.8359375","17.5390625","19.8828125","16.8828125","8.2734375","1.1484375","4.1171875","0","0","0","0","0","","[]","[]","0","0","0","0","0","0","0","0","0","0","0"
"315","defined by exp-number","105","2","0","105","2","15","50","0 30","1 6","23","south","0.09765625","26.1328125","8.8046875","7.6953125","patrilocal-patrilineal","8","0.0703125","0.8359375","17.5390625","19.8828125","16.8828125","8.2734375","1.1484375","4.1171875","0","0","0","0","0","","[]","[]","0","0","0","0","0","0","0","0","0","0","0"
"317","defined by exp-number","106","1","0","106","1","15","50","0 30","1 6","23","south","0.09765625","26.1328125","8.8046875","7.6953125","patrilocal-patrilineal","8","0.0703125","0.8359375","17.5390625","19.8828125","16.8828125","8.2734375","1.1484375","4.1171875","0","0","0","0","0","","[]","[]","0","0","0","0","0","0","0","0","0","0","0"
"316","defined by exp-number","106","0","0","106","0","15","50","0 30","1 6","23","south","0.09765625","26.1328125","8.8046875","7.6953125","patrilocal-patrilineal","8","0.0703125","0.8359375","17.5390625","19.8828125","16.8828125","8.2734375","1.1484375","4.1171875","0","0","0","0","0","","[]","[]","0","0","0","0","0","0","0","0","0","0","0"
"314","defined by exp-number","105","1","0","105","1","15","50","0 30","1 6","23","south","0.09765625","26.1328125","8.8046875","7.6953125","patrilocal-patrilineal","8","0.0703125","0.8359375","17.5390625","19.8828125","16.8828125","8.2734375","1.1484375","4.1171875","0","0","0","0","0","","[]","[]","0","0","0","0","0","0","0","0","0","0","0"
"318","defined by exp-number","106","2","0","106","2","15","50","0 30","1 6","23","south","0.09765625","26.1328125","8.8046875","7.6953125","patrilocal-patrilineal","8","0.0703125","0.8359375","17.5390625","19.8828125","16.8828125","8.2734375","1.1484375","4.1171875","0","0","0","0","0","","[]","[]","0","0","0","0","0","0","0","0","0","0","0"
"319","defined by exp-number","107","0","0","107","0","15","50","0 30","1 6","23","south","0.09765625","26.1328125","8.8046875","7.6953125","patrilocal-patrilineal","8","0.0703125","0.8359375","17.5390625","19.8828125","16.8828125","8.2734375","1.1484375","4.1171875","0","0","0","0","0","","[]","[]","0","0","0","0","0","0","0","0","0","0","0"
"320","defined by exp-number","107","1","0","107","1","15","50","0 30","1 6","23","south","0.09765625","26.1328125","8.8046875","7.6953125","patrilocal-patrilineal","8","0.0703125","0.8359375","17.5390625","19.8828125","16.8828125","8.2734375","1.1484375","4.1171875","0","0","0","0","0","","[]","[]","0","0","0","0","0","0","0","0","0","0","0"
"321","defined by exp-number","107","2","0","107","2","15","50","0 30","1 6","23","south","0.09765625","26.1328125","8.8046875","7.6953125","patrilocal-patrilineal","8","0.0703125","0.8359375","17.5390625","19.8828125","16.8828125","8.2734375","1.1484375","4.1171875","0","0","0","0","0","","[]","[]","0","0","0","0","0","0","0","0","0","0","0"
"322","defined by exp-number","108","0","0","108","0","15","50","0 30","1 6","23","south","0.09765625","26.1328125","8.8046875","7.6953125","patrilocal-patrilineal","8","0.0703125","0.8359375","17.5390625","19.8828125","16.8828125","8.2734375","1.1484375","4.1171875","0","0","0","0","0","","[]","[]","0","0","0","0","0","0","0","0","0","0","0"
"323","defined by exp-number","108","1","0","108","1","15","50","0 30","1 6","23","south","0.09765625","26.1328125","8.8046875","7.6953125","patrilocal-patrilineal","8","0.0703125","0.8359375","17.5390625","19.8828125","16.8828125","8.2734375","1.1484375","4.1171875","0","0","0","0","0","","[]","[]","0","0","0","0","0","0","0","0","0","0","0"
"326","defined by exp-number","109","1","0","109","1","15","50","0 30","1 6","23","south","0.09765625","26.1328125","8.8046875","7.6953125","patrilocal-patrilineal","8","0.0703125","0.8359375","17.5390625","19.8828125","16.8828125","8.2734375","1.1484375","4.1171875","0","0","0","0","0","","[]","[]","0","0","0","0","0","0","0","0","0","0","0"
"325","defined by exp-number","109","0","0","109","0","15","50","0 30","1 6","23","south","0.09765625","26.1328125","8.8046875","7.6953125","patrilocal-patrilineal","8","0.0703125","0.8359375","17.5390625","19.8828125","16.8828125","8.2734375","1.1484375","4.1171875","0","0","0","0","0","","[]","[]","0","0","0","0","0","0","0","0","0","0","0"
"324","defined by exp-number","108","2","0","108","2","15","50","0 30","1 6","23","south","0.09765625","26.1328125","8.8046875","7.6953125","patrilocal-patrilineal","8","0.0703125","0.8359375","17.5390625","19.8828125","16.8828125","8.2734375","1.1484375","4.1171875","0","0","0","0","0","","[]","[]","0","0","0","0","0","0","0","0","0","0","0"
"328","defined by exp-number","110","0","0","110","0","15","50","0 30","1 6","23","south","0.09765625","26.1328125","8.8046875","7.6953125","patrilocal-patrilineal","8","0.0703125","0.8359375","17.5390625","19.8828125","16.8828125","8.2734375","1.1484375","4.1171875","0","0","0","0","0","","[]","[]","0","0","0","0","0","0","0","0","0","0","0"
"330","defined by exp-number","110","2","0","110","2","15","50","0 30","1 6","23","south","0.09765625","26.1328125","8.8046875","7.6953125","patrilocal-patrilineal","8","0.0703125","0.8359375","17.5390625","19.8828125","16.8828125","8.2734375","1.1484375","4.1171875","0","0","0","0","0","","[]","[]","0","0","0","0","0","0","0","0","0","0","0"
"327","defined by exp-number","109","2","0","109","2","15","50","0 30","1 6","23","south","0.09765625","26.1328125","8.8046875","7.6953125","patrilocal-patrilineal","8","0.0703125","0.8359375","17.5390625","19.8828125","16.8828125","8.2734375","1.1484375","4.1171875","0","0","0","0","0","","[]","[]","0","0","0","0","0","0","0","0","0","0","0"
"329","defined by exp-number","110","1","0","110","1","15","50","0 30","1 6","23","south","0.09765625","26.1328125","8.8046875","7.6953125","patrilocal-patrilineal","8","0.0703125","0.8359375","17.5390625","19.8828125","16.8828125","8.2734375","1.1484375","4.1171875","0","0","0","0","0","","[]","[]","0","0","0","0","0","0","0","0","0","0","0"
"331","defined by exp-number","111","0","0","111","0","15","50","0 30","1 6","23","south","0.09765625","26.1328125","8.8046875","7.6953125","patrilocal-patrilineal","8","0.0703125","0.8359375","17.5390625","19.8828125","16.8828125","8.2734375","1.1484375","4.1171875","0","0","0","0","0","","[]","[]","0","0","0","0","0","0","0","0","0","0","0"
"333","defined by exp-number","111","2","0","111","2","15","50","0 30","1 6","23","south","0.09765625","26.1328125","8.8046875","7.6953125","patrilocal-patrilineal","8","0.0703125","0.8359375","17.5390625","19.8828125","16.8828125","8.2734375","1.1484375","4.1171875","0","0","0","0","0","","[]","[]","0","0","0","0","0","0","0","0","0","0","0"
"332","defined by exp-number","111","1","0","111","1","15","50","0 30","1 6","23","south","0.09765625","26.1328125","8.8046875","7.6953125","patrilocal-patrilineal","8","0.0703125","0.8359375","17.5390625","19.8828125","16.8828125","8.2734375","1.1484375","4.1171875","0","0","0","0","0","","[]","[]","0","0","0","0","0","0","0","0","0","0","0"
"334","defined by exp-number","112","0","0","112","0","15","50","0 30","1 6","23","south","0.09765625","26.1328125","8.8046875","7.6953125","patrilocal-patrilineal","8","0.0703125","0.8359375","17.5390625","19.8828125","16.8828125","8.2734375","1.1484375","4.1171875","0","0","0","0","0","","[]","[]","0","0","0","0","0","0","0","0","0","0","0"
"335","defined by exp-number","112","1","0","112","1","15","50","0 30","1 6","23","south","0.09765625","26.1328125","8.8046875","7.6953125","patrilocal-patrilineal","8","0.0703125","0.8359375","17.5390625","19.8828125","16.8828125","8.2734375","1.1484375","4.1171875","0","0","0","0","0","","[]","[]","0","0","0","0","0","0","0","0","0","0","0"
"336","defined by exp-number","112","2","0","112","2","15","50","0 30","1 6","23","south","0.09765625","26.1328125","8.8046875","7.6953125","patrilocal-patrilineal","8","0.0703125","0.8359375","17.5390625","19.8828125","16.8828125","8.2734375","1.1484375","4.1171875","0","0","0","0","0","","[]","[]","0","0","0","0","0","0","0","0","0","0","0"
"337","defined by exp-number","113","0","0","113","0","15","50","0 30","1 6","23","south","0.09765625","26.1328125","8.8046875","7.6953125","patrilocal-patrilineal","8","0.0703125","0.8359375","17.5390625","19.8828125","16.8828125","8.2734375","1.1484375","4.1171875","0","0","0","0","0","","[]","[]","0","0","0","0","0","0","0","0","0","0","0"
"338","defined by exp-number","113","1","0","113","1","15","50","0 30","1 6","23","south","0.09765625","26.1328125","8.8046875","7.6953125","patrilocal-patrilineal","8","0.0703125","0.8359375","17.5390625","19.8828125","16.8828125","8.2734375","1.1484375","4.1171875","0","0","0","0","0","","[]","[]","0","0","0","0","0","0","0","0","0","0","0"
"339","defined by exp-number","113","2","0","113","2","15","50","0 30","1 6","23","south","0.09765625","26.1328125","8.8046875","7.6953125","patrilocal-patrilineal","8","0.0703125","0.8359375","17.5390625","19.8828125","16.8828125","8.2734375","1.1484375","4.1171875","0","0","0","0","0","","[]","[]","0","0","0","0","0","0","0","0","0","0","0"
"340","defined by exp-number","114","0","0","114","0","15","50","0 30","1 6","23","south","0.09765625","26.1328125","8.8046875","7.6953125","patrilocal-patrilineal","8","0.0703125","0.8359375","17.5390625","19.8828125","16.8828125","8.2734375","1.1484375","4.1171875","0","0","0","0","0","","[]","[]","0","0","0","0","0","0","0","0","0","0","0"
"341","defined by exp-number","114","1","0","114","1","15","50","0 30","1 6","23","south","0.09765625","26.1328125","8.8046875","7.6953125","patrilocal-patrilineal","8","0.0703125","0.8359375","17.5390625","19.8828125","16.8828125","8.2734375","1.1484375","4.1171875","0","0","0","0","0","","[]","[]","0","0","0","0","0","0","0","0","0","0","0"
"342","defined by exp-number","114","2","0","114","2","15","50","0 30","1 6","23","south","0.09765625","26.1328125","8.8046875","7.6953125","patrilocal-patrilineal","8","0.0703125","0.8359375","17.5390625","19.8828125","16.8828125","8.2734375","1.1484375","4.1171875","0","0","0","0","0","","[]","[]","0","0","0","0","0","0","0","0","0","0","0"
"343","defined by exp-number","115","0","0","115","0","15","50","0 30","1 6","23","south","0.09765625","26.1328125","8.8046875","7.6953125","patrilocal-patrilineal","8","0.0703125","0.8359375","17.5390625","19.8828125","16.8828125","8.2734375","1.1484375","4.1171875","0","0","0","0","0","","[]","[]","0","0","0","0","0","0","0","0","0","0","0"
"346","defined by exp-number","116","0","0","116","0","15","50","0 30","1 6","23","south","0.09765625","26.1328125","8.8046875","7.6953125","patrilocal-patrilineal","8","0.0703125","0.8359375","17.5390625","19.8828125","16.8828125","8.2734375","1.1484375","4.1171875","0","0","0","0","0","","[]","[]","0","0","0","0","0","0","0","0","0","0","0"
"344","defined by exp-number","115","1","0","115","1","15","50","0 30","1 6","23","south","0.09765625","26.1328125","8.8046875","7.6953125","patrilocal-patrilineal","8","0.0703125","0.8359375","17.5390625","19.8828125","16.8828125","8.2734375","1.1484375","4.1171875","0","0","0","0","0","","[]","[]","0","0","0","0","0","0","0","0","0","0","0"
"345","defined by exp-number","115","2","0","115","2","15","50","0 30","1 6","23","south","0.09765625","26.1328125","8.8046875","7.6953125","patrilocal-patrilineal","8","0.0703125","0.8359375","17.5390625","19.8828125","16.8828125","8.2734375","1.1484375","4.1171875","0","0","0","0","0","","[]","[]","0","0","0","0","0","0","0","0","0","0","0"
"347","defined by exp-number","116","1","0","116","1","15","50","0 30","1 6","23","south","0.09765625","26.1328125","8.8046875","7.6953125","patrilocal-patrilineal","8","0.0703125","0.8359375","17.5390625","19.8828125","16.8828125","8.2734375","1.1484375","4.1171875","0","0","0","0","0","","[]","[]","0","0","0","0","0","0","0","0","0","0","0"
"348","defined by exp-number","116","2","0","116","2","15","50","0 30","1 6","23","south","0.09765625","26.1328125","8.8046875","7.6953125","patrilocal-patrilineal","8","0.0703125","0.8359375","17.5390625","19.8828125","16.8828125","8.2734375","1.1484375","4.1171875","0","0","0","0","0","","[]","[]","0","0","0","0","0","0","0","0","0","0","0"
"350","defined by exp-number","117","1","0","117","1","15","50","0 30","1 6","23","south","0.09765625","26.1328125","8.8046875","7.6953125","patrilocal-patrilineal","8","0.0703125","0.8359375","17.5390625","19.8828125","16.8828125","8.2734375","1.1484375","4.1171875","0","0","0","0","0","","[]","[]","0","0","0","0","0","0","0","0","0","0","0"
"349","defined by exp-number","117","0","0","117","0","15","50","0 30","1 6","23","south","0.09765625","26.1328125","8.8046875","7.6953125","patrilocal-patrilineal","8","0.0703125","0.8359375","17.5390625","19.8828125","16.8828125","8.2734375","1.1484375","4.1171875","0","0","0","0","0","","[]","[]","0","0","0","0","0","0","0","0","0","0","0"
"352","defined by exp-number","118","0","0","118","0","15","50","0 30","1 6","23","south","0.09765625","26.1328125","8.8046875","7.6953125","patrilocal-patrilineal","8","0.0703125","0.8359375","17.5390625","19.8828125","16.8828125","8.2734375","1.1484375","4.1171875","0","0","0","0","0","","[]","[]","0","0","0","0","0","0","0","0","0","0","0"
"351","defined by exp-number","117","2","0","117","2","15","50","0 30","1 6","23","south","0.09765625","26.1328125","8.8046875","7.6953125","patrilocal-patrilineal","8","0.0703125","0.8359375","17.5390625","19.8828125","16.8828125","8.2734375","1.1484375","4.1171875","0","0","0","0","0","","[]","[]","0","0","0","0","0","0","0","0","0","0","0"
"353","defined by exp-number","118","1","0","118","1","15","50","0 30","1 6","23","south","0.09765625","26.1328125","8.8046875","7.6953125","patrilocal-patrilineal","8","0.0703125","0.8359375","17.5390625","19.8828125","16.8828125","8.2734375","1.1484375","4.1171875","0","0","0","0","0","","[]","[]","0","0","0","0","0","0","0","0","0","0","0"
"354","defined by exp-number","118","2","0","118","2","15","50","0 30","1 6","23","south","0.09765625","26.1328125","8.8046875","7.6953125","patrilocal-patrilineal","8","0.0703125","0.8359375","17.5390625","19.8828125","16.8828125","8.2734375","1.1484375","4.1171875","0","0","0","0","0","","[]","[]","0","0","0","0","0","0","0","0","0","0","0"
"243","defined by exp-number","81","2","0","81","2","15","50","0 30","1 6","23","south","0.09765625","26.1328125","8.8046875","7.6953125","patrilocal-patrilineal","8","0.0703125","0.8359375","17.5390625","19.8828125","16.8828125","8.2734375","1.1484375","4.1171875","0","0","0","0","0","","[]","[]","0","0","0","0","0","0","0","0","0","0","0"
"357","defined by exp-number","119","2","0","119","2","15","50","0 30","1 6","23","south","0.09765625","26.1328125","8.8046875","7.6953125","patrilocal-patrilineal","8","0.0703125","0.8359375","17.5390625","19.8828125","16.8828125","8.2734375","1.1484375","4.1171875","0","0","0","0","0","","[]","[]","0","0","0","0","0","0","0","0","0","0","0"
"356","defined by exp-number","119","1","0","119","1","15","50","0 30","1 6","23","south","0.09765625","26.1328125","8.8046875","7.6953125","patrilocal-patrilineal","8","0.0703125","0.8359375","17.5390625","19.8828125","16.8828125","8.2734375","1.1484375","4.1171875","0","0","0","0","0","","[]","[]","0","0","0","0","0","0","0","0","0","0","0"
"355","defined by exp-number","119","0","0","119","0","15","50","0 30","1 6","23","south","0.09765625","26.1328125","8.8046875","7.6953125","patrilocal-patrilineal","8","0.0703125","0.8359375","17.5390625","19.8828125","16.8828125","8.2734375","1.1484375","4.1171875","0","0","0","0","0","","[]","[]","0","0","0","0","0","0","0","0","0","0","0"
"358","defined by exp-number","120","0","0","120","0","15","50","0 30","1 6","23","south","0.09765625","26.1328125","8.8046875","7.6953125","patrilocal-patrilineal","8","0.0703125","0.8359375","17.5390625","19.8828125","16.8828125","8.2734375","1.1484375","4.1171875","0","0","0","0","0","","[]","[]","0","0","0","0","0","0","0","0","0","0","0"
"359","defined by exp-number","120","1","0","120","1","15","50","0 30","1 6","23","south","0.09765625","26.1328125","8.8046875","7.6953125","patrilocal-patrilineal","8","0.0703125","0.8359375","17.5390625","19.8828125","16.8828125","8.2734375","1.1484375","4.1171875","0","0","0","0","0","","[]","[]","0","0","0","0","0","0","0","0","0","0","0"
"363","defined by exp-number","121","2","0","121","2","15","50","0 30","1 6","23","south","0.09765625","26.1328125","8.8046875","7.6953125","patrilocal-patrilineal","8","0.0703125","0.8359375","17.5390625","19.8828125","16.8828125","8.2734375","1.1484375","4.1171875","0","0","0","0","0","","[]","[]","0","0","0","0","0","0","0","0","0","0","0"
"361","defined by exp-number","121","0","0","121","0","15","50","0 30","1 6","23","south","0.09765625","26.1328125","8.8046875","7.6953125","patrilocal-patrilineal","8","0.0703125","0.8359375","17.5390625","19.8828125","16.8828125","8.2734375","1.1484375","4.1171875","0","0","0","0","0","","[]","[]","0","0","0","0","0","0","0","0","0","0","0"
"362","defined by exp-number","121","1","0","121","1","15","50","0 30","1 6","23","south","0.09765625","26.1328125","8.8046875","7.6953125","patrilocal-patrilineal","8","0.0703125","0.8359375","17.5390625","19.8828125","16.8828125","8.2734375","1.1484375","4.1171875","0","0","0","0","0","","[]","[]","0","0","0","0","0","0","0","0","0","0","0"
"364","defined by exp-number","122","0","0","122","0","15","50","0 30","1 6","23","south","0.09765625","26.1328125","8.8046875","7.6953125","patrilocal-patrilineal","8","0.0703125","0.8359375","17.5390625","19.8828125","16.8828125","8.2734375","1.1484375","4.1171875","0","0","0","0","0","","[]","[]","0","0","0","0","0","0","0","0","0","0","0"
"365","defined by exp-number","122","1","0","122","1","15","50","0 30","1 6","23","south","0.09765625","26.1328125","8.8046875","7.6953125","patrilocal-patrilineal","8","0.0703125","0.8359375","17.5390625","19.8828125","16.8828125","8.2734375","1.1484375","4.1171875","0","0","0","0","0","","[]","[]","0","0","0","0","0","0","0","0","0","0","0"
"368","defined by exp-number","123","1","0","123","1","15","50","0 30","1 6","23","south","0.09765625","26.1328125","8.8046875","7.6953125","patrilocal-patrilineal","8","0.0703125","0.8359375","17.5390625","19.8828125","16.8828125","8.2734375","1.1484375","4.1171875","0","0","0","0","0","","[]","[]","0","0","0","0","0","0","0","0","0","0","0"
"367","defined by exp-number","123","0","0","123","0","15","50","0 30","1 6","23","south","0.09765625","26.1328125","8.8046875","7.6953125","patrilocal-patrilineal","8","0.0703125","0.8359375","17.5390625","19.8828125","16.8828125","8.2734375","1.1484375","4.1171875","0","0","0","0","0","","[]","[]","0","0","0","0","0","0","0","0","0","0","0"
"369","defined by exp-number","123","2","0","123","2","15","50","0 30","1 6","23","south","0.09765625","26.1328125","8.8046875","7.6953125","patrilocal-patrilineal","8","0.0703125","0.8359375","17.5390625","19.8828125","16.8828125","8.2734375","1.1484375","4.1171875","0","0","0","0","0","","[]","[]","0","0","0","0","0","0","0","0","0","0","0"
"366","defined by exp-number","122","2","0","122","2","15","50","0 30","1 6","23","south","0.09765625","26.1328125","8.8046875","7.6953125","patrilocal-patrilineal","8","0.0703125","0.8359375","17.5390625","19.8828125","16.8828125","8.2734375","1.1484375","4.1171875","0","0","0","0","0","","[]","[]","0","0","0","0","0","0","0","0","0","0","0"
"370","defined by exp-number","124","0","0","124","0","15","50","0 30","1 6","23","south","0.09765625","26.1328125","8.8046875","7.6953125","patrilocal-patrilineal","8","0.0703125","0.8359375","17.5390625","19.8828125","16.8828125","8.2734375","1.1484375","4.1171875","0","0","0","0","0","","[]","[]","0","0","0","0","0","0","0","0","0","0","0"
"371","defined by exp-number","124","1","0","124","1","15","50","0 30","1 6","23","south","0.09765625","26.1328125","8.8046875","7.6953125","patrilocal-patrilineal","8","0.0703125","0.8359375","17.5390625","19.8828125","16.8828125","8.2734375","1.1484375","4.1171875","0","0","0","0","0","","[]","[]","0","0","0","0","0","0","0","0","0","0","0"
"373","defined by exp-number","125","0","0","125","0","15","50","0 30","1 6","23","south","0.09765625","26.1328125","8.8046875","7.6953125","patrilocal-patrilineal","8","0.0703125","0.8359375","17.5390625","19.8828125","16.8828125","8.2734375","1.1484375","4.1171875","0","0","0","0","0","","[]","[]","0","0","0","0","0","0","0","0","0","0","0"
"374","defined by exp-number","125","1","0","125","1","15","50","0 30","1 6","23","south","0.09765625","26.1328125","8.8046875","7.6953125","patrilocal-patrilineal","8","0.0703125","0.8359375","17.5390625","19.8828125","16.8828125","8.2734375","1.1484375","4.1171875","0","0","0","0","0","","[]","[]","0","0","0","0","0","0","0","0","0","0","0"
"372","defined by exp-number","124","2","0","124","2","15","50","0 30","1 6","23","south","0.09765625","26.1328125","8.8046875","7.6953125","patrilocal-patrilineal","8","0.0703125","0.8359375","17.5390625","19.8828125","16.8828125","8.2734375","1.1484375","4.1171875","0","0","0","0","0","","[]","[]","0","0","0","0","0","0","0","0","0","0","0"
"375","defined by exp-number","125","2","0","125","2","15","50","0 30","1 6","23","south","0.09765625","26.1328125","8.8046875","7.6953125","patrilocal-patrilineal","8","0.0703125","0.8359375","17.5390625","19.8828125","16.8828125","8.2734375","1.1484375","4.1171875","0","0","0","0","0","","[]","[]","0","0","0","0","0","0","0","0","0","0","0"
"376","defined by exp-number","126","0","0","126","0","15","50","0 30","1 6","23","south","0.09765625","26.1328125","8.8046875","7.6953125","patrilocal-patrilineal","8","0.0703125","0.8359375","17.5390625","19.8828125","16.8828125","8.2734375","1.1484375","4.1171875","0","0","0","0","0","","[]","[]","0","0","0","0","0","0","0","0","0","0","0"
"380","defined by exp-number","127","1","0","127","1","15","50","0 30","1 6","23","south","0.09765625","26.1328125","8.8046875","7.6953125","patrilocal-patrilineal","8","0.0703125","0.8359375","17.5390625","19.8828125","16.8828125","8.2734375","1.1484375","4.1171875","0","0","0","0","0","","[]","[]","0","0","0","0","0","0","0","0","0","0","0"
"378","defined by exp-number","126","2","0","126","2","15","50","0 30","1 6","23","south","0.09765625","26.1328125","8.8046875","7.6953125","patrilocal-patrilineal","8","0.0703125","0.8359375","17.5390625","19.8828125","16.8828125","8.2734375","1.1484375","4.1171875","0","0","0","0","0","","[]","[]","0","0","0","0","0","0","0","0","0","0","0"
"377","defined by exp-number","126","1","0","126","1","15","50","0 30","1 6","23","south","0.09765625","26.1328125","8.8046875","7.6953125","patrilocal-patrilineal","8","0.0703125","0.8359375","17.5390625","19.8828125","16.8828125","8.2734375","1.1484375","4.1171875","0","0","0","0","0","","[]","[]","0","0","0","0","0","0","0","0","0","0","0"
"379","defined by exp-number","127","0","0","127","0","15","50","0 30","1 6","23","south","0.09765625","26.1328125","8.8046875","7.6953125","patrilocal-patrilineal","8","0.0703125","0.8359375","17.5390625","19.8828125","16.8828125","8.2734375","1.1484375","4.1171875","0","0","0","0","0","","[]","[]","0","0","0","0","0","0","0","0","0","0","0"
"381","defined by exp-number","127","2","0","127","2","15","50","0 30","1 6","23","south","0.09765625","26.1328125","8.8046875","7.6953125","patrilocal-patrilineal","8","0.0703125","0.8359375","17.5390625","19.8828125","16.8828125","8.2734375","1.1484375","4.1171875","0","0","0","0","0","","[]","[]","0","0","0","0","0","0","0","0","0","0","0"
"383","defined by exp-number","128","1","0","128","1","15","50","0 30","1 6","23","south","0.09765625","26.1328125","8.8046875","7.6953125","patrilocal-patrilineal","8","0.0703125","0.8359375","17.5390625","19.8828125","16.8828125","8.2734375","1.1484375","4.1171875","0","0","0","0","0","","[]","[]","0","0","0","0","0","0","0","0","0","0","0"
"384","defined by exp-number","128","2","0","128","2","15","50","0 30","1 6","23","south","0.09765625","26.1328125","8.8046875","7.6953125","patrilocal-patrilineal","8","0.0703125","0.8359375","17.5390625","19.8828125","16.8828125","8.2734375","1.1484375","4.1171875","0","0","0","0","0","","[]","[]","0","0","0","0","0","0","0","0","0","0","0"
"382","defined by exp-number","128","0","0","128","0","15","50","0 30","1 6","23","south","0.09765625","26.1328125","8.8046875","7.6953125","patrilocal-patrilineal","8","0.0703125","0.8359375","17.5390625","19.8828125","16.8828125","8.2734375","1.1484375","4.1171875","0","0","0","0","0","","[]","[]","0","0","0","0","0","0","0","0","0","0","0"
"385","defined by exp-number","129","0","0","129","0","15","50","0 30","1 6","23","south","0.09765625","26.1328125","8.8046875","7.6953125","patrilocal-patrilineal","8","0.0703125","0.8359375","17.5390625","19.8828125","16.8828125","8.2734375","1.1484375","4.1171875","0","0","0","0","0","","[]","[]","0","0","0","0","0","0","0","0","0","0","0"
"386","defined by exp-number","129","1","0","129","1","15","50","0 30","1 6","23","south","0.09765625","26.1328125","8.8046875","7.6953125","patrilocal-patrilineal","8","0.0703125","0.8359375","17.5390625","19.8828125","16.8828125","8.2734375","1.1484375","4.1171875","0","0","0","0","0","","[]","[]","0","0","0","0","0","0","0","0","0","0","0"
"360","defined by exp-number","120","2","0","120","2","15","50","0 30","1 6","23","south","0.09765625","26.1328125","8.8046875","7.6953125","patrilocal-patrilineal","8","0.0703125","0.8359375","17.5390625","19.8828125","16.8828125","8.2734375","1.1484375","4.1171875","0","0","0","0","0","","[]","[]","0","0","0","0","0","0","0","0","0","0","0"
"389","defined by exp-number","130","1","0","130","1","15","50","0 30","1 6","23","south","0.09765625","26.1328125","8.8046875","7.6953125","patrilocal-patrilineal","8","0.0703125","0.8359375","17.5390625","19.8828125","16.8828125","8.2734375","1.1484375","4.1171875","0","0","0","0","0","","[]","[]","0","0","0","0","0","0","0","0","0","0","0"
"388","defined by exp-number","130","0","0","130","0","15","50","0 30","1 6","23","south","0.09765625","26.1328125","8.8046875","7.6953125","patrilocal-patrilineal","8","0.0703125","0.8359375","17.5390625","19.8828125","16.8828125","8.2734375","1.1484375","4.1171875","0","0","0","0","0","","[]","[]","0","0","0","0","0","0","0","0","0","0","0"
"387","defined by exp-number","129","2","0","129","2","15","50","0 30","1 6","23","south","0.09765625","26.1328125","8.8046875","7.6953125","patrilocal-patrilineal","8","0.0703125","0.8359375","17.5390625","19.8828125","16.8828125","8.2734375","1.1484375","4.1171875","0","0","0","0","0","","[]","[]","0","0","0","0","0","0","0","0","0","0","0"
"390","defined by exp-number","130","2","0","130","2","15","50","0 30","1 6","23","south","0.09765625","26.1328125","8.8046875","7.6953125","patrilocal-patrilineal","8","0.0703125","0.8359375","17.5390625","19.8828125","16.8828125","8.2734375","1.1484375","4.1171875","0","0","0","0","0","","[]","[]","0","0","0","0","0","0","0","0","0","0","0"
"391","defined by exp-number","131","0","0","131","0","15","50","0 30","1 6","23","south","0.09765625","26.1328125","8.8046875","7.6953125","patrilocal-patrilineal","8","0.0703125","0.8359375","17.5390625","19.8828125","16.8828125","8.2734375","1.1484375","4.1171875","0","0","0","0","0","","[]","[]","0","0","0","0","0","0","0","0","0","0","0"
"392","defined by exp-number","131","1","0","131","1","15","50","0 30","1 6","23","south","0.09765625","26.1328125","8.8046875","7.6953125","patrilocal-patrilineal","8","0.0703125","0.8359375","17.5390625","19.8828125","16.8828125","8.2734375","1.1484375","4.1171875","0","0","0","0","0","","[]","[]","0","0","0","0","0","0","0","0","0","0","0"
"394","defined by exp-number","132","0","0","132","0","15","50","0 30","1 6","23","south","0.09765625","26.1328125","8.8046875","7.6953125","patrilocal-patrilineal","8","0.0703125","0.8359375","17.5390625","19.8828125","16.8828125","8.2734375","1.1484375","4.1171875","0","0","0","0","0","","[]","[]","0","0","0","0","0","0","0","0","0","0","0"
"395","defined by exp-number","132","1","0","132","1","15","50","0 30","1 6","23","south","0.09765625","26.1328125","8.8046875","7.6953125","patrilocal-patrilineal","8","0.0703125","0.8359375","17.5390625","19.8828125","16.8828125","8.2734375","1.1484375","4.1171875","0","0","0","0","0","","[]","[]","0","0","0","0","0","0","0","0","0","0","0"
"398","defined by exp-number","133","1","0","133","1","15","50","0 30","1 6","23","south","0.09765625","26.1328125","8.8046875","7.6953125","patrilocal-patrilineal","8","0.0703125","0.8359375","17.5390625","19.8828125","16.8828125","8.2734375","1.1484375","4.1171875","0","0","0","0","0","","[]","[]","0","0","0","0","0","0","0","0","0","0","0"
"396","defined by exp-number","132","2","0","132","2","15","50","0 30","1 6","23","south","0.09765625","26.1328125","8.8046875","7.6953125","patrilocal-patrilineal","8","0.0703125","0.8359375","17.5390625","19.8828125","16.8828125","8.2734375","1.1484375","4.1171875","0","0","0","0","0","","[]","[]","0","0","0","0","0","0","0","0","0","0","0"
"397","defined by exp-number","133","0","0","133","0","15","50","0 30","1 6","23","south","0.09765625","26.1328125","8.8046875","7.6953125","patrilocal-patrilineal","8","0.0703125","0.8359375","17.5390625","19.8828125","16.8828125","8.2734375","1.1484375","4.1171875","0","0","0","0","0","","[]","[]","0","0","0","0","0","0","0","0","0","0","0"
"400","defined by exp-number","134","0","0","134","0","15","50","0 30","1 6","23","south","0.09765625","26.1328125","8.8046875","7.6953125","patrilocal-patrilineal","8","0.0703125","0.8359375","17.5390625","19.8828125","16.8828125","8.2734375","1.1484375","4.1171875","0","0","0","0","0","","[]","[]","0","0","0","0","0","0","0","0","0","0","0"
"399","defined by exp-number","133","2","0","133","2","15","50","0 30","1 6","23","south","0.09765625","26.1328125","8.8046875","7.6953125","patrilocal-patrilineal","8","0.0703125","0.8359375","17.5390625","19.8828125","16.8828125","8.2734375","1.1484375","4.1171875","0","0","0","0","0","","[]","[]","0","0","0","0","0","0","0","0","0","0","0"
"401","defined by exp-number","134","1","0","134","1","15","50","0 30","1 6","23","south","0.09765625","26.1328125","8.8046875","7.6953125","patrilocal-patrilineal","8","0.0703125","0.8359375","17.5390625","19.8828125","16.8828125","8.2734375","1.1484375","4.1171875","0","0","0","0","0","","[]","[]","0","0","0","0","0","0","0","0","0","0","0"
"403","defined by exp-number","135","0","0","135","0","15","50","0 30","1 6","23","south","0.09765625","26.1328125","8.8046875","7.6953125","patrilocal-patrilineal","8","0.0703125","0.8359375","17.5390625","19.8828125","16.8828125","8.2734375","1.1484375","4.1171875","0","0","0","0","0","","[]","[]","0","0","0","0","0","0","0","0","0","0","0"
"402","defined by exp-number","134","2","0","134","2","15","50","0 30","1 6","23","south","0.09765625","26.1328125","8.8046875","7.6953125","patrilocal-patrilineal","8","0.0703125","0.8359375","17.5390625","19.8828125","16.8828125","8.2734375","1.1484375","4.1171875","0","0","0","0","0","","[]","[]","0","0","0","0","0","0","0","0","0","0","0"
"405","defined by exp-number","135","2","0","135","2","15","50","0 30","1 6","23","south","0.09765625","26.1328125","8.8046875","7.6953125","patrilocal-patrilineal","8","0.0703125","0.8359375","17.5390625","19.8828125","16.8828125","8.2734375","1.1484375","4.1171875","0","0","0","0","0","","[]","[]","0","0","0","0","0","0","0","0","0","0","0"
"404","defined by exp-number","135","1","0","135","1","15","50","0 30","1 6","23","south","0.09765625","26.1328125","8.8046875","7.6953125","patrilocal-patrilineal","8","0.0703125","0.8359375","17.5390625","19.8828125","16.8828125","8.2734375","1.1484375","4.1171875","0","0","0","0","0","","[]","[]","0","0","0","0","0","0","0","0","0","0","0"
"406","defined by exp-number","136","0","0","136","0","15","50","0 30","1 6","23","south","0.09765625","26.1328125","8.8046875","7.6953125","patrilocal-patrilineal","8","0.0703125","0.8359375","17.5390625","19.8828125","16.8828125","8.2734375","1.1484375","4.1171875","0","0","0","0","0","","[]","[]","0","0","0","0","0","0","0","0","0","0","0"
"407","defined by exp-number","136","1","0","136","1","15","50","0 30","1 6","23","south","0.09765625","26.1328125","8.8046875","7.6953125","patrilocal-patrilineal","8","0.0703125","0.8359375","17.5390625","19.8828125","16.8828125","8.2734375","1.1484375","4.1171875","0","0","0","0","0","","[]","[]","0","0","0","0","0","0","0","0","0","0","0"
"409","defined by exp-number","137","0","0","137","0","15","50","0 30","1 6","23","south","0.09765625","26.1328125","8.8046875","7.6953125","patrilocal-patrilineal","8","0.0703125","0.8359375","17.5390625","19.8828125","16.8828125","8.2734375","1.1484375","4.1171875","0","0","0","0","0","","[]","[]","0","0","0","0","0","0","0","0","0","0","0"
"408","defined by exp-number","136","2","0","136","2","15","50","0 30","1 6","23","south","0.09765625","26.1328125","8.8046875","7.6953125","patrilocal-patrilineal","8","0.0703125","0.8359375","17.5390625","19.8828125","16.8828125","8.2734375","1.1484375","4.1171875","0","0","0","0","0","","[]","[]","0","0","0","0","0","0","0","0","0","0","0"
"410","defined by exp-number","137","1","0","137","1","15","50","0 30","1 6","23","south","0.09765625","26.1328125","8.8046875","7.6953125","patrilocal-patrilineal","8","0.0703125","0.8359375","17.5390625","19.8828125","16.8828125","8.2734375","1.1484375","4.1171875","0","0","0","0","0","","[]","[]","0","0","0","0","0","0","0","0","0","0","0"
"411","defined by exp-number","137","2","0","137","2","15","50","0 30","1 6","23","south","0.09765625","26.1328125","8.8046875","7.6953125","patrilocal-patrilineal","8","0.0703125","0.8359375","17.5390625","19.8828125","16.8828125","8.2734375","1.1484375","4.1171875","0","0","0","0","0","","[]","[]","0","0","0","0","0","0","0","0","0","0","0"
"413","defined by exp-number","138","1","0","138","1","15","50","0 30","1 6","23","south","0.09765625","26.1328125","8.8046875","7.6953125","patrilocal-patrilineal","8","0.0703125","0.8359375","17.5390625","19.8828125","16.8828125","8.2734375","1.1484375","4.1171875","0","0","0","0","0","","[]","[]","0","0","0","0","0","0","0","0","0","0","0"
"414","defined by exp-number","138","2","0","138","2","15","50","0 30","1 6","23","south","0.09765625","26.1328125","8.8046875","7.6953125","patrilocal-patrilineal","8","0.0703125","0.8359375","17.5390625","19.8828125","16.8828125","8.2734375","1.1484375","4.1171875","0","0","0","0","0","","[]","[]","0","0","0","0","0","0","0","0","0","0","0"
"412","defined by exp-number","138","0","0","138","0","15","50","0 30","1 6","23","south","0.09765625","26.1328125","8.8046875","7.6953125","patrilocal-patrilineal","8","0.0703125","0.8359375","17.5390625","19.8828125","16.8828125","8.2734375","1.1484375","4.1171875","0","0","0","0","0","","[]","[]","0","0","0","0","0","0","0","0","0","0","0"
"415","defined by exp-number","139","0","0","139","0","15","50","0 30","1 6","23","south","0.09765625","26.1328125","8.8046875","7.6953125","patrilocal-patrilineal","8","0.0703125","0.8359375","17.5390625","19.8828125","16.8828125","8.2734375","1.1484375","4.1171875","0","0","0","0","0","","[]","[]","0","0","0","0","0","0","0","0","0","0","0"
"418","defined by exp-number","140","0","0","140","0","15","50","0 30","1 6","23","south","0.09765625","26.1328125","8.8046875","7.6953125","patrilocal-patrilineal","8","0.0703125","0.8359375","17.5390625","19.8828125","16.8828125","8.2734375","1.1484375","4.1171875","0","0","0","0","0","","[]","[]","0","0","0","0","0","0","0","0","0","0","0"
"416","defined by exp-number","139","1","0","139","1","15","50","0 30","1 6","23","south","0.09765625","26.1328125","8.8046875","7.6953125","patrilocal-patrilineal","8","0.0703125","0.8359375","17.5390625","19.8828125","16.8828125","8.2734375","1.1484375","4.1171875","0","0","0","0","0","","[]","[]","0","0","0","0","0","0","0","0","0","0","0"
"417","defined by exp-number","139","2","0","139","2","15","50","0 30","1 6","23","south","0.09765625","26.1328125","8.8046875","7.6953125","patrilocal-patrilineal","8","0.0703125","0.8359375","17.5390625","19.8828125","16.8828125","8.2734375","1.1484375","4.1171875","0","0","0","0","0","","[]","[]","0","0","0","0","0","0","0","0","0","0","0"
"420","defined by exp-number","140","2","0","140","2","15","50","0 30","1 6","23","south","0.09765625","26.1328125","8.8046875","7.6953125","patrilocal-patrilineal","8","0.0703125","0.8359375","17.5390625","19.8828125","16.8828125","8.2734375","1.1484375","4.1171875","0","0","0","0","0","","[]","[]","0","0","0","0","0","0","0","0","0","0","0"
"419","defined by exp-number","140","1","0","140","1","15","50","0 30","1 6","23","south","0.09765625","26.1328125","8.8046875","7.6953125","patrilocal-patrilineal","8","0.0703125","0.8359375","17.5390625","19.8828125","16.8828125","8.2734375","1.1484375","4.1171875","0","0","0","0","0","","[]","[]","0","0","0","0","0","0","0","0","0","0","0"
"421","defined by exp-number","141","0","0","141","0","15","50","0 30","1 6","23","south","0.09765625","26.1328125","8.8046875","7.6953125","patrilocal-patrilineal","8","0.0703125","0.8359375","17.5390625","19.8828125","16.8828125","8.2734375","1.1484375","4.1171875","0","0","0","0","0","","[]","[]","0","0","0","0","0","0","0","0","0","0","0"
"423","defined by exp-number","141","2","0","141","2","15","50","0 30","1 6","23","south","0.09765625","26.1328125","8.8046875","7.6953125","patrilocal-patrilineal","8","0.0703125","0.8359375","17.5390625","19.8828125","16.8828125","8.2734375","1.1484375","4.1171875","0","0","0","0","0","","[]","[]","0","0","0","0","0","0","0","0","0","0","0"
"422","defined by exp-number","141","1","0","141","1","15","50","0 30","1 6","23","south","0.09765625","26.1328125","8.8046875","7.6953125","patrilocal-patrilineal","8","0.0703125","0.8359375","17.5390625","19.8828125","16.8828125","8.2734375","1.1484375","4.1171875","0","0","0","0","0","","[]","[]","0","0","0","0","0","0","0","0","0","0","0"
"425","defined by exp-number","142","1","0","142","1","15","50","0 30","1 6","23","south","0.09765625","26.1328125","8.8046875","7.6953125","patrilocal-patrilineal","8","0.0703125","0.8359375","17.5390625","19.8828125","16.8828125","8.2734375","1.1484375","4.1171875","0","0","0","0","0","","[]","[]","0","0","0","0","0","0","0","0","0","0","0"
"424","defined by exp-number","142","0","0","142","0","15","50","0 30","1 6","23","south","0.09765625","26.1328125","8.8046875","7.6953125","patrilocal-patrilineal","8","0.0703125","0.8359375","17.5390625","19.8828125","16.8828125","8.2734375","1.1484375","4.1171875","0","0","0","0","0","","[]","[]","0","0","0","0","0","0","0","0","0","0","0"
"426","defined by exp-number","142","2","0","142","2","15","50","0 30","1 6","23","south","0.09765625","26.1328125","8.8046875","7.6953125","patrilocal-patrilineal","8","0.0703125","0.8359375","17.5390625","19.8828125","16.8828125","8.2734375","1.1484375","4.1171875","0","0","0","0","0","","[]","[]","0","0","0","0","0","0","0","0","0","0","0"
"427","defined by exp-number","143","0","0","143","0","15","50","0 30","1 6","23","south","0.09765625","26.1328125","8.8046875","7.6953125","patrilocal-patrilineal","8","0.0703125","0.8359375","17.5390625","19.8828125","16.8828125","8.2734375","1.1484375","4.1171875","0","0","0","0","0","","[]","[]","0","0","0","0","0","0","0","0","0","0","0"
"428","defined by exp-number","143","1","0","143","1","15","50","0 30","1 6","23","south","0.09765625","26.1328125","8.8046875","7.6953125","patrilocal-patrilineal","8","0.0703125","0.8359375","17.5390625","19.8828125","16.8828125","8.2734375","1.1484375","4.1171875","0","0","0","0","0","","[]","[]","0","0","0","0","0","0","0","0","0","0","0"
"429","defined by exp-number","143","2","0","143","2","15","50","0 30","1 6","23","south","0.09765625","26.1328125","8.8046875","7.6953125","patrilocal-patrilineal","8","0.0703125","0.8359375","17.5390625","19.8828125","16.8828125","8.2734375","1.1484375","4.1171875","0","0","0","0","0","","[]","[]","0","0","0","0","0","0","0","0","0","0","0"
"430","defined by exp-number","144","0","0","144","0","15","50","0 30","1 6","23","south","0.09765625","26.1328125","8.8046875","7.6953125","patrilocal-patrilineal","8","0.0703125","0.8359375","17.5390625","19.8828125","16.8828125","8.2734375","1.1484375","4.1171875","0","0","0","0","0","","[]","[]","0","0","0","0","0","0","0","0","0","0","0"
"432","defined by exp-number","144","2","0","144","2","15","50","0 30","1 6","23","south","0.09765625","26.1328125","8.8046875","7.6953125","patrilocal-patrilineal","8","0.0703125","0.8359375","17.5390625","19.8828125","16.8828125","8.2734375","1.1484375","4.1171875","0","0","0","0","0","","[]","[]","0","0","0","0","0","0","0","0","0","0","0"
"431","defined by exp-number","144","1","0","144","1","15","50","0 30","1 6","23","south","0.09765625","26.1328125","8.8046875","7.6953125","patrilocal-patrilineal","8","0.0703125","0.8359375","17.5390625","19.8828125","16.8828125","8.2734375","1.1484375","4.1171875","0","0","0","0","0","","[]","[]","0","0","0","0","0","0","0","0","0","0","0"
"434","defined by exp-number","145","1","0","145","1","15","50","0 30","1 6","23","south","0.09765625","26.1328125","8.8046875","7.6953125","patrilocal-patrilineal","8","0.0703125","0.8359375","17.5390625","19.8828125","16.8828125","8.2734375","1.1484375","4.1171875","0","0","0","0","0","","[]","[]","0","0","0","0","0","0","0","0","0","0","0"
"433","defined by exp-number","145","0","0","145","0","15","50","0 30","1 6","23","south","0.09765625","26.1328125","8.8046875","7.6953125","patrilocal-patrilineal","8","0.0703125","0.8359375","17.5390625","19.8828125","16.8828125","8.2734375","1.1484375","4.1171875","0","0","0","0","0","","[]","[]","0","0","0","0","0","0","0","0","0","0","0"
"435","defined by exp-number","145","2","0","145","2","15","50","0 30","1 6","23","south","0.09765625","26.1328125","8.8046875","7.6953125","patrilocal-patrilineal","8","0.0703125","0.8359375","17.5390625","19.8828125","16.8828125","8.2734375","1.1484375","4.1171875","0","0","0","0","0","","[]","[]","0","0","0","0","0","0","0","0","0","0","0"
"437","defined by exp-number","146","1","0","146","1","15","50","0 30","1 6","23","south","0.09765625","26.1328125","8.8046875","7.6953125","patrilocal-patrilineal","8","0.0703125","0.8359375","17.5390625","19.8828125","16.8828125","8.2734375","1.1484375","4.1171875","0","0","0","0","0","","[]","[]","0","0","0","0","0","0","0","0","0","0","0"
"438","defined by exp-number","146","2","0","146","2","15","50","0 30","1 6","23","south","0.09765625","26.1328125","8.8046875","7.6953125","patrilocal-patrilineal","8","0.0703125","0.8359375","17.5390625","19.8828125","16.8828125","8.2734375","1.1484375","4.1171875","0","0","0","0","0","","[]","[]","0","0","0","0","0","0","0","0","0","0","0"
"439","defined by exp-number","147","0","0","147","0","15","50","0 30","1 6","23","south","0.09765625","26.1328125","8.8046875","7.6953125","patrilocal-patrilineal","8","0.0703125","0.8359375","17.5390625","19.8828125","16.8828125","8.2734375","1.1484375","4.1171875","0","0","0","0","0","","[]","[]","0","0","0","0","0","0","0","0","0","0","0"
"436","defined by exp-number","146","0","0","146","0","15","50","0 30","1 6","23","south","0.09765625","26.1328125","8.8046875","7.6953125","patrilocal-patrilineal","8","0.0703125","0.8359375","17.5390625","19.8828125","16.8828125","8.2734375","1.1484375","4.1171875","0","0","0","0","0","","[]","[]","0","0","0","0","0","0","0","0","0","0","0"
"440","defined by exp-number","147","1","0","147","1","15","50","0 30","1 6","23","south","0.09765625","26.1328125","8.8046875","7.6953125","patrilocal-patrilineal","8","0.0703125","0.8359375","17.5390625","19.8828125","16.8828125","8.2734375","1.1484375","4.1171875","0","0","0","0","0","","[]","[]","0","0","0","0","0","0","0","0","0","0","0"
"441","defined by exp-number","147","2","0","147","2","15","50","0 30","1 6","23","south","0.09765625","26.1328125","8.8046875","7.6953125","patrilocal-patrilineal","8","0.0703125","0.8359375","17.5390625","19.8828125","16.8828125","8.2734375","1.1484375","4.1171875","0","0","0","0","0","","[]","[]","0","0","0","0","0","0","0","0","0","0","0"
"442","defined by exp-number","148","0","0","148","0","15","50","0 30","1 6","23","south","0.09765625","26.1328125","8.8046875","7.6953125","patrilocal-patrilineal","8","0.0703125","0.8359375","17.5390625","19.8828125","16.8828125","8.2734375","1.1484375","4.1171875","0","0","0","0","0","","[]","[]","0","0","0","0","0","0","0","0","0","0","0"
"444","defined by exp-number","148","2","0","148","2","15","50","0 30","1 6","23","south","0.09765625","26.1328125","8.8046875","7.6953125","patrilocal-patrilineal","8","0.0703125","0.8359375","17.5390625","19.8828125","16.8828125","8.2734375","1.1484375","4.1171875","0","0","0","0","0","","[]","[]","0","0","0","0","0","0","0","0","0","0","0"
"443","defined by exp-number","148","1","0","148","1","15","50","0 30","1 6","23","south","0.09765625","26.1328125","8.8046875","7.6953125","patrilocal-patrilineal","8","0.0703125","0.8359375","17.5390625","19.8828125","16.8828125","8.2734375","1.1484375","4.1171875","0","0","0","0","0","","[]","[]","0","0","0","0","0","0","0","0","0","0","0"
"445","defined by exp-number","149","0","0","149","0","15","50","0 30","1 6","23","south","0.09765625","26.1328125","8.8046875","7.6953125","patrilocal-patrilineal","8","0.0703125","0.8359375","17.5390625","19.8828125","16.8828125","8.2734375","1.1484375","4.1171875","0","0","0","0","0","","[]","[]","0","0","0","0","0","0","0","0","0","0","0"
"446","defined by exp-number","149","1","0","149","1","15","50","0 30","1 6","23","south","0.09765625","26.1328125","8.8046875","7.6953125","patrilocal-patrilineal","8","0.0703125","0.8359375","17.5390625","19.8828125","16.8828125","8.2734375","1.1484375","4.1171875","0","0","0","0","0","","[]","[]","0","0","0","0","0","0","0","0","0","0","0"
"449","defined by exp-number","150","1","0","150","1","15","50","0 30","1 6","23","south","0.09765625","26.1328125","8.8046875","7.6953125","patrilocal-patrilineal","8","0.0703125","0.8359375","17.5390625","19.8828125","16.8828125","8.2734375","1.1484375","4.1171875","0","0","0","0","0","","[]","[]","0","0","0","0","0","0","0","0","0","0","0"
"447","defined by exp-number","149","2","0","149","2","15","50","0 30","1 6","23","south","0.09765625","26.1328125","8.8046875","7.6953125","patrilocal-patrilineal","8","0.0703125","0.8359375","17.5390625","19.8828125","16.8828125","8.2734375","1.1484375","4.1171875","0","0","0","0","0","","[]","[]","0","0","0","0","0","0","0","0","0","0","0"
"450","defined by exp-number","150","2","0","150","2","15","50","0 30","1 6","23","south","0.09765625","26.1328125","8.8046875","7.6953125","patrilocal-patrilineal","8","0.0703125","0.8359375","17.5390625","19.8828125","16.8828125","8.2734375","1.1484375","4.1171875","0","0","0","0","0","","[]","[]","0","0","0","0","0","0","0","0","0","0","0"
"452","defined by exp-number","151","1","0","151","1","15","50","0 30","1 6","23","south","0.09765625","26.1328125","8.8046875","7.6953125","patrilocal-patrilineal","8","0.0703125","0.8359375","17.5390625","19.8828125","16.8828125","8.2734375","1.1484375","4.1171875","0","0","0","0","0","","[]","[]","0","0","0","0","0","0","0","0","0","0","0"
"393","defined by exp-number","131","2","0","131","2","15","50","0 30","1 6","23","south","0.09765625","26.1328125","8.8046875","7.6953125","patrilocal-patrilineal","8","0.0703125","0.8359375","17.5390625","19.8828125","16.8828125","8.2734375","1.1484375","4.1171875","0","0","0","0","0","","[]","[]","0","0","0","0","0","0","0","0","0","0","0"
"453","defined by exp-number","151","2","0","151","2","15","50","0 30","1 6","23","south","0.09765625","26.1328125","8.8046875","7.6953125","patrilocal-patrilineal","8","0.0703125","0.8359375","17.5390625","19.8828125","16.8828125","8.2734375","1.1484375","4.1171875","0","0","0","0","0","","[]","[]","0","0","0","0","0","0","0","0","0","0","0"
"454","defined by exp-number","152","0","0","152","0","15","50","0 30","1 6","23","south","0.09765625","26.1328125","8.8046875","7.6953125","patrilocal-patrilineal","8","0.0703125","0.8359375","17.5390625","19.8828125","16.8828125","8.2734375","1.1484375","4.1171875","0","0","0","0","0","","[]","[]","0","0","0","0","0","0","0","0","0","0","0"
"451","defined by exp-number","151","0","0","151","0","15","50","0 30","1 6","23","south","0.09765625","26.1328125","8.8046875","7.6953125","patrilocal-patrilineal","8","0.0703125","0.8359375","17.5390625","19.8828125","16.8828125","8.2734375","1.1484375","4.1171875","0","0","0","0","0","","[]","[]","0","0","0","0","0","0","0","0","0","0","0"
"455","defined by exp-number","152","1","0","152","1","15","50","0 30","1 6","23","south","0.09765625","26.1328125","8.8046875","7.6953125","patrilocal-patrilineal","8","0.0703125","0.8359375","17.5390625","19.8828125","16.8828125","8.2734375","1.1484375","4.1171875","0","0","0","0","0","","[]","[]","0","0","0","0","0","0","0","0","0","0","0"
"448","defined by exp-number","150","0","0","150","0","15","50","0 30","1 6","23","south","0.09765625","26.1328125","8.8046875","7.6953125","patrilocal-patrilineal","8","0.0703125","0.8359375","17.5390625","19.8828125","16.8828125","8.2734375","1.1484375","4.1171875","0","0","0","0","0","","[]","[]","0","0","0","0","0","0","0","0","0","0","0"
"458","defined by exp-number","153","1","0","153","1","15","50","0 30","1 6","23","south","0.09765625","26.1328125","8.8046875","7.6953125","patrilocal-patrilineal","8","0.0703125","0.8359375","17.5390625","19.8828125","16.8828125","8.2734375","1.1484375","4.1171875","0","0","0","0","0","","[]","[]","0","0","0","0","0","0","0","0","0","0","0"
"457","defined by exp-number","153","0","0","153","0","15","50","0 30","1 6","23","south","0.09765625","26.1328125","8.8046875","7.6953125","patrilocal-patrilineal","8","0.0703125","0.8359375","17.5390625","19.8828125","16.8828125","8.2734375","1.1484375","4.1171875","0","0","0","0","0","","[]","[]","0","0","0","0","0","0","0","0","0","0","0"
"459","defined by exp-number","153","2","0","153","2","15","50","0 30","1 6","23","south","0.09765625","26.1328125","8.8046875","7.6953125","patrilocal-patrilineal","8","0.0703125","0.8359375","17.5390625","19.8828125","16.8828125","8.2734375","1.1484375","4.1171875","0","0","0","0","0","","[]","[]","0","0","0","0","0","0","0","0","0","0","0"
"460","defined by exp-number","154","0","0","154","0","15","50","0 30","1 6","23","south","0.09765625","26.1328125","8.8046875","7.6953125","patrilocal-patrilineal","8","0.0703125","0.8359375","17.5390625","19.8828125","16.8828125","8.2734375","1.1484375","4.1171875","0","0","0","0","0","","[]","[]","0","0","0","0","0","0","0","0","0","0","0"
"461","defined by exp-number","154","1","0","154","1","15","50","0 30","1 6","23","south","0.09765625","26.1328125","8.8046875","7.6953125","patrilocal-patrilineal","8","0.0703125","0.8359375","17.5390625","19.8828125","16.8828125","8.2734375","1.1484375","4.1171875","0","0","0","0","0","","[]","[]","0","0","0","0","0","0","0","0","0","0","0"
"462","defined by exp-number","154","2","0","154","2","15","50","0 30","1 6","23","south","0.09765625","26.1328125","8.8046875","7.6953125","patrilocal-patrilineal","8","0.0703125","0.8359375","17.5390625","19.8828125","16.8828125","8.2734375","1.1484375","4.1171875","0","0","0","0","0","","[]","[]","0","0","0","0","0","0","0","0","0","0","0"
"465","defined by exp-number","155","2","0","155","2","15","50","0 30","1 6","23","south","0.09765625","26.1328125","8.8046875","7.6953125","patrilocal-patrilineal","8","0.0703125","0.8359375","17.5390625","19.8828125","16.8828125","8.2734375","1.1484375","4.1171875","0","0","0","0","0","","[]","[]","0","0","0","0","0","0","0","0","0","0","0"
"464","defined by exp-number","155","1","0","155","1","15","50","0 30","1 6","23","south","0.09765625","26.1328125","8.8046875","7.6953125","patrilocal-patrilineal","8","0.0703125","0.8359375","17.5390625","19.8828125","16.8828125","8.2734375","1.1484375","4.1171875","0","0","0","0","0","","[]","[]","0","0","0","0","0","0","0","0","0","0","0"
"463","defined by exp-number","155","0","0","155","0","15","50","0 30","1 6","23","south","0.09765625","26.1328125","8.8046875","7.6953125","patrilocal-patrilineal","8","0.0703125","0.8359375","17.5390625","19.8828125","16.8828125","8.2734375","1.1484375","4.1171875","0","0","0","0","0","","[]","[]","0","0","0","0","0","0","0","0","0","0","0"
"466","defined by exp-number","156","0","0","156","0","15","50","0 30","1 6","23","south","0.09765625","26.1328125","8.8046875","7.6953125","patrilocal-patrilineal","8","0.0703125","0.8359375","17.5390625","19.8828125","16.8828125","8.2734375","1.1484375","4.1171875","0","0","0","0","0","","[]","[]","0","0","0","0","0","0","0","0","0","0","0"
"467","defined by exp-number","156","1","0","156","1","15","50","0 30","1 6","23","south","0.09765625","26.1328125","8.8046875","7.6953125","patrilocal-patrilineal","8","0.0703125","0.8359375","17.5390625","19.8828125","16.8828125","8.2734375","1.1484375","4.1171875","0","0","0","0","0","","[]","[]","0","0","0","0","0","0","0","0","0","0","0"
"468","defined by exp-number","156","2","0","156","2","15","50","0 30","1 6","23","south","0.09765625","26.1328125","8.8046875","7.6953125","patrilocal-patrilineal","8","0.0703125","0.8359375","17.5390625","19.8828125","16.8828125","8.2734375","1.1484375","4.1171875","0","0","0","0","0","","[]","[]","0","0","0","0","0","0","0","0","0","0","0"
"469","defined by exp-number","157","0","0","157","0","15","50","0 30","1 6","23","south","0.09765625","26.1328125","8.8046875","7.6953125","patrilocal-patrilineal","8","0.0703125","0.8359375","17.5390625","19.8828125","16.8828125","8.2734375","1.1484375","4.1171875","0","0","0","0","0","","[]","[]","0","0","0","0","0","0","0","0","0","0","0"
"470","defined by exp-number","157","1","0","157","1","15","50","0 30","1 6","23","south","0.09765625","26.1328125","8.8046875","7.6953125","patrilocal-patrilineal","8","0.0703125","0.8359375","17.5390625","19.8828125","16.8828125","8.2734375","1.1484375","4.1171875","0","0","0","0","0","","[]","[]","0","0","0","0","0","0","0","0","0","0","0"
"471","defined by exp-number","157","2","0","157","2","15","50","0 30","1 6","23","south","0.09765625","26.1328125","8.8046875","7.6953125","patrilocal-patrilineal","8","0.0703125","0.8359375","17.5390625","19.8828125","16.8828125","8.2734375","1.1484375","4.1171875","0","0","0","0","0","","[]","[]","0","0","0","0","0","0","0","0","0","0","0"
"472","defined by exp-number","158","0","0","158","0","15","50","0 30","1 6","23","south","0.09765625","26.1328125","8.8046875","7.6953125","patrilocal-patrilineal","8","0.0703125","0.8359375","17.5390625","19.8828125","16.8828125","8.2734375","1.1484375","4.1171875","0","0","0","0","0","","[]","[]","0","0","0","0","0","0","0","0","0","0","0"
"473","defined by exp-number","158","1","0","158","1","15","50","0 30","1 6","23","south","0.09765625","26.1328125","8.8046875","7.6953125","patrilocal-patrilineal","8","0.0703125","0.8359375","17.5390625","19.8828125","16.8828125","8.2734375","1.1484375","4.1171875","0","0","0","0","0","","[]","[]","0","0","0","0","0","0","0","0","0","0","0"
"476","defined by exp-number","159","1","0","159","1","15","50","0 30","1 6","23","south","0.09765625","26.1328125","8.8046875","7.6953125","patrilocal-patrilineal","8","0.0703125","0.8359375","17.5390625","19.8828125","16.8828125","8.2734375","1.1484375","4.1171875","0","0","0","0","0","","[]","[]","0","0","0","0","0","0","0","0","0","0","0"
"474","defined by exp-number","158","2","0","158","2","15","50","0 30","1 6","23","south","0.09765625","26.1328125","8.8046875","7.6953125","patrilocal-patrilineal","8","0.0703125","0.8359375","17.5390625","19.8828125","16.8828125","8.2734375","1.1484375","4.1171875","0","0","0","0","0","","[]","[]","0","0","0","0","0","0","0","0","0","0","0"
"475","defined by exp-number","159","0","0","159","0","15","50","0 30","1 6","23","south","0.09765625","26.1328125","8.8046875","7.6953125","patrilocal-patrilineal","8","0.0703125","0.8359375","17.5390625","19.8828125","16.8828125","8.2734375","1.1484375","4.1171875","0","0","0","0","0","","[]","[]","0","0","0","0","0","0","0","0","0","0","0"
"478","defined by exp-number","160","0","0","160","0","15","50","0 30","1 6","23","south","0.09765625","26.1328125","8.8046875","7.6953125","patrilocal-patrilineal","8","0.0703125","0.8359375","17.5390625","19.8828125","16.8828125","8.2734375","1.1484375","4.1171875","0","0","0","0","0","","[]","[]","0","0","0","0","0","0","0","0","0","0","0"
"477","defined by exp-number","159","2","0","159","2","15","50","0 30","1 6","23","south","0.09765625","26.1328125","8.8046875","7.6953125","patrilocal-patrilineal","8","0.0703125","0.8359375","17.5390625","19.8828125","16.8828125","8.2734375","1.1484375","4.1171875","0","0","0","0","0","","[]","[]","0","0","0","0","0","0","0","0","0","0","0"
"479","defined by exp-number","160","1","0","160","1","15","50","0 30","1 6","23","south","0.09765625","26.1328125","8.8046875","7.6953125","patrilocal-patrilineal","8","0.0703125","0.8359375","17.5390625","19.8828125","16.8828125","8.2734375","1.1484375","4.1171875","0","0","0","0","0","","[]","[]","0","0","0","0","0","0","0","0","0","0","0"
"480","defined by exp-number","160","2","0","160","2","15","50","0 30","1 6","23","south","0.09765625","26.1328125","8.8046875","7.6953125","patrilocal-patrilineal","8","0.0703125","0.8359375","17.5390625","19.8828125","16.8828125","8.2734375","1.1484375","4.1171875","0","0","0","0","0","","[]","[]","0","0","0","0","0","0","0","0","0","0","0"
"483","defined by exp-number","161","2","0","161","2","15","50","0 30","1 6","23","south","0.09765625","26.1328125","8.8046875","7.6953125","patrilocal-patrilineal","8","0.0703125","0.8359375","17.5390625","19.8828125","16.8828125","8.2734375","1.1484375","4.1171875","0","0","0","0","0","","[]","[]","0","0","0","0","0","0","0","0","0","0","0"
"482","defined by exp-number","161","1","0","161","1","15","50","0 30","1 6","23","south","0.09765625","26.1328125","8.8046875","7.6953125","patrilocal-patrilineal","8","0.0703125","0.8359375","17.5390625","19.8828125","16.8828125","8.2734375","1.1484375","4.1171875","0","0","0","0","0","","[]","[]","0","0","0","0","0","0","0","0","0","0","0"
"481","defined by exp-number","161","0","0","161","0","15","50","0 30","1 6","23","south","0.09765625","26.1328125","8.8046875","7.6953125","patrilocal-patrilineal","8","0.0703125","0.8359375","17.5390625","19.8828125","16.8828125","8.2734375","1.1484375","4.1171875","0","0","0","0","0","","[]","[]","0","0","0","0","0","0","0","0","0","0","0"
"486","defined by exp-number","162","2","0","162","2","15","50","0 30","1 6","23","south","0.09765625","26.1328125","8.8046875","7.6953125","patrilocal-patrilineal","8","0.0703125","0.8359375","17.5390625","19.8828125","16.8828125","8.2734375","1.1484375","4.1171875","0","0","0","0","0","","[]","[]","0","0","0","0","0","0","0","0","0","0","0"
"484","defined by exp-number","162","0","0","162","0","15","50","0 30","1 6","23","south","0.09765625","26.1328125","8.8046875","7.6953125","patrilocal-patrilineal","8","0.0703125","0.8359375","17.5390625","19.8828125","16.8828125","8.2734375","1.1484375","4.1171875","0","0","0","0","0","","[]","[]","0","0","0","0","0","0","0","0","0","0","0"
"485","defined by exp-number","162","1","0","162","1","15","50","0 30","1 6","23","south","0.09765625","26.1328125","8.8046875","7.6953125","patrilocal-patrilineal","8","0.0703125","0.8359375","17.5390625","19.8828125","16.8828125","8.2734375","1.1484375","4.1171875","0","0","0","0","0","","[]","[]","0","0","0","0","0","0","0","0","0","0","0"
"487","defined by exp-number","163","0","0","163","0","15","50","0 30","1 6","23","south","0.09765625","26.1328125","8.8046875","7.6953125","patrilocal-patrilineal","8","0.0703125","0.8359375","17.5390625","19.8828125","16.8828125","8.2734375","1.1484375","4.1171875","0","0","0","0","0","","[]","[]","0","0","0","0","0","0","0","0","0","0","0"
"488","defined by exp-number","163","1","0","163","1","15","50","0 30","1 6","23","south","0.09765625","26.1328125","8.8046875","7.6953125","patrilocal-patrilineal","8","0.0703125","0.8359375","17.5390625","19.8828125","16.8828125","8.2734375","1.1484375","4.1171875","0","0","0","0","0","","[]","[]","0","0","0","0","0","0","0","0","0","0","0"
"489","defined by exp-number","163","2","0","163","2","15","50","0 30","1 6","23","south","0.09765625","26.1328125","8.8046875","7.6953125","patrilocal-patrilineal","8","0.0703125","0.8359375","17.5390625","19.8828125","16.8828125","8.2734375","1.1484375","4.1171875","0","0","0","0","0","","[]","[]","0","0","0","0","0","0","0","0","0","0","0"
"490","defined by exp-number","164","0","0","164","0","15","50","0 30","1 6","23","south","0.09765625","26.1328125","8.8046875","7.6953125","patrilocal-patrilineal","8","0.0703125","0.8359375","17.5390625","19.8828125","16.8828125","8.2734375","1.1484375","4.1171875","0","0","0","0","0","","[]","[]","0","0","0","0","0","0","0","0","0","0","0"
"491","defined by exp-number","164","1","0","164","1","15","50","0 30","1 6","23","south","0.09765625","26.1328125","8.8046875","7.6953125","patrilocal-patrilineal","8","0.0703125","0.8359375","17.5390625","19.8828125","16.8828125","8.2734375","1.1484375","4.1171875","0","0","0","0","0","","[]","[]","0","0","0","0","0","0","0","0","0","0","0"
"492","defined by exp-number","164","2","0","164","2","15","50","0 30","1 6","23","south","0.09765625","26.1328125","8.8046875","7.6953125","patrilocal-patrilineal","8","0.0703125","0.8359375","17.5390625","19.8828125","16.8828125","8.2734375","1.1484375","4.1171875","0","0","0","0","0","","[]","[]","0","0","0","0","0","0","0","0","0","0","0"
"493","defined by exp-number","165","0","0","165","0","15","50","0 30","1 6","23","south","0.09765625","26.1328125","8.8046875","7.6953125","patrilocal-patrilineal","8","0.0703125","0.8359375","17.5390625","19.8828125","16.8828125","8.2734375","1.1484375","4.1171875","0","0","0","0","0","","[]","[]","0","0","0","0","0","0","0","0","0","0","0"
"494","defined by exp-number","165","1","0","165","1","15","50","0 30","1 6","23","south","0.09765625","26.1328125","8.8046875","7.6953125","patrilocal-patrilineal","8","0.0703125","0.8359375","17.5390625","19.8828125","16.8828125","8.2734375","1.1484375","4.1171875","0","0","0","0","0","","[]","[]","0","0","0","0","0","0","0","0","0","0","0"
"496","defined by exp-number","166","0","0","166","0","15","50","0 30","1 6","23","south","0.09765625","26.1328125","8.8046875","7.6953125","patrilocal-patrilineal","8","0.0703125","0.8359375","17.5390625","19.8828125","16.8828125","8.2734375","1.1484375","4.1171875","0","0","0","0","0","","[]","[]","0","0","0","0","0","0","0","0","0","0","0"
"495","defined by exp-number","165","2","0","165","2","15","50","0 30","1 6","23","south","0.09765625","26.1328125","8.8046875","7.6953125","patrilocal-patrilineal","8","0.0703125","0.8359375","17.5390625","19.8828125","16.8828125","8.2734375","1.1484375","4.1171875","0","0","0","0","0","","[]","[]","0","0","0","0","0","0","0","0","0","0","0"
"497","defined by exp-number","166","1","0","166","1","15","50","0 30","1 6","23","south","0.09765625","26.1328125","8.8046875","7.6953125","patrilocal-patrilineal","8","0.0703125","0.8359375","17.5390625","19.8828125","16.8828125","8.2734375","1.1484375","4.1171875","0","0","0","0","0","","[]","[]","0","0","0","0","0","0","0","0","0","0","0"
"498","defined by exp-number","166","2","0","166","2","15","50","0 30","1 6","23","south","0.09765625","26.1328125","8.8046875","7.6953125","patrilocal-patrilineal","8","0.0703125","0.8359375","17.5390625","19.8828125","16.8828125","8.2734375","1.1484375","4.1171875","0","0","0","0","0","","[]","[]","0","0","0","0","0","0","0","0","0","0","0"
"499","defined by exp-number","167","0","0","167","0","15","50","0 30","1 6","23","south","0.09765625","26.1328125","8.8046875","7.6953125","patrilocal-patrilineal","8","0.0703125","0.8359375","17.5390625","19.8828125","16.8828125","8.2734375","1.1484375","4.1171875","0","0","0","0","0","","[]","[]","0","0","0","0","0","0","0","0","0","0","0"
"500","defined by exp-number","167","1","0","167","1","15","50","0 30","1 6","23","south","0.09765625","26.1328125","8.8046875","7.6953125","patrilocal-patrilineal","8","0.0703125","0.8359375","17.5390625","19.8828125","16.8828125","8.2734375","1.1484375","4.1171875","0","0","0","0","0","","[]","[]","0","0","0","0","0","0","0","0","0","0","0"
"502","defined by exp-number","168","0","0","168","0","15","50","0 30","1 6","23","south","0.09765625","26.1328125","8.8046875","7.6953125","patrilocal-patrilineal","8","0.0703125","0.8359375","17.5390625","19.8828125","16.8828125","8.2734375","1.1484375","4.1171875","0","0","0","0","0","","[]","[]","0","0","0","0","0","0","0","0","0","0","0"
"503","defined by exp-number","168","1","0","168","1","15","50","0 30","1 6","23","south","0.09765625","26.1328125","8.8046875","7.6953125","patrilocal-patrilineal","8","0.0703125","0.8359375","17.5390625","19.8828125","16.8828125","8.2734375","1.1484375","4.1171875","0","0","0","0","0","","[]","[]","0","0","0","0","0","0","0","0","0","0","0"
"501","defined by exp-number","167","2","0","167","2","15","50","0 30","1 6","23","south","0.09765625","26.1328125","8.8046875","7.6953125","patrilocal-patrilineal","8","0.0703125","0.8359375","17.5390625","19.8828125","16.8828125","8.2734375","1.1484375","4.1171875","0","0","0","0","0","","[]","[]","0","0","0","0","0","0","0","0","0","0","0"
"504","defined by exp-number","168","2","0","168","2","15","50","0 30","1 6","23","south","0.09765625","26.1328125","8.8046875","7.6953125","patrilocal-patrilineal","8","0.0703125","0.8359375","17.5390625","19.8828125","16.8828125","8.2734375","1.1484375","4.1171875","0","0","0","0","0","","[]","[]","0","0","0","0","0","0","0","0","0","0","0"
"505","defined by exp-number","169","0","0","169","0","15","50","0 30","1 6","23","south","0.09765625","26.1328125","8.8046875","7.6953125","patrilocal-patrilineal","8","0.0703125","0.8359375","17.5390625","19.8828125","16.8828125","8.2734375","1.1484375","4.1171875","0","0","0","0","0","","[]","[]","0","0","0","0","0","0","0","0","0","0","0"
"509","defined by exp-number","170","1","0","170","1","15","50","0 30","1 6","23","south","0.09765625","26.1328125","8.8046875","7.6953125","patrilocal-patrilineal","8","0.0703125","0.8359375","17.5390625","19.8828125","16.8828125","8.2734375","1.1484375","4.1171875","0","0","0","0","0","","[]","[]","0","0","0","0","0","0","0","0","0","0","0"
"506","defined by exp-number","169","1","0","169","1","15","50","0 30","1 6","23","south","0.09765625","26.1328125","8.8046875","7.6953125","patrilocal-patrilineal","8","0.0703125","0.8359375","17.5390625","19.8828125","16.8828125","8.2734375","1.1484375","4.1171875","0","0","0","0","0","","[]","[]","0","0","0","0","0","0","0","0","0","0","0"
"508","defined by exp-number","170","0","0","170","0","15","50","0 30","1 6","23","south","0.09765625","26.1328125","8.8046875","7.6953125","patrilocal-patrilineal","8","0.0703125","0.8359375","17.5390625","19.8828125","16.8828125","8.2734375","1.1484375","4.1171875","0","0","0","0","0","","[]","[]","0","0","0","0","0","0","0","0","0","0","0"
"507","defined by exp-number","169","2","0","169","2","15","50","0 30","1 6","23","south","0.09765625","26.1328125","8.8046875","7.6953125","patrilocal-patrilineal","8","0.0703125","0.8359375","17.5390625","19.8828125","16.8828125","8.2734375","1.1484375","4.1171875","0","0","0","0","0","","[]","[]","0","0","0","0","0","0","0","0","0","0","0"
"510","defined by exp-number","170","2","0","170","2","15","50","0 30","1 6","23","south","0.09765625","26.1328125","8.8046875","7.6953125","patrilocal-patrilineal","8","0.0703125","0.8359375","17.5390625","19.8828125","16.8828125","8.2734375","1.1484375","4.1171875","0","0","0","0","0","","[]","[]","0","0","0","0","0","0","0","0","0","0","0"
"513","defined by exp-number","171","2","0","171","2","15","50","0 30","1 6","23","south","0.09765625","26.1328125","8.8046875","7.6953125","patrilocal-patrilineal","8","0.0703125","0.8359375","17.5390625","19.8828125","16.8828125","8.2734375","1.1484375","4.1171875","0","0","0","0","0","","[]","[]","0","0","0","0","0","0","0","0","0","0","0"
"512","defined by exp-number","171","1","0","171","1","15","50","0 30","1 6","23","south","0.09765625","26.1328125","8.8046875","7.6953125","patrilocal-patrilineal","8","0.0703125","0.8359375","17.5390625","19.8828125","16.8828125","8.2734375","1.1484375","4.1171875","0","0","0","0","0","","[]","[]","0","0","0","0","0","0","0","0","0","0","0"
"515","defined by exp-number","172","1","0","172","1","15","50","0 30","1 6","23","south","0.09765625","26.1328125","8.8046875","7.6953125","patrilocal-patrilineal","8","0.0703125","0.8359375","17.5390625","19.8828125","16.8828125","8.2734375","1.1484375","4.1171875","0","0","0","0","0","","[]","[]","0","0","0","0","0","0","0","0","0","0","0"
"514","defined by exp-number","172","0","0","172","0","15","50","0 30","1 6","23","south","0.09765625","26.1328125","8.8046875","7.6953125","patrilocal-patrilineal","8","0.0703125","0.8359375","17.5390625","19.8828125","16.8828125","8.2734375","1.1484375","4.1171875","0","0","0","0","0","","[]","[]","0","0","0","0","0","0","0","0","0","0","0"
"511","defined by exp-number","171","0","0","171","0","15","50","0 30","1 6","23","south","0.09765625","26.1328125","8.8046875","7.6953125","patrilocal-patrilineal","8","0.0703125","0.8359375","17.5390625","19.8828125","16.8828125","8.2734375","1.1484375","4.1171875","0","0","0","0","0","","[]","[]","0","0","0","0","0","0","0","0","0","0","0"
"516","defined by exp-number","172","2","0","172","2","15","50","0 30","1 6","23","south","0.09765625","26.1328125","8.8046875","7.6953125","patrilocal-patrilineal","8","0.0703125","0.8359375","17.5390625","19.8828125","16.8828125","8.2734375","1.1484375","4.1171875","0","0","0","0","0","","[]","[]","0","0","0","0","0","0","0","0","0","0","0"
"517","defined by exp-number","173","0","0","173","0","15","50","0 30","1 6","23","south","0.09765625","26.1328125","8.8046875","7.6953125","patrilocal-patrilineal","8","0.0703125","0.8359375","17.5390625","19.8828125","16.8828125","8.2734375","1.1484375","4.1171875","0","0","0","0","0","","[]","[]","0","0","0","0","0","0","0","0","0","0","0"
"518","defined by exp-number","173","1","0","173","1","15","50","0 30","1 6","23","south","0.09765625","26.1328125","8.8046875","7.6953125","patrilocal-patrilineal","8","0.0703125","0.8359375","17.5390625","19.8828125","16.8828125","8.2734375","1.1484375","4.1171875","0","0","0","0","0","","[]","[]","0","0","0","0","0","0","0","0","0","0","0"
"519","defined by exp-number","173","2","0","173","2","15","50","0 30","1 6","23","south","0.09765625","26.1328125","8.8046875","7.6953125","patrilocal-patrilineal","8","0.0703125","0.8359375","17.5390625","19.8828125","16.8828125","8.2734375","1.1484375","4.1171875","0","0","0","0","0","","[]","[]","0","0","0","0","0","0","0","0","0","0","0"
"520","defined by exp-number","174","0","0","174","0","15","50","0 30","1 6","23","south","0.09765625","26.1328125","8.8046875","7.6953125","patrilocal-patrilineal","8","0.0703125","0.8359375","17.5390625","19.8828125","16.8828125","8.2734375","1.1484375","4.1171875","0","0","0","0","0","","[]","[]","0","0","0","0","0","0","0","0","0","0","0"
"522","defined by exp-number","174","2","0","174","2","15","50","0 30","1 6","23","south","0.09765625","26.1328125","8.8046875","7.6953125","patrilocal-patrilineal","8","0.0703125","0.8359375","17.5390625","19.8828125","16.8828125","8.2734375","1.1484375","4.1171875","0","0","0","0","0","","[]","[]","0","0","0","0","0","0","0","0","0","0","0"
"521","defined by exp-number","174","1","0","174","1","15","50","0 30","1 6","23","south","0.09765625","26.1328125","8.8046875","7.6953125","patrilocal-patrilineal","8","0.0703125","0.8359375","17.5390625","19.8828125","16.8828125","8.2734375","1.1484375","4.1171875","0","0","0","0","0","","[]","[]","0","0","0","0","0","0","0","0","0","0","0"
"524","defined by exp-number","175","1","0","175","1","15","50","0 30","1 6","23","south","0.09765625","26.1328125","8.8046875","7.6953125","patrilocal-patrilineal","8","0.0703125","0.8359375","17.5390625","19.8828125","16.8828125","8.2734375","1.1484375","4.1171875","0","0","0","0","0","","[]","[]","0","0","0","0","0","0","0","0","0","0","0"
"523","defined by exp-number","175","0","0","175","0","15","50","0 30","1 6","23","south","0.09765625","26.1328125","8.8046875","7.6953125","patrilocal-patrilineal","8","0.0703125","0.8359375","17.5390625","19.8828125","16.8828125","8.2734375","1.1484375","4.1171875","0","0","0","0","0","","[]","[]","0","0","0","0","0","0","0","0","0","0","0"
"525","defined by exp-number","175","2","0","175","2","15","50","0 30","1 6","23","south","0.09765625","26.1328125","8.8046875","7.6953125","patrilocal-patrilineal","8","0.0703125","0.8359375","17.5390625","19.8828125","16.8828125","8.2734375","1.1484375","4.1171875","0","0","0","0","0","","[]","[]","0","0","0","0","0","0","0","0","0","0","0"
"527","defined by exp-number","176","1","0","176","1","15","50","0 30","1 6","23","south","0.09765625","26.1328125","8.8046875","7.6953125","patrilocal-patrilineal","8","0.0703125","0.8359375","17.5390625","19.8828125","16.8828125","8.2734375","1.1484375","4.1171875","0","0","0","0","0","","[]","[]","0","0","0","0","0","0","0","0","0","0","0"
"526","defined by exp-number","176","0","0","176","0","15","50","0 30","1 6","23","south","0.09765625","26.1328125","8.8046875","7.6953125","patrilocal-patrilineal","8","0.0703125","0.8359375","17.5390625","19.8828125","16.8828125","8.2734375","1.1484375","4.1171875","0","0","0","0","0","","[]","[]","0","0","0","0","0","0","0","0","0","0","0"
"528","defined by exp-number","176","2","0","176","2","15","50","0 30","1 6","23","south","0.09765625","26.1328125","8.8046875","7.6953125","patrilocal-patrilineal","8","0.0703125","0.8359375","17.5390625","19.8828125","16.8828125","8.2734375","1.1484375","4.1171875","0","0","0","0","0","","[]","[]","0","0","0","0","0","0","0","0","0","0","0"
"529","defined by exp-number","177","0","0","177","0","15","50","0 30","1 6","23","south","0.09765625","26.1328125","8.8046875","7.6953125","patrilocal-patrilineal","8","0.0703125","0.8359375","17.5390625","19.8828125","16.8828125","8.2734375","1.1484375","4.1171875","0","0","0","0","0","","[]","[]","0","0","0","0","0","0","0","0","0","0","0"
"530","defined by exp-number","177","1","0","177","1","15","50","0 30","1 6","23","south","0.09765625","26.1328125","8.8046875","7.6953125","patrilocal-patrilineal","8","0.0703125","0.8359375","17.5390625","19.8828125","16.8828125","8.2734375","1.1484375","4.1171875","0","0","0","0","0","","[]","[]","0","0","0","0","0","0","0","0","0","0","0"
"531","defined by exp-number","177","2","0","177","2","15","50","0 30","1 6","23","south","0.09765625","26.1328125","8.8046875","7.6953125","patrilocal-patrilineal","8","0.0703125","0.8359375","17.5390625","19.8828125","16.8828125","8.2734375","1.1484375","4.1171875","0","0","0","0","0","","[]","[]","0","0","0","0","0","0","0","0","0","0","0"
"456","defined by exp-number","152","2","0","152","2","15","50","0 30","1 6","23","south","0.09765625","26.1328125","8.8046875","7.6953125","patrilocal-patrilineal","8","0.0703125","0.8359375","17.5390625","19.8828125","16.8828125","8.2734375","1.1484375","4.1171875","0","0","0","0","0","","[]","[]","0","0","0","0","0","0","0","0","0","0","0"
"532","defined by exp-number","178","0","0","178","0","15","50","0 30","1 6","23","south","0.09765625","26.1328125","8.8046875","7.6953125","patrilocal-patrilineal","8","0.0703125","0.8359375","17.5390625","19.8828125","16.8828125","8.2734375","1.1484375","4.1171875","0","0","0","0","0","","[]","[]","0","0","0","0","0","0","0","0","0","0","0"
"534","defined by exp-number","178","2","0","178","2","15","50","0 30","1 6","23","south","0.09765625","26.1328125","8.8046875","7.6953125","patrilocal-patrilineal","8","0.0703125","0.8359375","17.5390625","19.8828125","16.8828125","8.2734375","1.1484375","4.1171875","0","0","0","0","0","","[]","[]","0","0","0","0","0","0","0","0","0","0","0"
"533","defined by exp-number","178","1","0","178","1","15","50","0 30","1 6","23","south","0.09765625","26.1328125","8.8046875","7.6953125","patrilocal-patrilineal","8","0.0703125","0.8359375","17.5390625","19.8828125","16.8828125","8.2734375","1.1484375","4.1171875","0","0","0","0","0","","[]","[]","0","0","0","0","0","0","0","0","0","0","0"
"535","defined by exp-number","179","0","0","179","0","15","50","0 30","1 6","23","south","0.09765625","26.1328125","8.8046875","7.6953125","patrilocal-patrilineal","8","0.0703125","0.8359375","17.5390625","19.8828125","16.8828125","8.2734375","1.1484375","4.1171875","0","0","0","0","0","","[]","[]","0","0","0","0","0","0","0","0","0","0","0"
"537","defined by exp-number","179","2","0","179","2","15","50","0 30","1 6","23","south","0.09765625","26.1328125","8.8046875","7.6953125","patrilocal-patrilineal","8","0.0703125","0.8359375","17.5390625","19.8828125","16.8828125","8.2734375","1.1484375","4.1171875","0","0","0","0","0","","[]","[]","0","0","0","0","0","0","0","0","0","0","0"
"536","defined by exp-number","179","1","0","179","1","15","50","0 30","1 6","23","south","0.09765625","26.1328125","8.8046875","7.6953125","patrilocal-patrilineal","8","0.0703125","0.8359375","17.5390625","19.8828125","16.8828125","8.2734375","1.1484375","4.1171875","0","0","0","0","0","","[]","[]","0","0","0","0","0","0","0","0","0","0","0"
"538","defined by exp-number","180","0","0","180","0","15","50","0 30","1 6","23","south","0.09765625","26.1328125","8.8046875","7.6953125","patrilocal-patrilineal","8","0.0703125","0.8359375","17.5390625","19.8828125","16.8828125","8.2734375","1.1484375","4.1171875","0","0","0","0","0","","[]","[]","0","0","0","0","0","0","0","0","0","0","0"
"539","defined by exp-number","180","1","0","180","1","15","50","0 30","1 6","23","south","0.09765625","26.1328125","8.8046875","7.6953125","patrilocal-patrilineal","8","0.0703125","0.8359375","17.5390625","19.8828125","16.8828125","8.2734375","1.1484375","4.1171875","0","0","0","0","0","","[]","[]","0","0","0","0","0","0","0","0","0","0","0"
"540","defined by exp-number","180","2","0","180","2","15","50","0 30","1 6","23","south","0.09765625","26.1328125","8.8046875","7.6953125","patrilocal-patrilineal","8","0.0703125","0.8359375","17.5390625","19.8828125","16.8828125","8.2734375","1.1484375","4.1171875","0","0","0","0","0","","[]","[]","0","0","0","0","0","0","0","0","0","0","0"
"541","defined by exp-number","181","0","0","181","0","15","50","0 30","1 6","23","south","0.09765625","26.1328125","8.8046875","7.6953125","patrilocal-patrilineal","8","0.0703125","0.8359375","17.5390625","19.8828125","16.8828125","8.2734375","1.1484375","4.1171875","0","0","0","0","0","","[]","[]","0","0","0","0","0","0","0","0","0","0","0"
"542","defined by exp-number","181","1","0","181","1","15","50","0 30","1 6","23","south","0.09765625","26.1328125","8.8046875","7.6953125","patrilocal-patrilineal","8","0.0703125","0.8359375","17.5390625","19.8828125","16.8828125","8.2734375","1.1484375","4.1171875","0","0","0","0","0","","[]","[]","0","0","0","0","0","0","0","0","0","0","0"
"543","defined by exp-number","181","2","0","181","2","15","50","0 30","1 6","23","south","0.09765625","26.1328125","8.8046875","7.6953125","patrilocal-patrilineal","8","0.0703125","0.8359375","17.5390625","19.8828125","16.8828125","8.2734375","1.1484375","4.1171875","0","0","0","0","0","","[]","[]","0","0","0","0","0","0","0","0","0","0","0"
"544","defined by exp-number","182","0","0","182","0","15","50","0 30","1 6","23","south","0.09765625","26.1328125","8.8046875","7.6953125","patrilocal-patrilineal","8","0.0703125","0.8359375","17.5390625","19.8828125","16.8828125","8.2734375","1.1484375","4.1171875","0","0","0","0","0","","[]","[]","0","0","0","0","0","0","0","0","0","0","0"
"545","defined by exp-number","182","1","0","182","1","15","50","0 30","1 6","23","south","0.09765625","26.1328125","8.8046875","7.6953125","patrilocal-patrilineal","8","0.0703125","0.8359375","17.5390625","19.8828125","16.8828125","8.2734375","1.1484375","4.1171875","0","0","0","0","0","","[]","[]","0","0","0","0","0","0","0","0","0","0","0"
"546","defined by exp-number","182","2","0","182","2","15","50","0 30","1 6","23","south","0.09765625","26.1328125","8.8046875","7.6953125","patrilocal-patrilineal","8","0.0703125","0.8359375","17.5390625","19.8828125","16.8828125","8.2734375","1.1484375","4.1171875","0","0","0","0","0","","[]","[]","0","0","0","0","0","0","0","0","0","0","0"
"548","defined by exp-number","183","1","0","183","1","15","50","0 30","1 6","23","south","0.09765625","26.1328125","8.8046875","7.6953125","patrilocal-patrilineal","8","0.0703125","0.8359375","17.5390625","19.8828125","16.8828125","8.2734375","1.1484375","4.1171875","0","0","0","0","0","","[]","[]","0","0","0","0","0","0","0","0","0","0","0"
"549","defined by exp-number","183","2","0","183","2","15","50","0 30","1 6","23","south","0.09765625","26.1328125","8.8046875","7.6953125","patrilocal-patrilineal","8","0.0703125","0.8359375","17.5390625","19.8828125","16.8828125","8.2734375","1.1484375","4.1171875","0","0","0","0","0","","[]","[]","0","0","0","0","0","0","0","0","0","0","0"
"547","defined by exp-number","183","0","0","183","0","15","50","0 30","1 6","23","south","0.09765625","26.1328125","8.8046875","7.6953125","patrilocal-patrilineal","8","0.0703125","0.8359375","17.5390625","19.8828125","16.8828125","8.2734375","1.1484375","4.1171875","0","0","0","0","0","","[]","[]","0","0","0","0","0","0","0","0","0","0","0"
"551","defined by exp-number","184","1","0","184","1","15","50","0 30","1 6","23","south","0.09765625","26.1328125","8.8046875","7.6953125","patrilocal-patrilineal","8","0.0703125","0.8359375","17.5390625","19.8828125","16.8828125","8.2734375","1.1484375","4.1171875","0","0","0","0","0","","[]","[]","0","0","0","0","0","0","0","0","0","0","0"
"555","defined by exp-number","185","2","0","185","2","15","50","0 30","1 6","23","south","0.09765625","26.1328125","8.8046875","7.6953125","patrilocal-patrilineal","8","0.0703125","0.8359375","17.5390625","19.8828125","16.8828125","8.2734375","1.1484375","4.1171875","0","0","0","0","0","","[]","[]","0","0","0","0","0","0","0","0","0","0","0"
"553","defined by exp-number","185","0","0","185","0","15","50","0 30","1 6","23","south","0.09765625","26.1328125","8.8046875","7.6953125","patrilocal-patrilineal","8","0.0703125","0.8359375","17.5390625","19.8828125","16.8828125","8.2734375","1.1484375","4.1171875","0","0","0","0","0","","[]","[]","0","0","0","0","0","0","0","0","0","0","0"
"556","defined by exp-number","186","0","0","186","0","15","50","0 30","1 6","23","south","0.09765625","26.1328125","8.8046875","7.6953125","patrilocal-patrilineal","8","0.0703125","0.8359375","17.5390625","19.8828125","16.8828125","8.2734375","1.1484375","4.1171875","0","0","0","0","0","","[]","[]","0","0","0","0","0","0","0","0","0","0","0"
"554","defined by exp-number","185","1","0","185","1","15","50","0 30","1 6","23","south","0.09765625","26.1328125","8.8046875","7.6953125","patrilocal-patrilineal","8","0.0703125","0.8359375","17.5390625","19.8828125","16.8828125","8.2734375","1.1484375","4.1171875","0","0","0","0","0","","[]","[]","0","0","0","0","0","0","0","0","0","0","0"
"552","defined by exp-number","184","2","0","184","2","15","50","0 30","1 6","23","south","0.09765625","26.1328125","8.8046875","7.6953125","patrilocal-patrilineal","8","0.0703125","0.8359375","17.5390625","19.8828125","16.8828125","8.2734375","1.1484375","4.1171875","0","0","0","0","0","","[]","[]","0","0","0","0","0","0","0","0","0","0","0"
"557","defined by exp-number","186","1","0","186","1","15","50","0 30","1 6","23","south","0.09765625","26.1328125","8.8046875","7.6953125","patrilocal-patrilineal","8","0.0703125","0.8359375","17.5390625","19.8828125","16.8828125","8.2734375","1.1484375","4.1171875","0","0","0","0","0","","[]","[]","0","0","0","0","0","0","0","0","0","0","0"
"558","defined by exp-number","186","2","0","186","2","15","50","0 30","1 6","23","south","0.09765625","26.1328125","8.8046875","7.6953125","patrilocal-patrilineal","8","0.0703125","0.8359375","17.5390625","19.8828125","16.8828125","8.2734375","1.1484375","4.1171875","0","0","0","0","0","","[]","[]","0","0","0","0","0","0","0","0","0","0","0"
"559","defined by exp-number","187","0","0","187","0","15","50","0 30","1 6","23","south","0.09765625","26.1328125","8.8046875","7.6953125","patrilocal-patrilineal","8","0.0703125","0.8359375","17.5390625","19.8828125","16.8828125","8.2734375","1.1484375","4.1171875","0","0","0","0","0","","[]","[]","0","0","0","0","0","0","0","0","0","0","0"
"561","defined by exp-number","187","2","0","187","2","15","50","0 30","1 6","23","south","0.09765625","26.1328125","8.8046875","7.6953125","patrilocal-patrilineal","8","0.0703125","0.8359375","17.5390625","19.8828125","16.8828125","8.2734375","1.1484375","4.1171875","0","0","0","0","0","","[]","[]","0","0","0","0","0","0","0","0","0","0","0"
"560","defined by exp-number","187","1","0","187","1","15","50","0 30","1 6","23","south","0.09765625","26.1328125","8.8046875","7.6953125","patrilocal-patrilineal","8","0.0703125","0.8359375","17.5390625","19.8828125","16.8828125","8.2734375","1.1484375","4.1171875","0","0","0","0","0","","[]","[]","0","0","0","0","0","0","0","0","0","0","0"
"563","defined by exp-number","188","1","0","188","1","15","50","0 30","1 6","23","south","0.09765625","26.1328125","8.8046875","7.6953125","patrilocal-patrilineal","8","0.0703125","0.8359375","17.5390625","19.8828125","16.8828125","8.2734375","1.1484375","4.1171875","0","0","0","0","0","","[]","[]","0","0","0","0","0","0","0","0","0","0","0"
"562","defined by exp-number","188","0","0","188","0","15","50","0 30","1 6","23","south","0.09765625","26.1328125","8.8046875","7.6953125","patrilocal-patrilineal","8","0.0703125","0.8359375","17.5390625","19.8828125","16.8828125","8.2734375","1.1484375","4.1171875","0","0","0","0","0","","[]","[]","0","0","0","0","0","0","0","0","0","0","0"
"565","defined by exp-number","189","0","0","189","0","15","50","0 30","1 6","23","south","0.09765625","26.1328125","8.8046875","7.6953125","patrilocal-patrilineal","8","0.0703125","0.8359375","17.5390625","19.8828125","16.8828125","8.2734375","1.1484375","4.1171875","0","0","0","0","0","","[]","[]","0","0","0","0","0","0","0","0","0","0","0"
"564","defined by exp-number","188","2","0","188","2","15","50","0 30","1 6","23","south","0.09765625","26.1328125","8.8046875","7.6953125","patrilocal-patrilineal","8","0.0703125","0.8359375","17.5390625","19.8828125","16.8828125","8.2734375","1.1484375","4.1171875","0","0","0","0","0","","[]","[]","0","0","0","0","0","0","0","0","0","0","0"
"567","defined by exp-number","189","2","0","189","2","15","50","0 30","1 6","23","south","0.09765625","26.1328125","8.8046875","7.6953125","patrilocal-patrilineal","8","0.0703125","0.8359375","17.5390625","19.8828125","16.8828125","8.2734375","1.1484375","4.1171875","0","0","0","0","0","","[]","[]","0","0","0","0","0","0","0","0","0","0","0"
"566","defined by exp-number","189","1","0","189","1","15","50","0 30","1 6","23","south","0.09765625","26.1328125","8.8046875","7.6953125","patrilocal-patrilineal","8","0.0703125","0.8359375","17.5390625","19.8828125","16.8828125","8.2734375","1.1484375","4.1171875","0","0","0","0","0","","[]","[]","0","0","0","0","0","0","0","0","0","0","0"
"569","defined by exp-number","190","1","0","190","1","15","50","0 30","1 6","23","south","0.09765625","26.1328125","8.8046875","7.6953125","patrilocal-patrilineal","8","0.0703125","0.8359375","17.5390625","19.8828125","16.8828125","8.2734375","1.1484375","4.1171875","0","0","0","0","0","","[]","[]","0","0","0","0","0","0","0","0","0","0","0"
"570","defined by exp-number","190","2","0","190","2","15","50","0 30","1 6","23","south","0.09765625","26.1328125","8.8046875","7.6953125","patrilocal-patrilineal","8","0.0703125","0.8359375","17.5390625","19.8828125","16.8828125","8.2734375","1.1484375","4.1171875","0","0","0","0","0","","[]","[]","0","0","0","0","0","0","0","0","0","0","0"
"568","defined by exp-number","190","0","0","190","0","15","50","0 30","1 6","23","south","0.09765625","26.1328125","8.8046875","7.6953125","patrilocal-patrilineal","8","0.0703125","0.8359375","17.5390625","19.8828125","16.8828125","8.2734375","1.1484375","4.1171875","0","0","0","0","0","","[]","[]","0","0","0","0","0","0","0","0","0","0","0"
"571","defined by exp-number","191","0","0","191","0","15","50","0 30","1 6","23","south","0.09765625","26.1328125","8.8046875","7.6953125","patrilocal-patrilineal","8","0.0703125","0.8359375","17.5390625","19.8828125","16.8828125","8.2734375","1.1484375","4.1171875","0","0","0","0","0","","[]","[]","0","0","0","0","0","0","0","0","0","0","0"
"572","defined by exp-number","191","1","0","191","1","15","50","0 30","1 6","23","south","0.09765625","26.1328125","8.8046875","7.6953125","patrilocal-patrilineal","8","0.0703125","0.8359375","17.5390625","19.8828125","16.8828125","8.2734375","1.1484375","4.1171875","0","0","0","0","0","","[]","[]","0","0","0","0","0","0","0","0","0","0","0"
"575","defined by exp-number","192","1","0","192","1","15","50","0 30","1 6","23","south","0.09765625","26.1328125","8.8046875","7.6953125","patrilocal-patrilineal","8","0.0703125","0.8359375","17.5390625","19.8828125","16.8828125","8.2734375","1.1484375","4.1171875","0","0","0","0","0","","[]","[]","0","0","0","0","0","0","0","0","0","0","0"
"574","defined by exp-number","192","0","0","192","0","15","50","0 30","1 6","23","south","0.09765625","26.1328125","8.8046875","7.6953125","patrilocal-patrilineal","8","0.0703125","0.8359375","17.5390625","19.8828125","16.8828125","8.2734375","1.1484375","4.1171875","0","0","0","0","0","","[]","[]","0","0","0","0","0","0","0","0","0","0","0"
"577","defined by exp-number","193","0","0","193","0","15","50","0 30","1 6","23","south","0.09765625","26.1328125","8.8046875","7.6953125","patrilocal-patrilineal","8","0.0703125","0.8359375","17.5390625","19.8828125","16.8828125","8.2734375","1.1484375","4.1171875","0","0","0","0","0","","[]","[]","0","0","0","0","0","0","0","0","0","0","0"
"573","defined by exp-number","191","2","0","191","2","15","50","0 30","1 6","23","south","0.09765625","26.1328125","8.8046875","7.6953125","patrilocal-patrilineal","8","0.0703125","0.8359375","17.5390625","19.8828125","16.8828125","8.2734375","1.1484375","4.1171875","0","0","0","0","0","","[]","[]","0","0","0","0","0","0","0","0","0","0","0"
"576","defined by exp-number","192","2","0","192","2","15","50","0 30","1 6","23","south","0.09765625","26.1328125","8.8046875","7.6953125","patrilocal-patrilineal","8","0.0703125","0.8359375","17.5390625","19.8828125","16.8828125","8.2734375","1.1484375","4.1171875","0","0","0","0","0","","[]","[]","0","0","0","0","0","0","0","0","0","0","0"
"579","defined by exp-number","193","2","0","193","2","15","50","0 30","1 6","23","south","0.09765625","26.1328125","8.8046875","7.6953125","patrilocal-patrilineal","8","0.0703125","0.8359375","17.5390625","19.8828125","16.8828125","8.2734375","1.1484375","4.1171875","0","0","0","0","0","","[]","[]","0","0","0","0","0","0","0","0","0","0","0"
"578","defined by exp-number","193","1","0","193","1","15","50","0 30","1 6","23","south","0.09765625","26.1328125","8.8046875","7.6953125","patrilocal-patrilineal","8","0.0703125","0.8359375","17.5390625","19.8828125","16.8828125","8.2734375","1.1484375","4.1171875","0","0","0","0","0","","[]","[]","0","0","0","0","0","0","0","0","0","0","0"
"580","defined by exp-number","194","0","0","194","0","15","50","0 30","1 6","23","south","0.09765625","26.1328125","8.8046875","7.6953125","patrilocal-patrilineal","8","0.0703125","0.8359375","17.5390625","19.8828125","16.8828125","8.2734375","1.1484375","4.1171875","0","0","0","0","0","","[]","[]","0","0","0","0","0","0","0","0","0","0","0"
"582","defined by exp-number","194","2","0","194","2","15","50","0 30","1 6","23","south","0.09765625","26.1328125","8.8046875","7.6953125","patrilocal-patrilineal","8","0.0703125","0.8359375","17.5390625","19.8828125","16.8828125","8.2734375","1.1484375","4.1171875","0","0","0","0","0","","[]","[]","0","0","0","0","0","0","0","0","0","0","0"
"583","defined by exp-number","195","0","0","195","0","15","50","0 30","1 6","23","south","0.09765625","26.1328125","8.8046875","7.6953125","patrilocal-patrilineal","8","0.0703125","0.8359375","17.5390625","19.8828125","16.8828125","8.2734375","1.1484375","4.1171875","0","0","0","0","0","","[]","[]","0","0","0","0","0","0","0","0","0","0","0"
"581","defined by exp-number","194","1","0","194","1","15","50","0 30","1 6","23","south","0.09765625","26.1328125","8.8046875","7.6953125","patrilocal-patrilineal","8","0.0703125","0.8359375","17.5390625","19.8828125","16.8828125","8.2734375","1.1484375","4.1171875","0","0","0","0","0","","[]","[]","0","0","0","0","0","0","0","0","0","0","0"
"588","defined by exp-number","196","2","0","196","2","15","50","0 30","1 6","23","south","0.09765625","26.1328125","8.8046875","7.6953125","patrilocal-patrilineal","8","0.0703125","0.8359375","17.5390625","19.8828125","16.8828125","8.2734375","1.1484375","4.1171875","0","0","0","0","0","","[]","[]","0","0","0","0","0","0","0","0","0","0","0"
"587","defined by exp-number","196","1","0","196","1","15","50","0 30","1 6","23","south","0.09765625","26.1328125","8.8046875","7.6953125","patrilocal-patrilineal","8","0.0703125","0.8359375","17.5390625","19.8828125","16.8828125","8.2734375","1.1484375","4.1171875","0","0","0","0","0","","[]","[]","0","0","0","0","0","0","0","0","0","0","0"
"584","defined by exp-number","195","1","0","195","1","15","50","0 30","1 6","23","south","0.09765625","26.1328125","8.8046875","7.6953125","patrilocal-patrilineal","8","0.0703125","0.8359375","17.5390625","19.8828125","16.8828125","8.2734375","1.1484375","4.1171875","0","0","0","0","0","","[]","[]","0","0","0","0","0","0","0","0","0","0","0"
"586","defined by exp-number","196","0","0","196","0","15","50","0 30","1 6","23","south","0.09765625","26.1328125","8.8046875","7.6953125","patrilocal-patrilineal","8","0.0703125","0.8359375","17.5390625","19.8828125","16.8828125","8.2734375","1.1484375","4.1171875","0","0","0","0","0","","[]","[]","0","0","0","0","0","0","0","0","0","0","0"
"585","defined by exp-number","195","2","0","195","2","15","50","0 30","1 6","23","south","0.09765625","26.1328125","8.8046875","7.6953125","patrilocal-patrilineal","8","0.0703125","0.8359375","17.5390625","19.8828125","16.8828125","8.2734375","1.1484375","4.1171875","0","0","0","0","0","","[]","[]","0","0","0","0","0","0","0","0","0","0","0"
"593","defined by exp-number","198","1","0","198","1","15","50","0 30","1 6","23","south","0.09765625","26.1328125","8.8046875","7.6953125","patrilocal-patrilineal","8","0.0703125","0.8359375","17.5390625","19.8828125","16.8828125","8.2734375","1.1484375","4.1171875","0","0","0","0","0","","[]","[]","0","0","0","0","0","0","0","0","0","0","0"
"589","defined by exp-number","197","0","0","197","0","15","50","0 30","1 6","23","south","0.09765625","26.1328125","8.8046875","7.6953125","patrilocal-patrilineal","8","0.0703125","0.8359375","17.5390625","19.8828125","16.8828125","8.2734375","1.1484375","4.1171875","0","0","0","0","0","","[]","[]","0","0","0","0","0","0","0","0","0","0","0"
"590","defined by exp-number","197","1","0","197","1","15","50","0 30","1 6","23","south","0.09765625","26.1328125","8.8046875","7.6953125","patrilocal-patrilineal","8","0.0703125","0.8359375","17.5390625","19.8828125","16.8828125","8.2734375","1.1484375","4.1171875","0","0","0","0","0","","[]","[]","0","0","0","0","0","0","0","0","0","0","0"
"592","defined by exp-number","198","0","0","198","0","15","50","0 30","1 6","23","south","0.09765625","26.1328125","8.8046875","7.6953125","patrilocal-patrilineal","8","0.0703125","0.8359375","17.5390625","19.8828125","16.8828125","8.2734375","1.1484375","4.1171875","0","0","0","0","0","","[]","[]","0","0","0","0","0","0","0","0","0","0","0"
"591","defined by exp-number","197","2","0","197","2","15","50","0 30","1 6","23","south","0.09765625","26.1328125","8.8046875","7.6953125","patrilocal-patrilineal","8","0.0703125","0.8359375","17.5390625","19.8828125","16.8828125","8.2734375","1.1484375","4.1171875","0","0","0","0","0","","[]","[]","0","0","0","0","0","0","0","0","0","0","0"
"596","defined by exp-number","199","1","0","199","1","15","50","0 30","1 6","23","south","0.09765625","26.1328125","8.8046875","7.6953125","patrilocal-patrilineal","8","0.0703125","0.8359375","17.5390625","19.8828125","16.8828125","8.2734375","1.1484375","4.1171875","0","0","0","0","0","","[]","[]","0","0","0","0","0","0","0","0","0","0","0"
"595","defined by exp-number","199","0","0","199","0","15","50","0 30","1 6","23","south","0.09765625","26.1328125","8.8046875","7.6953125","patrilocal-patrilineal","8","0.0703125","0.8359375","17.5390625","19.8828125","16.8828125","8.2734375","1.1484375","4.1171875","0","0","0","0","0","","[]","[]","0","0","0","0","0","0","0","0","0","0","0"
"594","defined by exp-number","198","2","0","198","2","15","50","0 30","1 6","23","south","0.09765625","26.1328125","8.8046875","7.6953125","patrilocal-patrilineal","8","0.0703125","0.8359375","17.5390625","19.8828125","16.8828125","8.2734375","1.1484375","4.1171875","0","0","0","0","0","","[]","[]","0","0","0","0","0","0","0","0","0","0","0"
"597","defined by exp-number","199","2","0","199","2","15","50","0 30","1 6","23","south","0.09765625","26.1328125","8.8046875","7.6953125","patrilocal-patrilineal","8","0.0703125","0.8359375","17.5390625","19.8828125","16.8828125","8.2734375","1.1484375","4.1171875","0","0","0","0","0","","[]","[]","0","0","0","0","0","0","0","0","0","0","0"
"598","defined by exp-number","200","0","0","200","0","15","50","0 30","1 6","23","south","0.09765625","26.1328125","8.8046875","7.6953125","patrilocal-patrilineal","8","0.0703125","0.8359375","17.5390625","19.8828125","16.8828125","8.2734375","1.1484375","4.1171875","0","0","0","0","0","","[]","[]","0","0","0","0","0","0","0","0","0","0","0"
"599","defined by exp-number","200","1","0","200","1","15","50","0 30","1 6","23","south","0.09765625","26.1328125","8.8046875","7.6953125","patrilocal-patrilineal","8","0.0703125","0.8359375","17.5390625","19.8828125","16.8828125","8.2734375","1.1484375","4.1171875","0","0","0","0","0","","[]","[]","0","0","0","0","0","0","0","0","0","0","0"
"601","defined by exp-number","201","0","0","201","0","15","50","0 30","1 6","23","south","0.09765625","26.1328125","8.8046875","7.6953125","patrilocal-patrilineal","8","0.0703125","0.8359375","17.5390625","19.8828125","16.8828125","8.2734375","1.1484375","4.1171875","0","0","0","0","0","","[]","[]","0","0","0","0","0","0","0","0","0","0","0"
"603","defined by exp-number","201","2","0","201","2","15","50","0 30","1 6","23","south","0.09765625","26.1328125","8.8046875","7.6953125","patrilocal-patrilineal","8","0.0703125","0.8359375","17.5390625","19.8828125","16.8828125","8.2734375","1.1484375","4.1171875","0","0","0","0","0","","[]","[]","0","0","0","0","0","0","0","0","0","0","0"
"602","defined by exp-number","201","1","0","201","1","15","50","0 30","1 6","23","south","0.09765625","26.1328125","8.8046875","7.6953125","patrilocal-patrilineal","8","0.0703125","0.8359375","17.5390625","19.8828125","16.8828125","8.2734375","1.1484375","4.1171875","0","0","0","0","0","","[]","[]","0","0","0","0","0","0","0","0","0","0","0"
"604","defined by exp-number","202","0","0","202","0","15","50","0 30","1 6","23","south","0.09765625","26.1328125","8.8046875","7.6953125","patrilocal-patrilineal","8","0.0703125","0.8359375","17.5390625","19.8828125","16.8828125","8.2734375","1.1484375","4.1171875","0","0","0","0","0","","[]","[]","0","0","0","0","0","0","0","0","0","0","0"
"606","defined by exp-number","202","2","0","202","2","15","50","0 30","1 6","23","south","0.09765625","26.1328125","8.8046875","7.6953125","patrilocal-patrilineal","8","0.0703125","0.8359375","17.5390625","19.8828125","16.8828125","8.2734375","1.1484375","4.1171875","0","0","0","0","0","","[]","[]","0","0","0","0","0","0","0","0","0","0","0"
"605","defined by exp-number","202","1","0","202","1","15","50","0 30","1 6","23","south","0.09765625","26.1328125","8.8046875","7.6953125","patrilocal-patrilineal","8","0.0703125","0.8359375","17.5390625","19.8828125","16.8828125","8.2734375","1.1484375","4.1171875","0","0","0","0","0","","[]","[]","0","0","0","0","0","0","0","0","0","0","0"
"607","defined by exp-number","203","0","0","203","0","15","50","0 30","1 6","23","south","0.09765625","26.1328125","8.8046875","7.6953125","patrilocal-patrilineal","8","0.0703125","0.8359375","17.5390625","19.8828125","16.8828125","8.2734375","1.1484375","4.1171875","0","0","0","0","0","","[]","[]","0","0","0","0","0","0","0","0","0","0","0"
"608","defined by exp-number","203","1","0","203","1","15","50","0 30","1 6","23","south","0.09765625","26.1328125","8.8046875","7.6953125","patrilocal-patrilineal","8","0.0703125","0.8359375","17.5390625","19.8828125","16.8828125","8.2734375","1.1484375","4.1171875","0","0","0","0","0","","[]","[]","0","0","0","0","0","0","0","0","0","0","0"
"609","defined by exp-number","203","2","0","203","2","15","50","0 30","1 6","23","south","0.09765625","26.1328125","8.8046875","7.6953125","patrilocal-patrilineal","8","0.0703125","0.8359375","17.5390625","19.8828125","16.8828125","8.2734375","1.1484375","4.1171875","0","0","0","0","0","","[]","[]","0","0","0","0","0","0","0","0","0","0","0"
"610","defined by exp-number","204","0","0","204","0","15","50","0 30","1 6","23","south","0.09765625","26.1328125","8.8046875","7.6953125","patrilocal-patrilineal","8","0.0703125","0.8359375","17.5390625","19.8828125","16.8828125","8.2734375","1.1484375","4.1171875","0","0","0","0","0","","[]","[]","0","0","0","0","0","0","0","0","0","0","0"
"611","defined by exp-number","204","1","0","204","1","15","50","0 30","1 6","23","south","0.09765625","26.1328125","8.8046875","7.6953125","patrilocal-patrilineal","8","0.0703125","0.8359375","17.5390625","19.8828125","16.8828125","8.2734375","1.1484375","4.1171875","0","0","0","0","0","","[]","[]","0","0","0","0","0","0","0","0","0","0","0"
"612","defined by exp-number","204","2","0","204","2","15","50","0 30","1 6","23","south","0.09765625","26.1328125","8.8046875","7.6953125","patrilocal-patrilineal","8","0.0703125","0.8359375","17.5390625","19.8828125","16.8828125","8.2734375","1.1484375","4.1171875","0","0","0","0","0","","[]","[]","0","0","0","0","0","0","0","0","0","0","0"
"613","defined by exp-number","205","0","0","205","0","15","50","0 30","1 6","23","south","0.09765625","26.1328125","8.8046875","7.6953125","patrilocal-patrilineal","8","0.0703125","0.8359375","17.5390625","19.8828125","16.8828125","8.2734375","1.1484375","4.1171875","0","0","0","0","0","","[]","[]","0","0","0","0","0","0","0","0","0","0","0"
"614","defined by exp-number","205","1","0","205","1","15","50","0 30","1 6","23","south","0.09765625","26.1328125","8.8046875","7.6953125","patrilocal-patrilineal","8","0.0703125","0.8359375","17.5390625","19.8828125","16.8828125","8.2734375","1.1484375","4.1171875","0","0","0","0","0","","[]","[]","0","0","0","0","0","0","0","0","0","0","0"
"615","defined by exp-number","205","2","0","205","2","15","50","0 30","1 6","23","south","0.09765625","26.1328125","8.8046875","7.6953125","patrilocal-patrilineal","8","0.0703125","0.8359375","17.5390625","19.8828125","16.8828125","8.2734375","1.1484375","4.1171875","0","0","0","0","0","","[]","[]","0","0","0","0","0","0","0","0","0","0","0"
"616","defined by exp-number","206","0","0","206","0","15","50","0 30","1 6","23","south","0.09765625","26.1328125","8.8046875","7.6953125","patrilocal-patrilineal","8","0.0703125","0.8359375","17.5390625","19.8828125","16.8828125","8.2734375","1.1484375","4.1171875","0","0","0","0","0","","[]","[]","0","0","0","0","0","0","0","0","0","0","0"
"618","defined by exp-number","206","2","0","206","2","15","50","0 30","1 6","23","south","0.09765625","26.1328125","8.8046875","7.6953125","patrilocal-patrilineal","8","0.0703125","0.8359375","17.5390625","19.8828125","16.8828125","8.2734375","1.1484375","4.1171875","0","0","0","0","0","","[]","[]","0","0","0","0","0","0","0","0","0","0","0"
"617","defined by exp-number","206","1","0","206","1","15","50","0 30","1 6","23","south","0.09765625","26.1328125","8.8046875","7.6953125","patrilocal-patrilineal","8","0.0703125","0.8359375","17.5390625","19.8828125","16.8828125","8.2734375","1.1484375","4.1171875","0","0","0","0","0","","[]","[]","0","0","0","0","0","0","0","0","0","0","0"
"620","defined by exp-number","207","1","0","207","1","15","50","0 30","1 6","23","south","0.09765625","26.1328125","8.8046875","7.6953125","patrilocal-patrilineal","8","0.0703125","0.8359375","17.5390625","19.8828125","16.8828125","8.2734375","1.1484375","4.1171875","0","0","0","0","0","","[]","[]","0","0","0","0","0","0","0","0","0","0","0"
"619","defined by exp-number","207","0","0","207","0","15","50","0 30","1 6","23","south","0.09765625","26.1328125","8.8046875","7.6953125","patrilocal-patrilineal","8","0.0703125","0.8359375","17.5390625","19.8828125","16.8828125","8.2734375","1.1484375","4.1171875","0","0","0","0","0","","[]","[]","0","0","0","0","0","0","0","0","0","0","0"
"621","defined by exp-number","207","2","0","207","2","15","50","0 30","1 6","23","south","0.09765625","26.1328125","8.8046875","7.6953125","patrilocal-patrilineal","8","0.0703125","0.8359375","17.5390625","19.8828125","16.8828125","8.2734375","1.1484375","4.1171875","0","0","0","0","0","","[]","[]","0","0","0","0","0","0","0","0","0","0","0"
"622","defined by exp-number","208","0","0","208","0","15","50","0 30","1 6","23","south","0.09765625","26.1328125","8.8046875","7.6953125","patrilocal-patrilineal","8","0.0703125","0.8359375","17.5390625","19.8828125","16.8828125","8.2734375","1.1484375","4.1171875","0","0","0","0","0","","[]","[]","0","0","0","0","0","0","0","0","0","0","0"
"623","defined by exp-number","208","1","0","208","1","15","50","0 30","1 6","23","south","0.09765625","26.1328125","8.8046875","7.6953125","patrilocal-patrilineal","8","0.0703125","0.8359375","17.5390625","19.8828125","16.8828125","8.2734375","1.1484375","4.1171875","0","0","0","0","0","","[]","[]","0","0","0","0","0","0","0","0","0","0","0"
"624","defined by exp-number","208","2","0","208","2","15","50","0 30","1 6","23","south","0.09765625","26.1328125","8.8046875","7.6953125","patrilocal-patrilineal","8","0.0703125","0.8359375","17.5390625","19.8828125","16.8828125","8.2734375","1.1484375","4.1171875","0","0","0","0","0","","[]","[]","0","0","0","0","0","0","0","0","0","0","0"
"626","defined by exp-number","209","1","0","209","1","15","50","0 30","1 6","23","south","0.09765625","26.1328125","8.8046875","7.6953125","patrilocal-patrilineal","8","0.0703125","0.8359375","17.5390625","19.8828125","16.8828125","8.2734375","1.1484375","4.1171875","0","0","0","0","0","","[]","[]","0","0","0","0","0","0","0","0","0","0","0"
"625","defined by exp-number","209","0","0","209","0","15","50","0 30","1 6","23","south","0.09765625","26.1328125","8.8046875","7.6953125","patrilocal-patrilineal","8","0.0703125","0.8359375","17.5390625","19.8828125","16.8828125","8.2734375","1.1484375","4.1171875","0","0","0","0","0","","[]","[]","0","0","0","0","0","0","0","0","0","0","0"
"627","defined by exp-number","209","2","0","209","2","15","50","0 30","1 6","23","south","0.09765625","26.1328125","8.8046875","7.6953125","patrilocal-patrilineal","8","0.0703125","0.8359375","17.5390625","19.8828125","16.8828125","8.2734375","1.1484375","4.1171875","0","0","0","0","0","","[]","[]","0","0","0","0","0","0","0","0","0","0","0"
"628","defined by exp-number","210","0","0","210","0","15","50","0 30","1 6","23","south","0.09765625","26.1328125","8.8046875","7.6953125","patrilocal-patrilineal","8","0.0703125","0.8359375","17.5390625","19.8828125","16.8828125","8.2734375","1.1484375","4.1171875","0","0","0","0","0","","[]","[]","0","0","0","0","0","0","0","0","0","0","0"
"629","defined by exp-number","210","1","0","210","1","15","50","0 30","1 6","23","south","0.09765625","26.1328125","8.8046875","7.6953125","patrilocal-patrilineal","8","0.0703125","0.8359375","17.5390625","19.8828125","16.8828125","8.2734375","1.1484375","4.1171875","0","0","0","0","0","","[]","[]","0","0","0","0","0","0","0","0","0","0","0"
"600","defined by exp-number","200","2","0","200","2","15","50","0 30","1 6","23","south","0.09765625","26.1328125","8.8046875","7.6953125","patrilocal-patrilineal","8","0.0703125","0.8359375","17.5390625","19.8828125","16.8828125","8.2734375","1.1484375","4.1171875","0","0","0","0","0","","[]","[]","0","0","0","0","0","0","0","0","0","0","0"
"630","defined by exp-number","210","2","0","210","2","15","50","0 30","1 6","23","south","0.09765625","26.1328125","8.8046875","7.6953125","patrilocal-patrilineal","8","0.0703125","0.8359375","17.5390625","19.8828125","16.8828125","8.2734375","1.1484375","4.1171875","0","0","0","0","0","","[]","[]","0","0","0","0","0","0","0","0","0","0","0"
"632","defined by exp-number","211","1","0","211","1","15","50","0 30","1 6","23","south","0.09765625","26.1328125","8.8046875","7.6953125","patrilocal-patrilineal","8","0.0703125","0.8359375","17.5390625","19.8828125","16.8828125","8.2734375","1.1484375","4.1171875","0","0","0","0","0","","[]","[]","0","0","0","0","0","0","0","0","0","0","0"
"631","defined by exp-number","211","0","0","211","0","15","50","0 30","1 6","23","south","0.09765625","26.1328125","8.8046875","7.6953125","patrilocal-patrilineal","8","0.0703125","0.8359375","17.5390625","19.8828125","16.8828125","8.2734375","1.1484375","4.1171875","0","0","0","0","0","","[]","[]","0","0","0","0","0","0","0","0","0","0","0"
"633","defined by exp-number","211","2","0","211","2","15","50","0 30","1 6","23","south","0.09765625","26.1328125","8.8046875","7.6953125","patrilocal-patrilineal","8","0.0703125","0.8359375","17.5390625","19.8828125","16.8828125","8.2734375","1.1484375","4.1171875","0","0","0","0","0","","[]","[]","0","0","0","0","0","0","0","0","0","0","0"
"634","defined by exp-number","212","0","0","212","0","15","50","0 30","1 6","23","south","0.09765625","26.1328125","8.8046875","7.6953125","patrilocal-patrilineal","8","0.0703125","0.8359375","17.5390625","19.8828125","16.8828125","8.2734375","1.1484375","4.1171875","0","0","0","0","0","","[]","[]","0","0","0","0","0","0","0","0","0","0","0"
"635","defined by exp-number","212","1","0","212","1","15","50","0 30","1 6","23","south","0.09765625","26.1328125","8.8046875","7.6953125","patrilocal-patrilineal","8","0.0703125","0.8359375","17.5390625","19.8828125","16.8828125","8.2734375","1.1484375","4.1171875","0","0","0","0","0","","[]","[]","0","0","0","0","0","0","0","0","0","0","0"
"636","defined by exp-number","212","2","0","212","2","15","50","0 30","1 6","23","south","0.09765625","26.1328125","8.8046875","7.6953125","patrilocal-patrilineal","8","0.0703125","0.8359375","17.5390625","19.8828125","16.8828125","8.2734375","1.1484375","4.1171875","0","0","0","0","0","","[]","[]","0","0","0","0","0","0","0","0","0","0","0"
"550","defined by exp-number","184","0","0","184","0","15","50","0 30","1 6","23","south","0.09765625","26.1328125","8.8046875","7.6953125","patrilocal-patrilineal","8","0.0703125","0.8359375","17.5390625","19.8828125","16.8828125","8.2734375","1.1484375","4.1171875","0","0","0","0","0","","[]","[]","0","0","0","0","0","0","0","0","0","0","0"
"638","defined by exp-number","213","1","0","213","1","15","50","0 30","1 6","23","south","0.09765625","26.1328125","8.8046875","7.6953125","patrilocal-patrilineal","8","0.0703125","0.8359375","17.5390625","19.8828125","16.8828125","8.2734375","1.1484375","4.1171875","0","0","0","0","0","","[]","[]","0","0","0","0","0","0","0","0","0","0","0"
"637","defined by exp-number","213","0","0","213","0","15","50","0 30","1 6","23","south","0.09765625","26.1328125","8.8046875","7.6953125","patrilocal-patrilineal","8","0.0703125","0.8359375","17.5390625","19.8828125","16.8828125","8.2734375","1.1484375","4.1171875","0","0","0","0","0","","[]","[]","0","0","0","0","0","0","0","0","0","0","0"
"639","defined by exp-number","213","2","0","213","2","15","50","0 30","1 6","23","south","0.09765625","26.1328125","8.8046875","7.6953125","patrilocal-patrilineal","8","0.0703125","0.8359375","17.5390625","19.8828125","16.8828125","8.2734375","1.1484375","4.1171875","0","0","0","0","0","","[]","[]","0","0","0","0","0","0","0","0","0","0","0"
"640","defined by exp-number","214","0","0","214","0","15","50","0 30","1 6","23","south","0.09765625","26.1328125","8.8046875","7.6953125","patrilocal-patrilineal","8","0.0703125","0.8359375","17.5390625","19.8828125","16.8828125","8.2734375","1.1484375","4.1171875","0","0","0","0","0","","[]","[]","0","0","0","0","0","0","0","0","0","0","0"
"641","defined by exp-number","214","1","0","214","1","15","50","0 30","1 6","23","south","0.09765625","26.1328125","8.8046875","7.6953125","patrilocal-patrilineal","8","0.0703125","0.8359375","17.5390625","19.8828125","16.8828125","8.2734375","1.1484375","4.1171875","0","0","0","0","0","","[]","[]","0","0","0","0","0","0","0","0","0","0","0"
"645","defined by exp-number","215","2","0","215","2","15","50","0 30","1 6","23","south","0.09765625","26.1328125","8.8046875","7.6953125","patrilocal-patrilineal","8","0.0703125","0.8359375","17.5390625","19.8828125","16.8828125","8.2734375","1.1484375","4.1171875","0","0","0","0","0","","[]","[]","0","0","0","0","0","0","0","0","0","0","0"
"643","defined by exp-number","215","0","0","215","0","15","50","0 30","1 6","23","south","0.09765625","26.1328125","8.8046875","7.6953125","patrilocal-patrilineal","8","0.0703125","0.8359375","17.5390625","19.8828125","16.8828125","8.2734375","1.1484375","4.1171875","0","0","0","0","0","","[]","[]","0","0","0","0","0","0","0","0","0","0","0"
"646","defined by exp-number","216","0","0","216","0","15","50","0 30","1 6","23","south","0.09765625","26.1328125","8.8046875","7.6953125","patrilocal-patrilineal","8","0.0703125","0.8359375","17.5390625","19.8828125","16.8828125","8.2734375","1.1484375","4.1171875","0","0","0","0","0","","[]","[]","0","0","0","0","0","0","0","0","0","0","0"
"644","defined by exp-number","215","1","0","215","1","15","50","0 30","1 6","23","south","0.09765625","26.1328125","8.8046875","7.6953125","patrilocal-patrilineal","8","0.0703125","0.8359375","17.5390625","19.8828125","16.8828125","8.2734375","1.1484375","4.1171875","0","0","0","0","0","","[]","[]","0","0","0","0","0","0","0","0","0","0","0"
"647","defined by exp-number","216","1","0","216","1","15","50","0 30","1 6","23","south","0.09765625","26.1328125","8.8046875","7.6953125","patrilocal-patrilineal","8","0.0703125","0.8359375","17.5390625","19.8828125","16.8828125","8.2734375","1.1484375","4.1171875","0","0","0","0","0","","[]","[]","0","0","0","0","0","0","0","0","0","0","0"
"648","defined by exp-number","216","2","0","216","2","15","50","0 30","1 6","23","south","0.09765625","26.1328125","8.8046875","7.6953125","patrilocal-patrilineal","8","0.0703125","0.8359375","17.5390625","19.8828125","16.8828125","8.2734375","1.1484375","4.1171875","0","0","0","0","0","","[]","[]","0","0","0","0","0","0","0","0","0","0","0"
"649","defined by exp-number","217","0","0","217","0","15","50","0 30","1 6","23","south","0.09765625","26.1328125","8.8046875","7.6953125","patrilocal-patrilineal","8","0.0703125","0.8359375","17.5390625","19.8828125","16.8828125","8.2734375","1.1484375","4.1171875","0","0","0","0","0","","[]","[]","0","0","0","0","0","0","0","0","0","0","0"
"651","defined by exp-number","217","2","0","217","2","15","50","0 30","1 6","23","south","0.09765625","26.1328125","8.8046875","7.6953125","patrilocal-patrilineal","8","0.0703125","0.8359375","17.5390625","19.8828125","16.8828125","8.2734375","1.1484375","4.1171875","0","0","0","0","0","","[]","[]","0","0","0","0","0","0","0","0","0","0","0"
"652","defined by exp-number","218","0","0","218","0","15","50","0 30","1 6","23","south","0.09765625","26.1328125","8.8046875","7.6953125","patrilocal-patrilineal","8","0.0703125","0.8359375","17.5390625","19.8828125","16.8828125","8.2734375","1.1484375","4.1171875","0","0","0","0","0","","[]","[]","0","0","0","0","0","0","0","0","0","0","0"
"650","defined by exp-number","217","1","0","217","1","15","50","0 30","1 6","23","south","0.09765625","26.1328125","8.8046875","7.6953125","patrilocal-patrilineal","8","0.0703125","0.8359375","17.5390625","19.8828125","16.8828125","8.2734375","1.1484375","4.1171875","0","0","0","0","0","","[]","[]","0","0","0","0","0","0","0","0","0","0","0"
"654","defined by exp-number","218","2","0","218","2","15","50","0 30","1 6","23","south","0.09765625","26.1328125","8.8046875","7.6953125","patrilocal-patrilineal","8","0.0703125","0.8359375","17.5390625","19.8828125","16.8828125","8.2734375","1.1484375","4.1171875","0","0","0","0","0","","[]","[]","0","0","0","0","0","0","0","0","0","0","0"
"642","defined by exp-number","214","2","0","214","2","15","50","0 30","1 6","23","south","0.09765625","26.1328125","8.8046875","7.6953125","patrilocal-patrilineal","8","0.0703125","0.8359375","17.5390625","19.8828125","16.8828125","8.2734375","1.1484375","4.1171875","0","0","0","0","0","","[]","[]","0","0","0","0","0","0","0","0","0","0","0"
"655","defined by exp-number","219","0","0","219","0","15","50","0 30","1 6","23","south","0.09765625","26.1328125","8.8046875","7.6953125","patrilocal-patrilineal","8","0.0703125","0.8359375","17.5390625","19.8828125","16.8828125","8.2734375","1.1484375","4.1171875","0","0","0","0","0","","[]","[]","0","0","0","0","0","0","0","0","0","0","0"
"653","defined by exp-number","218","1","0","218","1","15","50","0 30","1 6","23","south","0.09765625","26.1328125","8.8046875","7.6953125","patrilocal-patrilineal","8","0.0703125","0.8359375","17.5390625","19.8828125","16.8828125","8.2734375","1.1484375","4.1171875","0","0","0","0","0","","[]","[]","0","0","0","0","0","0","0","0","0","0","0"
"656","defined by exp-number","219","1","0","219","1","15","50","0 30","1 6","23","south","0.09765625","26.1328125","8.8046875","7.6953125","patrilocal-patrilineal","8","0.0703125","0.8359375","17.5390625","19.8828125","16.8828125","8.2734375","1.1484375","4.1171875","0","0","0","0","0","","[]","[]","0","0","0","0","0","0","0","0","0","0","0"
"657","defined by exp-number","219","2","0","219","2","15","50","0 30","1 6","23","south","0.09765625","26.1328125","8.8046875","7.6953125","patrilocal-patrilineal","8","0.0703125","0.8359375","17.5390625","19.8828125","16.8828125","8.2734375","1.1484375","4.1171875","0","0","0","0","0","","[]","[]","0","0","0","0","0","0","0","0","0","0","0"
"658","defined by exp-number","220","0","0","220","0","15","50","0 30","1 6","23","south","0.09765625","26.1328125","8.8046875","7.6953125","patrilocal-patrilineal","8","0.0703125","0.8359375","17.5390625","19.8828125","16.8828125","8.2734375","1.1484375","4.1171875","0","0","0","0","0","","[]","[]","0","0","0","0","0","0","0","0","0","0","0"
"660","defined by exp-number","220","2","0","220","2","15","50","0 30","1 6","23","south","0.09765625","26.1328125","8.8046875","7.6953125","patrilocal-patrilineal","8","0.0703125","0.8359375","17.5390625","19.8828125","16.8828125","8.2734375","1.1484375","4.1171875","0","0","0","0","0","","[]","[]","0","0","0","0","0","0","0","0","0","0","0"
"662","defined by exp-number","221","1","0","221","1","15","50","0 30","1 6","23","south","0.09765625","26.1328125","8.8046875","7.6953125","patrilocal-patrilineal","8","0.0703125","0.8359375","17.5390625","19.8828125","16.8828125","8.2734375","1.1484375","4.1171875","0","0","0","0","0","","[]","[]","0","0","0","0","0","0","0","0","0","0","0"
"663","defined by exp-number","221","2","0","221","2","15","50","0 30","1 6","23","south","0.09765625","26.1328125","8.8046875","7.6953125","patrilocal-patrilineal","8","0.0703125","0.8359375","17.5390625","19.8828125","16.8828125","8.2734375","1.1484375","4.1171875","0","0","0","0","0","","[]","[]","0","0","0","0","0","0","0","0","0","0","0"
"661","defined by exp-number","221","0","0","221","0","15","50","0 30","1 6","23","south","0.09765625","26.1328125","8.8046875","7.6953125","patrilocal-patrilineal","8","0.0703125","0.8359375","17.5390625","19.8828125","16.8828125","8.2734375","1.1484375","4.1171875","0","0","0","0","0","","[]","[]","0","0","0","0","0","0","0","0","0","0","0"
"664","defined by exp-number","222","0","0","222","0","15","50","0 30","1 6","23","south","0.09765625","26.1328125","8.8046875","7.6953125","patrilocal-patrilineal","8","0.0703125","0.8359375","17.5390625","19.8828125","16.8828125","8.2734375","1.1484375","4.1171875","0","0","0","0","0","","[]","[]","0","0","0","0","0","0","0","0","0","0","0"
"665","defined by exp-number","222","1","0","222","1","15","50","0 30","1 6","23","south","0.09765625","26.1328125","8.8046875","7.6953125","patrilocal-patrilineal","8","0.0703125","0.8359375","17.5390625","19.8828125","16.8828125","8.2734375","1.1484375","4.1171875","0","0","0","0","0","","[]","[]","0","0","0","0","0","0","0","0","0","0","0"
"666","defined by exp-number","222","2","0","222","2","15","50","0 30","1 6","23","south","0.09765625","26.1328125","8.8046875","7.6953125","patrilocal-patrilineal","8","0.0703125","0.8359375","17.5390625","19.8828125","16.8828125","8.2734375","1.1484375","4.1171875","0","0","0","0","0","","[]","[]","0","0","0","0","0","0","0","0","0","0","0"
"659","defined by exp-number","220","1","0","220","1","15","50","0 30","1 6","23","south","0.09765625","26.1328125","8.8046875","7.6953125","patrilocal-patrilineal","8","0.0703125","0.8359375","17.5390625","19.8828125","16.8828125","8.2734375","1.1484375","4.1171875","0","0","0","0","0","","[]","[]","0","0","0","0","0","0","0","0","0","0","0"
"667","defined by exp-number","223","0","0","223","0","15","50","0 30","1 6","23","south","0.09765625","26.1328125","8.8046875","7.6953125","patrilocal-patrilineal","8","0.0703125","0.8359375","17.5390625","19.8828125","16.8828125","8.2734375","1.1484375","4.1171875","0","0","0","0","0","","[]","[]","0","0","0","0","0","0","0","0","0","0","0"
"669","defined by exp-number","223","2","0","223","2","15","50","0 30","1 6","23","south","0.09765625","26.1328125","8.8046875","7.6953125","patrilocal-patrilineal","8","0.0703125","0.8359375","17.5390625","19.8828125","16.8828125","8.2734375","1.1484375","4.1171875","0","0","0","0","0","","[]","[]","0","0","0","0","0","0","0","0","0","0","0"
"671","defined by exp-number","224","1","0","224","1","15","50","0 30","1 6","23","south","0.09765625","26.1328125","8.8046875","7.6953125","patrilocal-patrilineal","8","0.0703125","0.8359375","17.5390625","19.8828125","16.8828125","8.2734375","1.1484375","4.1171875","0","0","0","0","0","","[]","[]","0","0","0","0","0","0","0","0","0","0","0"
"670","defined by exp-number","224","0","0","224","0","15","50","0 30","1 6","23","south","0.09765625","26.1328125","8.8046875","7.6953125","patrilocal-patrilineal","8","0.0703125","0.8359375","17.5390625","19.8828125","16.8828125","8.2734375","1.1484375","4.1171875","0","0","0","0","0","","[]","[]","0","0","0","0","0","0","0","0","0","0","0"
"673","defined by exp-number","225","0","0","225","0","15","50","0 30","1 6","23","south","0.09765625","26.1328125","8.8046875","7.6953125","patrilocal-patrilineal","8","0.0703125","0.8359375","17.5390625","19.8828125","16.8828125","8.2734375","1.1484375","4.1171875","0","0","0","0","0","","[]","[]","0","0","0","0","0","0","0","0","0","0","0"
"675","defined by exp-number","225","2","0","225","2","15","50","0 30","1 6","23","south","0.09765625","26.1328125","8.8046875","7.6953125","patrilocal-patrilineal","8","0.0703125","0.8359375","17.5390625","19.8828125","16.8828125","8.2734375","1.1484375","4.1171875","0","0","0","0","0","","[]","[]","0","0","0","0","0","0","0","0","0","0","0"
"677","defined by exp-number","226","1","0","226","1","15","50","0 30","1 6","23","south","0.09765625","26.1328125","8.8046875","7.6953125","patrilocal-patrilineal","8","0.0703125","0.8359375","17.5390625","19.8828125","16.8828125","8.2734375","1.1484375","4.1171875","0","0","0","0","0","","[]","[]","0","0","0","0","0","0","0","0","0","0","0"
"674","defined by exp-number","225","1","0","225","1","15","50","0 30","1 6","23","south","0.09765625","26.1328125","8.8046875","7.6953125","patrilocal-patrilineal","8","0.0703125","0.8359375","17.5390625","19.8828125","16.8828125","8.2734375","1.1484375","4.1171875","0","0","0","0","0","","[]","[]","0","0","0","0","0","0","0","0","0","0","0"
"676","defined by exp-number","226","0","0","226","0","15","50","0 30","1 6","23","south","0.09765625","26.1328125","8.8046875","7.6953125","patrilocal-patrilineal","8","0.0703125","0.8359375","17.5390625","19.8828125","16.8828125","8.2734375","1.1484375","4.1171875","0","0","0","0","0","","[]","[]","0","0","0","0","0","0","0","0","0","0","0"
"678","defined by exp-number","226","2","0","226","2","15","50","0 30","1 6","23","south","0.09765625","26.1328125","8.8046875","7.6953125","patrilocal-patrilineal","8","0.0703125","0.8359375","17.5390625","19.8828125","16.8828125","8.2734375","1.1484375","4.1171875","0","0","0","0","0","","[]","[]","0","0","0","0","0","0","0","0","0","0","0"
"680","defined by exp-number","227","1","0","227","1","15","50","0 30","1 6","23","south","0.09765625","26.1328125","8.8046875","7.6953125","patrilocal-patrilineal","8","0.0703125","0.8359375","17.5390625","19.8828125","16.8828125","8.2734375","1.1484375","4.1171875","0","0","0","0","0","","[]","[]","0","0","0","0","0","0","0","0","0","0","0"
"681","defined by exp-number","227","2","0","227","2","15","50","0 30","1 6","23","south","0.09765625","26.1328125","8.8046875","7.6953125","patrilocal-patrilineal","8","0.0703125","0.8359375","17.5390625","19.8828125","16.8828125","8.2734375","1.1484375","4.1171875","0","0","0","0","0","","[]","[]","0","0","0","0","0","0","0","0","0","0","0"
"679","defined by exp-number","227","0","0","227","0","15","50","0 30","1 6","23","south","0.09765625","26.1328125","8.8046875","7.6953125","patrilocal-patrilineal","8","0.0703125","0.8359375","17.5390625","19.8828125","16.8828125","8.2734375","1.1484375","4.1171875","0","0","0","0","0","","[]","[]","0","0","0","0","0","0","0","0","0","0","0"
"685","defined by exp-number","229","0","0","229","0","15","50","0 30","1 6","23","south","0.09765625","26.1328125","8.8046875","7.6953125","patrilocal-patrilineal","8","0.0703125","0.8359375","17.5390625","19.8828125","16.8828125","8.2734375","1.1484375","4.1171875","0","0","0","0","0","","[]","[]","0","0","0","0","0","0","0","0","0","0","0"
"682","defined by exp-number","228","0","0","228","0","15","50","0 30","1 6","23","south","0.09765625","26.1328125","8.8046875","7.6953125","patrilocal-patrilineal","8","0.0703125","0.8359375","17.5390625","19.8828125","16.8828125","8.2734375","1.1484375","4.1171875","0","0","0","0","0","","[]","[]","0","0","0","0","0","0","0","0","0","0","0"
"683","defined by exp-number","228","1","0","228","1","15","50","0 30","1 6","23","south","0.09765625","26.1328125","8.8046875","7.6953125","patrilocal-patrilineal","8","0.0703125","0.8359375","17.5390625","19.8828125","16.8828125","8.2734375","1.1484375","4.1171875","0","0","0","0","0","","[]","[]","0","0","0","0","0","0","0","0","0","0","0"
"684","defined by exp-number","228","2","0","228","2","15","50","0 30","1 6","23","south","0.09765625","26.1328125","8.8046875","7.6953125","patrilocal-patrilineal","8","0.0703125","0.8359375","17.5390625","19.8828125","16.8828125","8.2734375","1.1484375","4.1171875","0","0","0","0","0","","[]","[]","0","0","0","0","0","0","0","0","0","0","0"
"687","defined by exp-number","229","2","0","229","2","15","50","0 30","1 6","23","south","0.09765625","26.1328125","8.8046875","7.6953125","patrilocal-patrilineal","8","0.0703125","0.8359375","17.5390625","19.8828125","16.8828125","8.2734375","1.1484375","4.1171875","0","0","0","0","0","","[]","[]","0","0","0","0","0","0","0","0","0","0","0"
"686","defined by exp-number","229","1","0","229","1","15","50","0 30","1 6","23","south","0.09765625","26.1328125","8.8046875","7.6953125","patrilocal-patrilineal","8","0.0703125","0.8359375","17.5390625","19.8828125","16.8828125","8.2734375","1.1484375","4.1171875","0","0","0","0","0","","[]","[]","0","0","0","0","0","0","0","0","0","0","0"
"688","defined by exp-number","230","0","0","230","0","15","50","0 30","1 6","23","south","0.09765625","26.1328125","8.8046875","7.6953125","patrilocal-patrilineal","8","0.0703125","0.8359375","17.5390625","19.8828125","16.8828125","8.2734375","1.1484375","4.1171875","0","0","0","0","0","","[]","[]","0","0","0","0","0","0","0","0","0","0","0"
"690","defined by exp-number","230","2","0","230","2","15","50","0 30","1 6","23","south","0.09765625","26.1328125","8.8046875","7.6953125","patrilocal-patrilineal","8","0.0703125","0.8359375","17.5390625","19.8828125","16.8828125","8.2734375","1.1484375","4.1171875","0","0","0","0","0","","[]","[]","0","0","0","0","0","0","0","0","0","0","0"
"689","defined by exp-number","230","1","0","230","1","15","50","0 30","1 6","23","south","0.09765625","26.1328125","8.8046875","7.6953125","patrilocal-patrilineal","8","0.0703125","0.8359375","17.5390625","19.8828125","16.8828125","8.2734375","1.1484375","4.1171875","0","0","0","0","0","","[]","[]","0","0","0","0","0","0","0","0","0","0","0"
"691","defined by exp-number","231","0","0","231","0","15","50","0 30","1 6","23","south","0.09765625","26.1328125","8.8046875","7.6953125","patrilocal-patrilineal","8","0.0703125","0.8359375","17.5390625","19.8828125","16.8828125","8.2734375","1.1484375","4.1171875","0","0","0","0","0","","[]","[]","0","0","0","0","0","0","0","0","0","0","0"
"692","defined by exp-number","231","1","0","231","1","15","50","0 30","1 6","23","south","0.09765625","26.1328125","8.8046875","7.6953125","patrilocal-patrilineal","8","0.0703125","0.8359375","17.5390625","19.8828125","16.8828125","8.2734375","1.1484375","4.1171875","0","0","0","0","0","","[]","[]","0","0","0","0","0","0","0","0","0","0","0"
"693","defined by exp-number","231","2","0","231","2","15","50","0 30","1 6","23","south","0.09765625","26.1328125","8.8046875","7.6953125","patrilocal-patrilineal","8","0.0703125","0.8359375","17.5390625","19.8828125","16.8828125","8.2734375","1.1484375","4.1171875","0","0","0","0","0","","[]","[]","0","0","0","0","0","0","0","0","0","0","0"
"695","defined by exp-number","232","1","0","232","1","15","50","0 30","1 6","23","south","0.09765625","26.1328125","8.8046875","7.6953125","patrilocal-patrilineal","8","0.0703125","0.8359375","17.5390625","19.8828125","16.8828125","8.2734375","1.1484375","4.1171875","0","0","0","0","0","","[]","[]","0","0","0","0","0","0","0","0","0","0","0"
"696","defined by exp-number","232","2","0","232","2","15","50","0 30","1 6","23","south","0.09765625","26.1328125","8.8046875","7.6953125","patrilocal-patrilineal","8","0.0703125","0.8359375","17.5390625","19.8828125","16.8828125","8.2734375","1.1484375","4.1171875","0","0","0","0","0","","[]","[]","0","0","0","0","0","0","0","0","0","0","0"
"698","defined by exp-number","233","1","0","233","1","15","50","0 30","1 6","23","south","0.09765625","26.1328125","8.8046875","7.6953125","patrilocal-patrilineal","8","0.0703125","0.8359375","17.5390625","19.8828125","16.8828125","8.2734375","1.1484375","4.1171875","0","0","0","0","0","","[]","[]","0","0","0","0","0","0","0","0","0","0","0"
"668","defined by exp-number","223","1","0","223","1","15","50","0 30","1 6","23","south","0.09765625","26.1328125","8.8046875","7.6953125","patrilocal-patrilineal","8","0.0703125","0.8359375","17.5390625","19.8828125","16.8828125","8.2734375","1.1484375","4.1171875","0","0","0","0","0","","[]","[]","0","0","0","0","0","0","0","0","0","0","0"
"697","defined by exp-number","233","0","0","233","0","15","50","0 30","1 6","23","south","0.09765625","26.1328125","8.8046875","7.6953125","patrilocal-patrilineal","8","0.0703125","0.8359375","17.5390625","19.8828125","16.8828125","8.2734375","1.1484375","4.1171875","0","0","0","0","0","","[]","[]","0","0","0","0","0","0","0","0","0","0","0"
"699","defined by exp-number","233","2","0","233","2","15","50","0 30","1 6","23","south","0.09765625","26.1328125","8.8046875","7.6953125","patrilocal-patrilineal","8","0.0703125","0.8359375","17.5390625","19.8828125","16.8828125","8.2734375","1.1484375","4.1171875","0","0","0","0","0","","[]","[]","0","0","0","0","0","0","0","0","0","0","0"
"700","defined by exp-number","234","0","0","234","0","15","50","0 30","1 6","23","south","0.09765625","26.1328125","8.8046875","7.6953125","patrilocal-patrilineal","8","0.0703125","0.8359375","17.5390625","19.8828125","16.8828125","8.2734375","1.1484375","4.1171875","0","0","0","0","0","","[]","[]","0","0","0","0","0","0","0","0","0","0","0"
"702","defined by exp-number","234","2","0","234","2","15","50","0 30","1 6","23","south","0.09765625","26.1328125","8.8046875","7.6953125","patrilocal-patrilineal","8","0.0703125","0.8359375","17.5390625","19.8828125","16.8828125","8.2734375","1.1484375","4.1171875","0","0","0","0","0","","[]","[]","0","0","0","0","0","0","0","0","0","0","0"
"701","defined by exp-number","234","1","0","234","1","15","50","0 30","1 6","23","south","0.09765625","26.1328125","8.8046875","7.6953125","patrilocal-patrilineal","8","0.0703125","0.8359375","17.5390625","19.8828125","16.8828125","8.2734375","1.1484375","4.1171875","0","0","0","0","0","","[]","[]","0","0","0","0","0","0","0","0","0","0","0"
"703","defined by exp-number","235","0","0","235","0","15","50","0 30","1 6","23","south","0.09765625","26.1328125","8.8046875","7.6953125","patrilocal-patrilineal","8","0.0703125","0.8359375","17.5390625","19.8828125","16.8828125","8.2734375","1.1484375","4.1171875","0","0","0","0","0","","[]","[]","0","0","0","0","0","0","0","0","0","0","0"
"704","defined by exp-number","235","1","0","235","1","15","50","0 30","1 6","23","south","0.09765625","26.1328125","8.8046875","7.6953125","patrilocal-patrilineal","8","0.0703125","0.8359375","17.5390625","19.8828125","16.8828125","8.2734375","1.1484375","4.1171875","0","0","0","0","0","","[]","[]","0","0","0","0","0","0","0","0","0","0","0"
"705","defined by exp-number","235","2","0","235","2","15","50","0 30","1 6","23","south","0.09765625","26.1328125","8.8046875","7.6953125","patrilocal-patrilineal","8","0.0703125","0.8359375","17.5390625","19.8828125","16.8828125","8.2734375","1.1484375","4.1171875","0","0","0","0","0","","[]","[]","0","0","0","0","0","0","0","0","0","0","0"
"706","defined by exp-number","236","0","0","236","0","15","50","0 30","1 6","23","south","0.09765625","26.1328125","8.8046875","7.6953125","patrilocal-patrilineal","8","0.0703125","0.8359375","17.5390625","19.8828125","16.8828125","8.2734375","1.1484375","4.1171875","0","0","0","0","0","","[]","[]","0","0","0","0","0","0","0","0","0","0","0"
"707","defined by exp-number","236","1","0","236","1","15","50","0 30","1 6","23","south","0.09765625","26.1328125","8.8046875","7.6953125","patrilocal-patrilineal","8","0.0703125","0.8359375","17.5390625","19.8828125","16.8828125","8.2734375","1.1484375","4.1171875","0","0","0","0","0","","[]","[]","0","0","0","0","0","0","0","0","0","0","0"
"708","defined by exp-number","236","2","0","236","2","15","50","0 30","1 6","23","south","0.09765625","26.1328125","8.8046875","7.6953125","patrilocal-patrilineal","8","0.0703125","0.8359375","17.5390625","19.8828125","16.8828125","8.2734375","1.1484375","4.1171875","0","0","0","0","0","","[]","[]","0","0","0","0","0","0","0","0","0","0","0"
"709","defined by exp-number","237","0","0","237","0","15","50","0 30","1 6","23","south","0.09765625","26.1328125","8.8046875","7.6953125","patrilocal-patrilineal","8","0.0703125","0.8359375","17.5390625","19.8828125","16.8828125","8.2734375","1.1484375","4.1171875","0","0","0","0","0","","[]","[]","0","0","0","0","0","0","0","0","0","0","0"
"712","defined by exp-number","238","0","0","238","0","15","50","0 30","1 6","23","south","0.09765625","26.1328125","8.8046875","7.6953125","patrilocal-patrilineal","8","0.0703125","0.8359375","17.5390625","19.8828125","16.8828125","8.2734375","1.1484375","4.1171875","0","0","0","0","0","","[]","[]","0","0","0","0","0","0","0","0","0","0","0"
"711","defined by exp-number","237","2","0","237","2","15","50","0 30","1 6","23","south","0.09765625","26.1328125","8.8046875","7.6953125","patrilocal-patrilineal","8","0.0703125","0.8359375","17.5390625","19.8828125","16.8828125","8.2734375","1.1484375","4.1171875","0","0","0","0","0","","[]","[]","0","0","0","0","0","0","0","0","0","0","0"
"710","defined by exp-number","237","1","0","237","1","15","50","0 30","1 6","23","south","0.09765625","26.1328125","8.8046875","7.6953125","patrilocal-patrilineal","8","0.0703125","0.8359375","17.5390625","19.8828125","16.8828125","8.2734375","1.1484375","4.1171875","0","0","0","0","0","","[]","[]","0","0","0","0","0","0","0","0","0","0","0"
"713","defined by exp-number","238","1","0","238","1","15","50","0 30","1 6","23","south","0.09765625","26.1328125","8.8046875","7.6953125","patrilocal-patrilineal","8","0.0703125","0.8359375","17.5390625","19.8828125","16.8828125","8.2734375","1.1484375","4.1171875","0","0","0","0","0","","[]","[]","0","0","0","0","0","0","0","0","0","0","0"
"717","defined by exp-number","239","2","0","239","2","15","50","0 30","1 6","23","south","0.09765625","26.1328125","8.8046875","7.6953125","patrilocal-patrilineal","8","0.0703125","0.8359375","17.5390625","19.8828125","16.8828125","8.2734375","1.1484375","4.1171875","0","0","0","0","0","","[]","[]","0","0","0","0","0","0","0","0","0","0","0"
"714","defined by exp-number","238","2","0","238","2","15","50","0 30","1 6","23","south","0.09765625","26.1328125","8.8046875","7.6953125","patrilocal-patrilineal","8","0.0703125","0.8359375","17.5390625","19.8828125","16.8828125","8.2734375","1.1484375","4.1171875","0","0","0","0","0","","[]","[]","0","0","0","0","0","0","0","0","0","0","0"
"715","defined by exp-number","239","0","0","239","0","15","50","0 30","1 6","23","south","0.09765625","26.1328125","8.8046875","7.6953125","patrilocal-patrilineal","8","0.0703125","0.8359375","17.5390625","19.8828125","16.8828125","8.2734375","1.1484375","4.1171875","0","0","0","0","0","","[]","[]","0","0","0","0","0","0","0","0","0","0","0"
"716","defined by exp-number","239","1","0","239","1","15","50","0 30","1 6","23","south","0.09765625","26.1328125","8.8046875","7.6953125","patrilocal-patrilineal","8","0.0703125","0.8359375","17.5390625","19.8828125","16.8828125","8.2734375","1.1484375","4.1171875","0","0","0","0","0","","[]","[]","0","0","0","0","0","0","0","0","0","0","0"
"694","defined by exp-number","232","0","0","232","0","15","50","0 30","1 6","23","south","0.09765625","26.1328125","8.8046875","7.6953125","patrilocal-patrilineal","8","0.0703125","0.8359375","17.5390625","19.8828125","16.8828125","8.2734375","1.1484375","4.1171875","0","0","0","0","0","","[]","[]","0","0","0","0","0","0","0","0","0","0","0"
"718","defined by exp-number","240","0","0","240","0","15","50","0 30","1 6","23","south","0.09765625","26.1328125","8.8046875","7.6953125","patrilocal-patrilineal","8","0.0703125","0.8359375","17.5390625","19.8828125","16.8828125","8.2734375","1.1484375","4.1171875","0","0","0","0","0","","[]","[]","0","0","0","0","0","0","0","0","0","0","0"
"719","defined by exp-number","240","1","0","240","1","15","50","0 30","1 6","23","south","0.09765625","26.1328125","8.8046875","7.6953125","patrilocal-patrilineal","8","0.0703125","0.8359375","17.5390625","19.8828125","16.8828125","8.2734375","1.1484375","4.1171875","0","0","0","0","0","","[]","[]","0","0","0","0","0","0","0","0","0","0","0"
"720","defined by exp-number","240","2","0","240","2","15","50","0 30","1 6","23","south","0.09765625","26.1328125","8.8046875","7.6953125","patrilocal-patrilineal","8","0.0703125","0.8359375","17.5390625","19.8828125","16.8828125","8.2734375","1.1484375","4.1171875","0","0","0","0","0","","[]","[]","0","0","0","0","0","0","0","0","0","0","0"
"721","defined by exp-number","241","0","0","241","0","15","50","0 30","1 6","23","south","0.09765625","26.1328125","8.8046875","7.6953125","patrilocal-patrilineal","8","0.0703125","0.8359375","17.5390625","19.8828125","16.8828125","8.2734375","1.1484375","4.1171875","0","0","0","0","0","","[]","[]","0","0","0","0","0","0","0","0","0","0","0"
"722","defined by exp-number","241","1","0","241","1","15","50","0 30","1 6","23","south","0.09765625","26.1328125","8.8046875","7.6953125","patrilocal-patrilineal","8","0.0703125","0.8359375","17.5390625","19.8828125","16.8828125","8.2734375","1.1484375","4.1171875","0","0","0","0","0","","[]","[]","0","0","0","0","0","0","0","0","0","0","0"
"725","defined by exp-number","242","1","0","242","1","15","50","0 30","1 6","23","south","0.09765625","26.1328125","8.8046875","7.6953125","patrilocal-patrilineal","8","0.0703125","0.8359375","17.5390625","19.8828125","16.8828125","8.2734375","1.1484375","4.1171875","0","0","0","0","0","","[]","[]","0","0","0","0","0","0","0","0","0","0","0"
"723","defined by exp-number","241","2","0","241","2","15","50","0 30","1 6","23","south","0.09765625","26.1328125","8.8046875","7.6953125","patrilocal-patrilineal","8","0.0703125","0.8359375","17.5390625","19.8828125","16.8828125","8.2734375","1.1484375","4.1171875","0","0","0","0","0","","[]","[]","0","0","0","0","0","0","0","0","0","0","0"
"726","defined by exp-number","242","2","0","242","2","15","50","0 30","1 6","23","south","0.09765625","26.1328125","8.8046875","7.6953125","patrilocal-patrilineal","8","0.0703125","0.8359375","17.5390625","19.8828125","16.8828125","8.2734375","1.1484375","4.1171875","0","0","0","0","0","","[]","[]","0","0","0","0","0","0","0","0","0","0","0"
"724","defined by exp-number","242","0","0","242","0","15","50","0 30","1 6","23","south","0.09765625","26.1328125","8.8046875","7.6953125","patrilocal-patrilineal","8","0.0703125","0.8359375","17.5390625","19.8828125","16.8828125","8.2734375","1.1484375","4.1171875","0","0","0","0","0","","[]","[]","0","0","0","0","0","0","0","0","0","0","0"
"727","defined by exp-number","243","0","0","243","0","15","50","0 30","1 6","23","south","0.09765625","26.1328125","8.8046875","7.6953125","patrilocal-patrilineal","8","0.0703125","0.8359375","17.5390625","19.8828125","16.8828125","8.2734375","1.1484375","4.1171875","0","0","0","0","0","","[]","[]","0","0","0","0","0","0","0","0","0","0","0"
"729","defined by exp-number","243","2","0","243","2","15","50","0 30","1 6","23","south","0.09765625","26.1328125","8.8046875","7.6953125","patrilocal-patrilineal","8","0.0703125","0.8359375","17.5390625","19.8828125","16.8828125","8.2734375","1.1484375","4.1171875","0","0","0","0","0","","[]","[]","0","0","0","0","0","0","0","0","0","0","0"
"728","defined by exp-number","243","1","0","243","1","15","50","0 30","1 6","23","south","0.09765625","26.1328125","8.8046875","7.6953125","patrilocal-patrilineal","8","0.0703125","0.8359375","17.5390625","19.8828125","16.8828125","8.2734375","1.1484375","4.1171875","0","0","0","0","0","","[]","[]","0","0","0","0","0","0","0","0","0","0","0"
"731","defined by exp-number","244","1","0","244","1","15","50","0 30","1 6","23","south","0.09765625","26.1328125","8.8046875","7.6953125","patrilocal-patrilineal","8","0.0703125","0.8359375","17.5390625","19.8828125","16.8828125","8.2734375","1.1484375","4.1171875","0","0","0","0","0","","[]","[]","0","0","0","0","0","0","0","0","0","0","0"
"730","defined by exp-number","244","0","0","244","0","15","50","0 30","1 6","23","south","0.09765625","26.1328125","8.8046875","7.6953125","patrilocal-patrilineal","8","0.0703125","0.8359375","17.5390625","19.8828125","16.8828125","8.2734375","1.1484375","4.1171875","0","0","0","0","0","","[]","[]","0","0","0","0","0","0","0","0","0","0","0"
"732","defined by exp-number","244","2","0","244","2","15","50","0 30","1 6","23","south","0.09765625","26.1328125","8.8046875","7.6953125","patrilocal-patrilineal","8","0.0703125","0.8359375","17.5390625","19.8828125","16.8828125","8.2734375","1.1484375","4.1171875","0","0","0","0","0","","[]","[]","0","0","0","0","0","0","0","0","0","0","0"
"734","defined by exp-number","245","1","0","245","1","15","50","0 30","1 6","23","south","0.09765625","26.1328125","8.8046875","7.6953125","patrilocal-patrilineal","8","0.0703125","0.8359375","17.5390625","19.8828125","16.8828125","8.2734375","1.1484375","4.1171875","0","0","0","0","0","","[]","[]","0","0","0","0","0","0","0","0","0","0","0"
"672","defined by exp-number","224","2","0","224","2","15","50","0 30","1 6","23","south","0.09765625","26.1328125","8.8046875","7.6953125","patrilocal-patrilineal","8","0.0703125","0.8359375","17.5390625","19.8828125","16.8828125","8.2734375","1.1484375","4.1171875","0","0","0","0","0","","[]","[]","0","0","0","0","0","0","0","0","0","0","0"
"733","defined by exp-number","245","0","0","245","0","15","50","0 30","1 6","23","south","0.09765625","26.1328125","8.8046875","7.6953125","patrilocal-patrilineal","8","0.0703125","0.8359375","17.5390625","19.8828125","16.8828125","8.2734375","1.1484375","4.1171875","0","0","0","0","0","","[]","[]","0","0","0","0","0","0","0","0","0","0","0"
"737","defined by exp-number","246","1","0","246","1","15","50","0 30","1 6","23","south","0.09765625","26.1328125","8.8046875","7.6953125","patrilocal-patrilineal","8","0.0703125","0.8359375","17.5390625","19.8828125","16.8828125","8.2734375","1.1484375","4.1171875","0","0","0","0","0","","[]","[]","0","0","0","0","0","0","0","0","0","0","0"
"736","defined by exp-number","246","0","0","246","0","15","50","0 30","1 6","23","south","0.09765625","26.1328125","8.8046875","7.6953125","patrilocal-patrilineal","8","0.0703125","0.8359375","17.5390625","19.8828125","16.8828125","8.2734375","1.1484375","4.1171875","0","0","0","0","0","","[]","[]","0","0","0","0","0","0","0","0","0","0","0"
"735","defined by exp-number","245","2","0","245","2","15","50","0 30","1 6","23","south","0.09765625","26.1328125","8.8046875","7.6953125","patrilocal-patrilineal","8","0.0703125","0.8359375","17.5390625","19.8828125","16.8828125","8.2734375","1.1484375","4.1171875","0","0","0","0","0","","[]","[]","0","0","0","0","0","0","0","0","0","0","0"
"738","defined by exp-number","246","2","0","246","2","15","50","0 30","1 6","23","south","0.09765625","26.1328125","8.8046875","7.6953125","patrilocal-patrilineal","8","0.0703125","0.8359375","17.5390625","19.8828125","16.8828125","8.2734375","1.1484375","4.1171875","0","0","0","0","0","","[]","[]","0","0","0","0","0","0","0","0","0","0","0"
"740","defined by exp-number","247","1","0","247","1","15","50","0 30","1 6","23","south","0.09765625","26.1328125","8.8046875","7.6953125","patrilocal-patrilineal","8","0.0703125","0.8359375","17.5390625","19.8828125","16.8828125","8.2734375","1.1484375","4.1171875","0","0","0","0","0","","[]","[]","0","0","0","0","0","0","0","0","0","0","0"
"742","defined by exp-number","248","0","0","248","0","15","50","0 30","1 6","23","south","0.09765625","26.1328125","8.8046875","7.6953125","patrilocal-patrilineal","8","0.0703125","0.8359375","17.5390625","19.8828125","16.8828125","8.2734375","1.1484375","4.1171875","0","0","0","0","0","","[]","[]","0","0","0","0","0","0","0","0","0","0","0"
"741","defined by exp-number","247","2","0","247","2","15","50","0 30","1 6","23","south","0.09765625","26.1328125","8.8046875","7.6953125","patrilocal-patrilineal","8","0.0703125","0.8359375","17.5390625","19.8828125","16.8828125","8.2734375","1.1484375","4.1171875","0","0","0","0","0","","[]","[]","0","0","0","0","0","0","0","0","0","0","0"
"743","defined by exp-number","248","1","0","248","1","15","50","0 30","1 6","23","south","0.09765625","26.1328125","8.8046875","7.6953125","patrilocal-patrilineal","8","0.0703125","0.8359375","17.5390625","19.8828125","16.8828125","8.2734375","1.1484375","4.1171875","0","0","0","0","0","","[]","[]","0","0","0","0","0","0","0","0","0","0","0"
"744","defined by exp-number","248","2","0","248","2","15","50","0 30","1 6","23","south","0.09765625","26.1328125","8.8046875","7.6953125","patrilocal-patrilineal","8","0.0703125","0.8359375","17.5390625","19.8828125","16.8828125","8.2734375","1.1484375","4.1171875","0","0","0","0","0","","[]","[]","0","0","0","0","0","0","0","0","0","0","0"
"745","defined by exp-number","249","0","0","249","0","15","50","0 30","1 6","23","south","0.09765625","26.1328125","8.8046875","7.6953125","patrilocal-patrilineal","8","0.0703125","0.8359375","17.5390625","19.8828125","16.8828125","8.2734375","1.1484375","4.1171875","0","0","0","0","0","","[]","[]","0","0","0","0","0","0","0","0","0","0","0"
"746","defined by exp-number","249","1","0","249","1","15","50","0 30","1 6","23","south","0.09765625","26.1328125","8.8046875","7.6953125","patrilocal-patrilineal","8","0.0703125","0.8359375","17.5390625","19.8828125","16.8828125","8.2734375","1.1484375","4.1171875","0","0","0","0","0","","[]","[]","0","0","0","0","0","0","0","0","0","0","0"
"748","defined by exp-number","250","0","0","250","0","15","50","0 30","1 6","23","south","0.09765625","26.1328125","8.8046875","7.6953125","patrilocal-patrilineal","8","0.0703125","0.8359375","17.5390625","19.8828125","16.8828125","8.2734375","1.1484375","4.1171875","0","0","0","0","0","","[]","[]","0","0","0","0","0","0","0","0","0","0","0"
"747","defined by exp-number","249","2","0","249","2","15","50","0 30","1 6","23","south","0.09765625","26.1328125","8.8046875","7.6953125","patrilocal-patrilineal","8","0.0703125","0.8359375","17.5390625","19.8828125","16.8828125","8.2734375","1.1484375","4.1171875","0","0","0","0","0","","[]","[]","0","0","0","0","0","0","0","0","0","0","0"
"749","defined by exp-number","250","1","0","250","1","15","50","0 30","1 6","23","south","0.09765625","26.1328125","8.8046875","7.6953125","patrilocal-patrilineal","8","0.0703125","0.8359375","17.5390625","19.8828125","16.8828125","8.2734375","1.1484375","4.1171875","0","0","0","0","0","","[]","[]","0","0","0","0","0","0","0","0","0","0","0"
"750","defined by exp-number","250","2","0","250","2","15","50","0 30","1 6","23","south","0.09765625","26.1328125","8.8046875","7.6953125","patrilocal-patrilineal","8","0.0703125","0.8359375","17.5390625","19.8828125","16.8828125","8.2734375","1.1484375","4.1171875","0","0","0","0","0","","[]","[]","0","0","0","0","0","0","0","0","0","0","0"
"751","defined by exp-number","251","0","0","251","0","15","50","0 30","1 6","23","south","0.09765625","26.1328125","8.8046875","7.6953125","patrilocal-patrilineal","8","0.0703125","0.8359375","17.5390625","19.8828125","16.8828125","8.2734375","1.1484375","4.1171875","0","0","0","0","0","","[]","[]","0","0","0","0","0","0","0","0","0","0","0"
"753","defined by exp-number","251","2","0","251","2","15","50","0 30","1 6","23","south","0.09765625","26.1328125","8.8046875","7.6953125","patrilocal-patrilineal","8","0.0703125","0.8359375","17.5390625","19.8828125","16.8828125","8.2734375","1.1484375","4.1171875","0","0","0","0","0","","[]","[]","0","0","0","0","0","0","0","0","0","0","0"
"752","defined by exp-number","251","1","0","251","1","15","50","0 30","1 6","23","south","0.09765625","26.1328125","8.8046875","7.6953125","patrilocal-patrilineal","8","0.0703125","0.8359375","17.5390625","19.8828125","16.8828125","8.2734375","1.1484375","4.1171875","0","0","0","0","0","","[]","[]","0","0","0","0","0","0","0","0","0","0","0"
"756","defined by exp-number","252","2","0","252","2","15","50","0 30","1 6","23","south","0.09765625","26.1328125","8.8046875","7.6953125","patrilocal-patrilineal","8","0.0703125","0.8359375","17.5390625","19.8828125","16.8828125","8.2734375","1.1484375","4.1171875","0","0","0","0","0","","[]","[]","0","0","0","0","0","0","0","0","0","0","0"
"755","defined by exp-number","252","1","0","252","1","15","50","0 30","1 6","23","south","0.09765625","26.1328125","8.8046875","7.6953125","patrilocal-patrilineal","8","0.0703125","0.8359375","17.5390625","19.8828125","16.8828125","8.2734375","1.1484375","4.1171875","0","0","0","0","0","","[]","[]","0","0","0","0","0","0","0","0","0","0","0"
"754","defined by exp-number","252","0","0","252","0","15","50","0 30","1 6","23","south","0.09765625","26.1328125","8.8046875","7.6953125","patrilocal-patrilineal","8","0.0703125","0.8359375","17.5390625","19.8828125","16.8828125","8.2734375","1.1484375","4.1171875","0","0","0","0","0","","[]","[]","0","0","0","0","0","0","0","0","0","0","0"
"758","defined by exp-number","253","1","0","253","1","15","50","0 30","1 6","23","south","0.09765625","26.1328125","8.8046875","7.6953125","patrilocal-patrilineal","8","0.0703125","0.8359375","17.5390625","19.8828125","16.8828125","8.2734375","1.1484375","4.1171875","0","0","0","0","0","","[]","[]","0","0","0","0","0","0","0","0","0","0","0"
"757","defined by exp-number","253","0","0","253","0","15","50","0 30","1 6","23","south","0.09765625","26.1328125","8.8046875","7.6953125","patrilocal-patrilineal","8","0.0703125","0.8359375","17.5390625","19.8828125","16.8828125","8.2734375","1.1484375","4.1171875","0","0","0","0","0","","[]","[]","0","0","0","0","0","0","0","0","0","0","0"
"759","defined by exp-number","253","2","0","253","2","15","50","0 30","1 6","23","south","0.09765625","26.1328125","8.8046875","7.6953125","patrilocal-patrilineal","8","0.0703125","0.8359375","17.5390625","19.8828125","16.8828125","8.2734375","1.1484375","4.1171875","0","0","0","0","0","","[]","[]","0","0","0","0","0","0","0","0","0","0","0"
"760","defined by exp-number","254","0","0","254","0","15","50","0 30","1 6","23","south","0.09765625","26.1328125","8.8046875","7.6953125","patrilocal-patrilineal","8","0.0703125","0.8359375","17.5390625","19.8828125","16.8828125","8.2734375","1.1484375","4.1171875","0","0","0","0","0","","[]","[]","0","0","0","0","0","0","0","0","0","0","0"
"761","defined by exp-number","254","1","0","254","1","15","50","0 30","1 6","23","south","0.09765625","26.1328125","8.8046875","7.6953125","patrilocal-patrilineal","8","0.0703125","0.8359375","17.5390625","19.8828125","16.8828125","8.2734375","1.1484375","4.1171875","0","0","0","0","0","","[]","[]","0","0","0","0","0","0","0","0","0","0","0"
"763","defined by exp-number","255","0","0","255","0","15","50","0 30","1 6","23","south","0.09765625","26.1328125","8.8046875","7.6953125","patrilocal-patrilineal","8","0.0703125","0.8359375","17.5390625","19.8828125","16.8828125","8.2734375","1.1484375","4.1171875","0","0","0","0","0","","[]","[]","0","0","0","0","0","0","0","0","0","0","0"
"764","defined by exp-number","255","1","0","255","1","15","50","0 30","1 6","23","south","0.09765625","26.1328125","8.8046875","7.6953125","patrilocal-patrilineal","8","0.0703125","0.8359375","17.5390625","19.8828125","16.8828125","8.2734375","1.1484375","4.1171875","0","0","0","0","0","","[]","[]","0","0","0","0","0","0","0","0","0","0","0"
"762","defined by exp-number","254","2","0","254","2","15","50","0 30","1 6","23","south","0.09765625","26.1328125","8.8046875","7.6953125","patrilocal-patrilineal","8","0.0703125","0.8359375","17.5390625","19.8828125","16.8828125","8.2734375","1.1484375","4.1171875","0","0","0","0","0","","[]","[]","0","0","0","0","0","0","0","0","0","0","0"
"767","defined by exp-number","256","1","0","256","1","15","50","0 30","1 6","23","south","0.09765625","26.1328125","8.8046875","7.6953125","patrilocal-patrilineal","8","0.0703125","0.8359375","17.5390625","19.8828125","16.8828125","8.2734375","1.1484375","4.1171875","0","0","0","0","0","","[]","[]","0","0","0","0","0","0","0","0","0","0","0"
"766","defined by exp-number","256","0","0","256","0","15","50","0 30","1 6","23","south","0.09765625","26.1328125","8.8046875","7.6953125","patrilocal-patrilineal","8","0.0703125","0.8359375","17.5390625","19.8828125","16.8828125","8.2734375","1.1484375","4.1171875","0","0","0","0","0","","[]","[]","0","0","0","0","0","0","0","0","0","0","0"
"765","defined by exp-number","255","2","0","255","2","15","50","0 30","1 6","23","south","0.09765625","26.1328125","8.8046875","7.6953125","patrilocal-patrilineal","8","0.0703125","0.8359375","17.5390625","19.8828125","16.8828125","8.2734375","1.1484375","4.1171875","0","0","0","0","0","","[]","[]","0","0","0","0","0","0","0","0","0","0","0"
"768","defined by exp-number","256","2","0","256","2","15","50","0 30","1 6","23","south","0.09765625","26.1328125","8.8046875","7.6953125","patrilocal-patrilineal","8","0.0703125","0.8359375","17.5390625","19.8828125","16.8828125","8.2734375","1.1484375","4.1171875","0","0","0","0","0","","[]","[]","0","0","0","0","0","0","0","0","0","0","0"
"769","defined by exp-number","257","0","0","257","0","15","50","0 30","1 6","23","south","0.09765625","26.1328125","8.8046875","7.6953125","patrilocal-patrilineal","8","0.0703125","0.8359375","17.5390625","19.8828125","16.8828125","8.2734375","1.1484375","4.1171875","0","0","0","0","0","","[]","[]","0","0","0","0","0","0","0","0","0","0","0"
"773","defined by exp-number","258","1","0","258","1","15","50","0 30","1 6","23","south","0.09765625","26.1328125","8.8046875","7.6953125","patrilocal-patrilineal","8","0.0703125","0.8359375","17.5390625","19.8828125","16.8828125","8.2734375","1.1484375","4.1171875","0","0","0","0","0","","[]","[]","0","0","0","0","0","0","0","0","0","0","0"
"770","defined by exp-number","257","1","0","257","1","15","50","0 30","1 6","23","south","0.09765625","26.1328125","8.8046875","7.6953125","patrilocal-patrilineal","8","0.0703125","0.8359375","17.5390625","19.8828125","16.8828125","8.2734375","1.1484375","4.1171875","0","0","0","0","0","","[]","[]","0","0","0","0","0","0","0","0","0","0","0"
"771","defined by exp-number","257","2","0","257","2","15","50","0 30","1 6","23","south","0.09765625","26.1328125","8.8046875","7.6953125","patrilocal-patrilineal","8","0.0703125","0.8359375","17.5390625","19.8828125","16.8828125","8.2734375","1.1484375","4.1171875","0","0","0","0","0","","[]","[]","0","0","0","0","0","0","0","0","0","0","0"
"772","defined by exp-number","258","0","0","258","0","15","50","0 30","1 6","23","south","0.09765625","26.1328125","8.8046875","7.6953125","patrilocal-patrilineal","8","0.0703125","0.8359375","17.5390625","19.8828125","16.8828125","8.2734375","1.1484375","4.1171875","0","0","0","0","0","","[]","[]","0","0","0","0","0","0","0","0","0","0","0"
"775","defined by exp-number","259","0","0","259","0","15","50","0 30","1 6","23","south","0.09765625","26.1328125","8.8046875","7.6953125","patrilocal-patrilineal","8","0.0703125","0.8359375","17.5390625","19.8828125","16.8828125","8.2734375","1.1484375","4.1171875","0","0","0","0","0","","[]","[]","0","0","0","0","0","0","0","0","0","0","0"
"777","defined by exp-number","259","2","0","259","2","15","50","0 30","1 6","23","south","0.09765625","26.1328125","8.8046875","7.6953125","patrilocal-patrilineal","8","0.0703125","0.8359375","17.5390625","19.8828125","16.8828125","8.2734375","1.1484375","4.1171875","0","0","0","0","0","","[]","[]","0","0","0","0","0","0","0","0","0","0","0"
"774","defined by exp-number","258","2","0","258","2","15","50","0 30","1 6","23","south","0.09765625","26.1328125","8.8046875","7.6953125","patrilocal-patrilineal","8","0.0703125","0.8359375","17.5390625","19.8828125","16.8828125","8.2734375","1.1484375","4.1171875","0","0","0","0","0","","[]","[]","0","0","0","0","0","0","0","0","0","0","0"
"776","defined by exp-number","259","1","0","259","1","15","50","0 30","1 6","23","south","0.09765625","26.1328125","8.8046875","7.6953125","patrilocal-patrilineal","8","0.0703125","0.8359375","17.5390625","19.8828125","16.8828125","8.2734375","1.1484375","4.1171875","0","0","0","0","0","","[]","[]","0","0","0","0","0","0","0","0","0","0","0"
"778","defined by exp-number","260","0","0","260","0","15","50","0 30","1 6","23","south","0.09765625","26.1328125","8.8046875","7.6953125","patrilocal-patrilineal","8","0.0703125","0.8359375","17.5390625","19.8828125","16.8828125","8.2734375","1.1484375","4.1171875","0","0","0","0","0","","[]","[]","0","0","0","0","0","0","0","0","0","0","0"
"739","defined by exp-number","247","0","0","247","0","15","50","0 30","1 6","23","south","0.09765625","26.1328125","8.8046875","7.6953125","patrilocal-patrilineal","8","0.0703125","0.8359375","17.5390625","19.8828125","16.8828125","8.2734375","1.1484375","4.1171875","0","0","0","0","0","","[]","[]","0","0","0","0","0","0","0","0","0","0","0"
"782","defined by exp-number","261","1","0","261","1","15","50","0 30","1 6","23","south","0.09765625","26.1328125","8.8046875","7.6953125","patrilocal-patrilineal","8","0.0703125","0.8359375","17.5390625","19.8828125","16.8828125","8.2734375","1.1484375","4.1171875","0","0","0","0","0","","[]","[]","0","0","0","0","0","0","0","0","0","0","0"
"779","defined by exp-number","260","1","0","260","1","15","50","0 30","1 6","23","south","0.09765625","26.1328125","8.8046875","7.6953125","patrilocal-patrilineal","8","0.0703125","0.8359375","17.5390625","19.8828125","16.8828125","8.2734375","1.1484375","4.1171875","0","0","0","0","0","","[]","[]","0","0","0","0","0","0","0","0","0","0","0"
"781","defined by exp-number","261","0","0","261","0","15","50","0 30","1 6","23","south","0.09765625","26.1328125","8.8046875","7.6953125","patrilocal-patrilineal","8","0.0703125","0.8359375","17.5390625","19.8828125","16.8828125","8.2734375","1.1484375","4.1171875","0","0","0","0","0","","[]","[]","0","0","0","0","0","0","0","0","0","0","0"
"780","defined by exp-number","260","2","0","260","2","15","50","0 30","1 6","23","south","0.09765625","26.1328125","8.8046875","7.6953125","patrilocal-patrilineal","8","0.0703125","0.8359375","17.5390625","19.8828125","16.8828125","8.2734375","1.1484375","4.1171875","0","0","0","0","0","","[]","[]","0","0","0","0","0","0","0","0","0","0","0"
"787","defined by exp-number","263","0","0","263","0","15","50","0 30","1 6","23","south","0.09765625","26.1328125","8.8046875","7.6953125","patrilocal-patrilineal","8","0.0703125","0.8359375","17.5390625","19.8828125","16.8828125","8.2734375","1.1484375","4.1171875","0","0","0","0","0","","[]","[]","0","0","0","0","0","0","0","0","0","0","0"
"783","defined by exp-number","261","2","0","261","2","15","50","0 30","1 6","23","south","0.09765625","26.1328125","8.8046875","7.6953125","patrilocal-patrilineal","8","0.0703125","0.8359375","17.5390625","19.8828125","16.8828125","8.2734375","1.1484375","4.1171875","0","0","0","0","0","","[]","[]","0","0","0","0","0","0","0","0","0","0","0"
"788","defined by exp-number","263","1","0","263","1","15","50","0 30","1 6","23","south","0.09765625","26.1328125","8.8046875","7.6953125","patrilocal-patrilineal","8","0.0703125","0.8359375","17.5390625","19.8828125","16.8828125","8.2734375","1.1484375","4.1171875","0","0","0","0","0","","[]","[]","0","0","0","0","0","0","0","0","0","0","0"
"786","defined by exp-number","262","2","0","262","2","15","50","0 30","1 6","23","south","0.09765625","26.1328125","8.8046875","7.6953125","patrilocal-patrilineal","8","0.0703125","0.8359375","17.5390625","19.8828125","16.8828125","8.2734375","1.1484375","4.1171875","0","0","0","0","0","","[]","[]","0","0","0","0","0","0","0","0","0","0","0"
"785","defined by exp-number","262","1","0","262","1","15","50","0 30","1 6","23","south","0.09765625","26.1328125","8.8046875","7.6953125","patrilocal-patrilineal","8","0.0703125","0.8359375","17.5390625","19.8828125","16.8828125","8.2734375","1.1484375","4.1171875","0","0","0","0","0","","[]","[]","0","0","0","0","0","0","0","0","0","0","0"
"790","defined by exp-number","264","0","0","264","0","15","50","0 30","1 6","23","south","0.09765625","26.1328125","8.8046875","7.6953125","patrilocal-patrilineal","8","0.0703125","0.8359375","17.5390625","19.8828125","16.8828125","8.2734375","1.1484375","4.1171875","0","0","0","0","0","","[]","[]","0","0","0","0","0","0","0","0","0","0","0"
"789","defined by exp-number","263","2","0","263","2","15","50","0 30","1 6","23","south","0.09765625","26.1328125","8.8046875","7.6953125","patrilocal-patrilineal","8","0.0703125","0.8359375","17.5390625","19.8828125","16.8828125","8.2734375","1.1484375","4.1171875","0","0","0","0","0","","[]","[]","0","0","0","0","0","0","0","0","0","0","0"
"793","defined by exp-number","265","0","0","265","0","15","50","0 30","1 6","23","south","0.09765625","26.1328125","8.8046875","7.6953125","patrilocal-patrilineal","8","0.0703125","0.8359375","17.5390625","19.8828125","16.8828125","8.2734375","1.1484375","4.1171875","0","0","0","0","0","","[]","[]","0","0","0","0","0","0","0","0","0","0","0"
"792","defined by exp-number","264","2","0","264","2","15","50","0 30","1 6","23","south","0.09765625","26.1328125","8.8046875","7.6953125","patrilocal-patrilineal","8","0.0703125","0.8359375","17.5390625","19.8828125","16.8828125","8.2734375","1.1484375","4.1171875","0","0","0","0","0","","[]","[]","0","0","0","0","0","0","0","0","0","0","0"
"791","defined by exp-number","264","1","0","264","1","15","50","0 30","1 6","23","south","0.09765625","26.1328125","8.8046875","7.6953125","patrilocal-patrilineal","8","0.0703125","0.8359375","17.5390625","19.8828125","16.8828125","8.2734375","1.1484375","4.1171875","0","0","0","0","0","","[]","[]","0","0","0","0","0","0","0","0","0","0","0"
"794","defined by exp-number","265","1","0","265","1","15","50","0 30","1 6","23","south","0.09765625","26.1328125","8.8046875","7.6953125","patrilocal-patrilineal","8","0.0703125","0.8359375","17.5390625","19.8828125","16.8828125","8.2734375","1.1484375","4.1171875","0","0","0","0","0","","[]","[]","0","0","0","0","0","0","0","0","0","0","0"
"796","defined by exp-number","266","0","0","266","0","15","50","0 30","1 6","23","south","0.09765625","26.1328125","8.8046875","7.6953125","patrilocal-patrilineal","8","0.0703125","0.8359375","17.5390625","19.8828125","16.8828125","8.2734375","1.1484375","4.1171875","0","0","0","0","0","","[]","[]","0","0","0","0","0","0","0","0","0","0","0"
"797","defined by exp-number","266","1","0","266","1","15","50","0 30","1 6","23","south","0.09765625","26.1328125","8.8046875","7.6953125","patrilocal-patrilineal","8","0.0703125","0.8359375","17.5390625","19.8828125","16.8828125","8.2734375","1.1484375","4.1171875","0","0","0","0","0","","[]","[]","0","0","0","0","0","0","0","0","0","0","0"
"799","defined by exp-number","267","0","0","267","0","15","50","0 30","1 6","23","south","0.09765625","26.1328125","8.8046875","7.6953125","patrilocal-patrilineal","8","0.0703125","0.8359375","17.5390625","19.8828125","16.8828125","8.2734375","1.1484375","4.1171875","0","0","0","0","0","","[]","[]","0","0","0","0","0","0","0","0","0","0","0"
"798","defined by exp-number","266","2","0","266","2","15","50","0 30","1 6","23","south","0.09765625","26.1328125","8.8046875","7.6953125","patrilocal-patrilineal","8","0.0703125","0.8359375","17.5390625","19.8828125","16.8828125","8.2734375","1.1484375","4.1171875","0","0","0","0","0","","[]","[]","0","0","0","0","0","0","0","0","0","0","0"
"795","defined by exp-number","265","2","0","265","2","15","50","0 30","1 6","23","south","0.09765625","26.1328125","8.8046875","7.6953125","patrilocal-patrilineal","8","0.0703125","0.8359375","17.5390625","19.8828125","16.8828125","8.2734375","1.1484375","4.1171875","0","0","0","0","0","","[]","[]","0","0","0","0","0","0","0","0","0","0","0"
"800","defined by exp-number","267","1","0","267","1","15","50","0 30","1 6","23","south","0.09765625","26.1328125","8.8046875","7.6953125","patrilocal-patrilineal","8","0.0703125","0.8359375","17.5390625","19.8828125","16.8828125","8.2734375","1.1484375","4.1171875","0","0","0","0","0","","[]","[]","0","0","0","0","0","0","0","0","0","0","0"
"801","defined by exp-number","267","2","0","267","2","15","50","0 30","1 6","23","south","0.09765625","26.1328125","8.8046875","7.6953125","patrilocal-patrilineal","8","0.0703125","0.8359375","17.5390625","19.8828125","16.8828125","8.2734375","1.1484375","4.1171875","0","0","0","0","0","","[]","[]","0","0","0","0","0","0","0","0","0","0","0"
"802","defined by exp-number","268","0","0","268","0","15","50","0 30","1 6","23","south","0.09765625","26.1328125","8.8046875","7.6953125","patrilocal-patrilineal","8","0.0703125","0.8359375","17.5390625","19.8828125","16.8828125","8.2734375","1.1484375","4.1171875","0","0","0","0","0","","[]","[]","0","0","0","0","0","0","0","0","0","0","0"
"804","defined by exp-number","268","2","0","268","2","15","50","0 30","1 6","23","south","0.09765625","26.1328125","8.8046875","7.6953125","patrilocal-patrilineal","8","0.0703125","0.8359375","17.5390625","19.8828125","16.8828125","8.2734375","1.1484375","4.1171875","0","0","0","0","0","","[]","[]","0","0","0","0","0","0","0","0","0","0","0"
"803","defined by exp-number","268","1","0","268","1","15","50","0 30","1 6","23","south","0.09765625","26.1328125","8.8046875","7.6953125","patrilocal-patrilineal","8","0.0703125","0.8359375","17.5390625","19.8828125","16.8828125","8.2734375","1.1484375","4.1171875","0","0","0","0","0","","[]","[]","0","0","0","0","0","0","0","0","0","0","0"
"806","defined by exp-number","269","1","0","269","1","15","50","0 30","1 6","23","south","0.09765625","26.1328125","8.8046875","7.6953125","patrilocal-patrilineal","8","0.0703125","0.8359375","17.5390625","19.8828125","16.8828125","8.2734375","1.1484375","4.1171875","0","0","0","0","0","","[]","[]","0","0","0","0","0","0","0","0","0","0","0"
"805","defined by exp-number","269","0","0","269","0","15","50","0 30","1 6","23","south","0.09765625","26.1328125","8.8046875","7.6953125","patrilocal-patrilineal","8","0.0703125","0.8359375","17.5390625","19.8828125","16.8828125","8.2734375","1.1484375","4.1171875","0","0","0","0","0","","[]","[]","0","0","0","0","0","0","0","0","0","0","0"
"809","defined by exp-number","270","1","0","270","1","15","50","0 30","1 6","23","south","0.09765625","26.1328125","8.8046875","7.6953125","patrilocal-patrilineal","8","0.0703125","0.8359375","17.5390625","19.8828125","16.8828125","8.2734375","1.1484375","4.1171875","0","0","0","0","0","","[]","[]","0","0","0","0","0","0","0","0","0","0","0"
"808","defined by exp-number","270","0","0","270","0","15","50","0 30","1 6","23","south","0.09765625","26.1328125","8.8046875","7.6953125","patrilocal-patrilineal","8","0.0703125","0.8359375","17.5390625","19.8828125","16.8828125","8.2734375","1.1484375","4.1171875","0","0","0","0","0","","[]","[]","0","0","0","0","0","0","0","0","0","0","0"
"807","defined by exp-number","269","2","0","269","2","15","50","0 30","1 6","23","south","0.09765625","26.1328125","8.8046875","7.6953125","patrilocal-patrilineal","8","0.0703125","0.8359375","17.5390625","19.8828125","16.8828125","8.2734375","1.1484375","4.1171875","0","0","0","0","0","","[]","[]","0","0","0","0","0","0","0","0","0","0","0"
"811","defined by exp-number","271","0","0","271","0","15","50","0 30","1 6","23","south","0.09765625","26.1328125","8.8046875","7.6953125","patrilocal-patrilineal","8","0.0703125","0.8359375","17.5390625","19.8828125","16.8828125","8.2734375","1.1484375","4.1171875","0","0","0","0","0","","[]","[]","0","0","0","0","0","0","0","0","0","0","0"
"810","defined by exp-number","270","2","0","270","2","15","50","0 30","1 6","23","south","0.09765625","26.1328125","8.8046875","7.6953125","patrilocal-patrilineal","8","0.0703125","0.8359375","17.5390625","19.8828125","16.8828125","8.2734375","1.1484375","4.1171875","0","0","0","0","0","","[]","[]","0","0","0","0","0","0","0","0","0","0","0"
"814","defined by exp-number","272","0","0","272","0","15","50","0 30","1 6","23","south","0.09765625","26.1328125","8.8046875","7.6953125","patrilocal-patrilineal","8","0.0703125","0.8359375","17.5390625","19.8828125","16.8828125","8.2734375","1.1484375","4.1171875","0","0","0","0","0","","[]","[]","0","0","0","0","0","0","0","0","0","0","0"
"813","defined by exp-number","271","2","0","271","2","15","50","0 30","1 6","23","south","0.09765625","26.1328125","8.8046875","7.6953125","patrilocal-patrilineal","8","0.0703125","0.8359375","17.5390625","19.8828125","16.8828125","8.2734375","1.1484375","4.1171875","0","0","0","0","0","","[]","[]","0","0","0","0","0","0","0","0","0","0","0"
"812","defined by exp-number","271","1","0","271","1","15","50","0 30","1 6","23","south","0.09765625","26.1328125","8.8046875","7.6953125","patrilocal-patrilineal","8","0.0703125","0.8359375","17.5390625","19.8828125","16.8828125","8.2734375","1.1484375","4.1171875","0","0","0","0","0","","[]","[]","0","0","0","0","0","0","0","0","0","0","0"
"816","defined by exp-number","272","2","0","272","2","15","50","0 30","1 6","23","south","0.09765625","26.1328125","8.8046875","7.6953125","patrilocal-patrilineal","8","0.0703125","0.8359375","17.5390625","19.8828125","16.8828125","8.2734375","1.1484375","4.1171875","0","0","0","0","0","","[]","[]","0","0","0","0","0","0","0","0","0","0","0"
"815","defined by exp-number","272","1","0","272","1","15","50","0 30","1 6","23","south","0.09765625","26.1328125","8.8046875","7.6953125","patrilocal-patrilineal","8","0.0703125","0.8359375","17.5390625","19.8828125","16.8828125","8.2734375","1.1484375","4.1171875","0","0","0","0","0","","[]","[]","0","0","0","0","0","0","0","0","0","0","0"
"820","defined by exp-number","274","0","0","274","0","15","50","0 30","1 6","23","south","0.09765625","26.1328125","8.8046875","7.6953125","patrilocal-patrilineal","8","0.0703125","0.8359375","17.5390625","19.8828125","16.8828125","8.2734375","1.1484375","4.1171875","0","0","0","0","0","","[]","[]","0","0","0","0","0","0","0","0","0","0","0"
"817","defined by exp-number","273","0","0","273","0","15","50","0 30","1 6","23","south","0.09765625","26.1328125","8.8046875","7.6953125","patrilocal-patrilineal","8","0.0703125","0.8359375","17.5390625","19.8828125","16.8828125","8.2734375","1.1484375","4.1171875","0","0","0","0","0","","[]","[]","0","0","0","0","0","0","0","0","0","0","0"
"818","defined by exp-number","273","1","0","273","1","15","50","0 30","1 6","23","south","0.09765625","26.1328125","8.8046875","7.6953125","patrilocal-patrilineal","8","0.0703125","0.8359375","17.5390625","19.8828125","16.8828125","8.2734375","1.1484375","4.1171875","0","0","0","0","0","","[]","[]","0","0","0","0","0","0","0","0","0","0","0"
"821","defined by exp-number","274","1","0","274","1","15","50","0 30","1 6","23","south","0.09765625","26.1328125","8.8046875","7.6953125","patrilocal-patrilineal","8","0.0703125","0.8359375","17.5390625","19.8828125","16.8828125","8.2734375","1.1484375","4.1171875","0","0","0","0","0","","[]","[]","0","0","0","0","0","0","0","0","0","0","0"
"823","defined by exp-number","275","0","0","275","0","15","50","0 30","1 6","23","south","0.09765625","26.1328125","8.8046875","7.6953125","patrilocal-patrilineal","8","0.0703125","0.8359375","17.5390625","19.8828125","16.8828125","8.2734375","1.1484375","4.1171875","0","0","0","0","0","","[]","[]","0","0","0","0","0","0","0","0","0","0","0"
"822","defined by exp-number","274","2","0","274","2","15","50","0 30","1 6","23","south","0.09765625","26.1328125","8.8046875","7.6953125","patrilocal-patrilineal","8","0.0703125","0.8359375","17.5390625","19.8828125","16.8828125","8.2734375","1.1484375","4.1171875","0","0","0","0","0","","[]","[]","0","0","0","0","0","0","0","0","0","0","0"
"824","defined by exp-number","275","1","0","275","1","15","50","0 30","1 6","23","south","0.09765625","26.1328125","8.8046875","7.6953125","patrilocal-patrilineal","8","0.0703125","0.8359375","17.5390625","19.8828125","16.8828125","8.2734375","1.1484375","4.1171875","0","0","0","0","0","","[]","[]","0","0","0","0","0","0","0","0","0","0","0"
"825","defined by exp-number","275","2","0","275","2","15","50","0 30","1 6","23","south","0.09765625","26.1328125","8.8046875","7.6953125","patrilocal-patrilineal","8","0.0703125","0.8359375","17.5390625","19.8828125","16.8828125","8.2734375","1.1484375","4.1171875","0","0","0","0","0","","[]","[]","0","0","0","0","0","0","0","0","0","0","0"
"828","defined by exp-number","276","2","0","276","2","15","50","0 30","1 6","23","south","0.09765625","26.1328125","8.8046875","7.6953125","patrilocal-patrilineal","8","0.0703125","0.8359375","17.5390625","19.8828125","16.8828125","8.2734375","1.1484375","4.1171875","0","0","0","0","0","","[]","[]","0","0","0","0","0","0","0","0","0","0","0"
"827","defined by exp-number","276","1","0","276","1","15","50","0 30","1 6","23","south","0.09765625","26.1328125","8.8046875","7.6953125","patrilocal-patrilineal","8","0.0703125","0.8359375","17.5390625","19.8828125","16.8828125","8.2734375","1.1484375","4.1171875","0","0","0","0","0","","[]","[]","0","0","0","0","0","0","0","0","0","0","0"
"829","defined by exp-number","277","0","0","277","0","15","50","0 30","1 6","23","south","0.09765625","26.1328125","8.8046875","7.6953125","patrilocal-patrilineal","8","0.0703125","0.8359375","17.5390625","19.8828125","16.8828125","8.2734375","1.1484375","4.1171875","0","0","0","0","0","","[]","[]","0","0","0","0","0","0","0","0","0","0","0"
"826","defined by exp-number","276","0","0","276","0","15","50","0 30","1 6","23","south","0.09765625","26.1328125","8.8046875","7.6953125","patrilocal-patrilineal","8","0.0703125","0.8359375","17.5390625","19.8828125","16.8828125","8.2734375","1.1484375","4.1171875","0","0","0","0","0","","[]","[]","0","0","0","0","0","0","0","0","0","0","0"
"784","defined by exp-number","262","0","0","262","0","15","50","0 30","1 6","23","south","0.09765625","26.1328125","8.8046875","7.6953125","patrilocal-patrilineal","8","0.0703125","0.8359375","17.5390625","19.8828125","16.8828125","8.2734375","1.1484375","4.1171875","0","0","0","0","0","","[]","[]","0","0","0","0","0","0","0","0","0","0","0"
"830","defined by exp-number","277","1","0","277","1","15","50","0 30","1 6","23","south","0.09765625","26.1328125","8.8046875","7.6953125","patrilocal-patrilineal","8","0.0703125","0.8359375","17.5390625","19.8828125","16.8828125","8.2734375","1.1484375","4.1171875","0","0","0","0","0","","[]","[]","0","0","0","0","0","0","0","0","0","0","0"
"832","defined by exp-number","278","0","0","278","0","15","50","0 30","1 6","23","south","0.09765625","26.1328125","8.8046875","7.6953125","patrilocal-patrilineal","8","0.0703125","0.8359375","17.5390625","19.8828125","16.8828125","8.2734375","1.1484375","4.1171875","0","0","0","0","0","","[]","[]","0","0","0","0","0","0","0","0","0","0","0"
"831","defined by exp-number","277","2","0","277","2","15","50","0 30","1 6","23","south","0.09765625","26.1328125","8.8046875","7.6953125","patrilocal-patrilineal","8","0.0703125","0.8359375","17.5390625","19.8828125","16.8828125","8.2734375","1.1484375","4.1171875","0","0","0","0","0","","[]","[]","0","0","0","0","0","0","0","0","0","0","0"
"833","defined by exp-number","278","1","0","278","1","15","50","0 30","1 6","23","south","0.09765625","26.1328125","8.8046875","7.6953125","patrilocal-patrilineal","8","0.0703125","0.8359375","17.5390625","19.8828125","16.8828125","8.2734375","1.1484375","4.1171875","0","0","0","0","0","","[]","[]","0","0","0","0","0","0","0","0","0","0","0"
"838","defined by exp-number","280","0","0","280","0","15","50","0 30","1 6","23","south","0.09765625","26.1328125","8.8046875","7.6953125","patrilocal-patrilineal","8","0.0703125","0.8359375","17.5390625","19.8828125","16.8828125","8.2734375","1.1484375","4.1171875","0","0","0","0","0","","[]","[]","0","0","0","0","0","0","0","0","0","0","0"
"836","defined by exp-number","279","1","0","279","1","15","50","0 30","1 6","23","south","0.09765625","26.1328125","8.8046875","7.6953125","patrilocal-patrilineal","8","0.0703125","0.8359375","17.5390625","19.8828125","16.8828125","8.2734375","1.1484375","4.1171875","0","0","0","0","0","","[]","[]","0","0","0","0","0","0","0","0","0","0","0"
"837","defined by exp-number","279","2","0","279","2","15","50","0 30","1 6","23","south","0.09765625","26.1328125","8.8046875","7.6953125","patrilocal-patrilineal","8","0.0703125","0.8359375","17.5390625","19.8828125","16.8828125","8.2734375","1.1484375","4.1171875","0","0","0","0","0","","[]","[]","0","0","0","0","0","0","0","0","0","0","0"
"835","defined by exp-number","279","0","0","279","0","15","50","0 30","1 6","23","south","0.09765625","26.1328125","8.8046875","7.6953125","patrilocal-patrilineal","8","0.0703125","0.8359375","17.5390625","19.8828125","16.8828125","8.2734375","1.1484375","4.1171875","0","0","0","0","0","","[]","[]","0","0","0","0","0","0","0","0","0","0","0"
"840","defined by exp-number","280","2","0","280","2","15","50","0 30","1 6","23","south","0.09765625","26.1328125","8.8046875","7.6953125","patrilocal-patrilineal","8","0.0703125","0.8359375","17.5390625","19.8828125","16.8828125","8.2734375","1.1484375","4.1171875","0","0","0","0","0","","[]","[]","0","0","0","0","0","0","0","0","0","0","0"
"839","defined by exp-number","280","1","0","280","1","15","50","0 30","1 6","23","south","0.09765625","26.1328125","8.8046875","7.6953125","patrilocal-patrilineal","8","0.0703125","0.8359375","17.5390625","19.8828125","16.8828125","8.2734375","1.1484375","4.1171875","0","0","0","0","0","","[]","[]","0","0","0","0","0","0","0","0","0","0","0"
"841","defined by exp-number","281","0","0","281","0","15","50","0 30","1 6","23","south","0.09765625","26.1328125","8.8046875","7.6953125","patrilocal-patrilineal","8","0.0703125","0.8359375","17.5390625","19.8828125","16.8828125","8.2734375","1.1484375","4.1171875","0","0","0","0","0","","[]","[]","0","0","0","0","0","0","0","0","0","0","0"
"842","defined by exp-number","281","1","0","281","1","15","50","0 30","1 6","23","south","0.09765625","26.1328125","8.8046875","7.6953125","patrilocal-patrilineal","8","0.0703125","0.8359375","17.5390625","19.8828125","16.8828125","8.2734375","1.1484375","4.1171875","0","0","0","0","0","","[]","[]","0","0","0","0","0","0","0","0","0","0","0"
"844","defined by exp-number","282","0","0","282","0","15","50","0 30","1 6","23","south","0.09765625","26.1328125","8.8046875","7.6953125","patrilocal-patrilineal","8","0.0703125","0.8359375","17.5390625","19.8828125","16.8828125","8.2734375","1.1484375","4.1171875","0","0","0","0","0","","[]","[]","0","0","0","0","0","0","0","0","0","0","0"
"843","defined by exp-number","281","2","0","281","2","15","50","0 30","1 6","23","south","0.09765625","26.1328125","8.8046875","7.6953125","patrilocal-patrilineal","8","0.0703125","0.8359375","17.5390625","19.8828125","16.8828125","8.2734375","1.1484375","4.1171875","0","0","0","0","0","","[]","[]","0","0","0","0","0","0","0","0","0","0","0"
"845","defined by exp-number","282","1","0","282","1","15","50","0 30","1 6","23","south","0.09765625","26.1328125","8.8046875","7.6953125","patrilocal-patrilineal","8","0.0703125","0.8359375","17.5390625","19.8828125","16.8828125","8.2734375","1.1484375","4.1171875","0","0","0","0","0","","[]","[]","0","0","0","0","0","0","0","0","0","0","0"
"846","defined by exp-number","282","2","0","282","2","15","50","0 30","1 6","23","south","0.09765625","26.1328125","8.8046875","7.6953125","patrilocal-patrilineal","8","0.0703125","0.8359375","17.5390625","19.8828125","16.8828125","8.2734375","1.1484375","4.1171875","0","0","0","0","0","","[]","[]","0","0","0","0","0","0","0","0","0","0","0"
"849","defined by exp-number","283","2","0","283","2","15","50","0 30","1 6","23","south","0.09765625","26.1328125","8.8046875","7.6953125","patrilocal-patrilineal","8","0.0703125","0.8359375","17.5390625","19.8828125","16.8828125","8.2734375","1.1484375","4.1171875","0","0","0","0","0","","[]","[]","0","0","0","0","0","0","0","0","0","0","0"
"847","defined by exp-number","283","0","0","283","0","15","50","0 30","1 6","23","south","0.09765625","26.1328125","8.8046875","7.6953125","patrilocal-patrilineal","8","0.0703125","0.8359375","17.5390625","19.8828125","16.8828125","8.2734375","1.1484375","4.1171875","0","0","0","0","0","","[]","[]","0","0","0","0","0","0","0","0","0","0","0"
"819","defined by exp-number","273","2","0","273","2","15","50","0 30","1 6","23","south","0.09765625","26.1328125","8.8046875","7.6953125","patrilocal-patrilineal","8","0.0703125","0.8359375","17.5390625","19.8828125","16.8828125","8.2734375","1.1484375","4.1171875","0","0","0","0","0","","[]","[]","0","0","0","0","0","0","0","0","0","0","0"
"848","defined by exp-number","283","1","0","283","1","15","50","0 30","1 6","23","south","0.09765625","26.1328125","8.8046875","7.6953125","patrilocal-patrilineal","8","0.0703125","0.8359375","17.5390625","19.8828125","16.8828125","8.2734375","1.1484375","4.1171875","0","0","0","0","0","","[]","[]","0","0","0","0","0","0","0","0","0","0","0"
"850","defined by exp-number","284","0","0","284","0","15","50","0 30","1 6","23","south","0.09765625","26.1328125","8.8046875","7.6953125","patrilocal-patrilineal","8","0.0703125","0.8359375","17.5390625","19.8828125","16.8828125","8.2734375","1.1484375","4.1171875","0","0","0","0","0","","[]","[]","0","0","0","0","0","0","0","0","0","0","0"
"852","defined by exp-number","284","2","0","284","2","15","50","0 30","1 6","23","south","0.09765625","26.1328125","8.8046875","7.6953125","patrilocal-patrilineal","8","0.0703125","0.8359375","17.5390625","19.8828125","16.8828125","8.2734375","1.1484375","4.1171875","0","0","0","0","0","","[]","[]","0","0","0","0","0","0","0","0","0","0","0"
"854","defined by exp-number","285","1","0","285","1","15","50","0 30","1 6","23","south","0.09765625","26.1328125","8.8046875","7.6953125","patrilocal-patrilineal","8","0.0703125","0.8359375","17.5390625","19.8828125","16.8828125","8.2734375","1.1484375","4.1171875","0","0","0","0","0","","[]","[]","0","0","0","0","0","0","0","0","0","0","0"
"851","defined by exp-number","284","1","0","284","1","15","50","0 30","1 6","23","south","0.09765625","26.1328125","8.8046875","7.6953125","patrilocal-patrilineal","8","0.0703125","0.8359375","17.5390625","19.8828125","16.8828125","8.2734375","1.1484375","4.1171875","0","0","0","0","0","","[]","[]","0","0","0","0","0","0","0","0","0","0","0"
"853","defined by exp-number","285","0","0","285","0","15","50","0 30","1 6","23","south","0.09765625","26.1328125","8.8046875","7.6953125","patrilocal-patrilineal","8","0.0703125","0.8359375","17.5390625","19.8828125","16.8828125","8.2734375","1.1484375","4.1171875","0","0","0","0","0","","[]","[]","0","0","0","0","0","0","0","0","0","0","0"
"855","defined by exp-number","285","2","0","285","2","15","50","0 30","1 6","23","south","0.09765625","26.1328125","8.8046875","7.6953125","patrilocal-patrilineal","8","0.0703125","0.8359375","17.5390625","19.8828125","16.8828125","8.2734375","1.1484375","4.1171875","0","0","0","0","0","","[]","[]","0","0","0","0","0","0","0","0","0","0","0"
"858","defined by exp-number","286","2","0","286","2","15","50","0 30","1 6","23","south","0.09765625","26.1328125","8.8046875","7.6953125","patrilocal-patrilineal","8","0.0703125","0.8359375","17.5390625","19.8828125","16.8828125","8.2734375","1.1484375","4.1171875","0","0","0","0","0","","[]","[]","0","0","0","0","0","0","0","0","0","0","0"
"857","defined by exp-number","286","1","0","286","1","15","50","0 30","1 6","23","south","0.09765625","26.1328125","8.8046875","7.6953125","patrilocal-patrilineal","8","0.0703125","0.8359375","17.5390625","19.8828125","16.8828125","8.2734375","1.1484375","4.1171875","0","0","0","0","0","","[]","[]","0","0","0","0","0","0","0","0","0","0","0"
"856","defined by exp-number","286","0","0","286","0","15","50","0 30","1 6","23","south","0.09765625","26.1328125","8.8046875","7.6953125","patrilocal-patrilineal","8","0.0703125","0.8359375","17.5390625","19.8828125","16.8828125","8.2734375","1.1484375","4.1171875","0","0","0","0","0","","[]","[]","0","0","0","0","0","0","0","0","0","0","0"
"860","defined by exp-number","287","1","0","287","1","15","50","0 30","1 6","23","south","0.09765625","26.1328125","8.8046875","7.6953125","patrilocal-patrilineal","8","0.0703125","0.8359375","17.5390625","19.8828125","16.8828125","8.2734375","1.1484375","4.1171875","0","0","0","0","0","","[]","[]","0","0","0","0","0","0","0","0","0","0","0"
"859","defined by exp-number","287","0","0","287","0","15","50","0 30","1 6","23","south","0.09765625","26.1328125","8.8046875","7.6953125","patrilocal-patrilineal","8","0.0703125","0.8359375","17.5390625","19.8828125","16.8828125","8.2734375","1.1484375","4.1171875","0","0","0","0","0","","[]","[]","0","0","0","0","0","0","0","0","0","0","0"
"862","defined by exp-number","288","0","0","288","0","15","50","0 30","1 6","23","south","0.09765625","26.1328125","8.8046875","7.6953125","patrilocal-patrilineal","8","0.0703125","0.8359375","17.5390625","19.8828125","16.8828125","8.2734375","1.1484375","4.1171875","0","0","0","0","0","","[]","[]","0","0","0","0","0","0","0","0","0","0","0"
"863","defined by exp-number","288","1","0","288","1","15","50","0 30","1 6","23","south","0.09765625","26.1328125","8.8046875","7.6953125","patrilocal-patrilineal","8","0.0703125","0.8359375","17.5390625","19.8828125","16.8828125","8.2734375","1.1484375","4.1171875","0","0","0","0","0","","[]","[]","0","0","0","0","0","0","0","0","0","0","0"
"861","defined by exp-number","287","2","0","287","2","15","50","0 30","1 6","23","south","0.09765625","26.1328125","8.8046875","7.6953125","patrilocal-patrilineal","8","0.0703125","0.8359375","17.5390625","19.8828125","16.8828125","8.2734375","1.1484375","4.1171875","0","0","0","0","0","","[]","[]","0","0","0","0","0","0","0","0","0","0","0"
"865","defined by exp-number","289","0","0","289","0","15","50","0 30","1 6","23","south","0.09765625","26.1328125","8.8046875","7.6953125","patrilocal-patrilineal","8","0.0703125","0.8359375","17.5390625","19.8828125","16.8828125","8.2734375","1.1484375","4.1171875","0","0","0","0","0","","[]","[]","0","0","0","0","0","0","0","0","0","0","0"
"866","defined by exp-number","289","1","0","289","1","15","50","0 30","1 6","23","south","0.09765625","26.1328125","8.8046875","7.6953125","patrilocal-patrilineal","8","0.0703125","0.8359375","17.5390625","19.8828125","16.8828125","8.2734375","1.1484375","4.1171875","0","0","0","0","0","","[]","[]","0","0","0","0","0","0","0","0","0","0","0"
"864","defined by exp-number","288","2","0","288","2","15","50","0 30","1 6","23","south","0.09765625","26.1328125","8.8046875","7.6953125","patrilocal-patrilineal","8","0.0703125","0.8359375","17.5390625","19.8828125","16.8828125","8.2734375","1.1484375","4.1171875","0","0","0","0","0","","[]","[]","0","0","0","0","0","0","0","0","0","0","0"
"867","defined by exp-number","289","2","0","289","2","15","50","0 30","1 6","23","south","0.09765625","26.1328125","8.8046875","7.6953125","patrilocal-patrilineal","8","0.0703125","0.8359375","17.5390625","19.8828125","16.8828125","8.2734375","1.1484375","4.1171875","0","0","0","0","0","","[]","[]","0","0","0","0","0","0","0","0","0","0","0"
"868","defined by exp-number","290","0","0","290","0","15","50","0 30","1 6","23","south","0.09765625","26.1328125","8.8046875","7.6953125","patrilocal-patrilineal","8","0.0703125","0.8359375","17.5390625","19.8828125","16.8828125","8.2734375","1.1484375","4.1171875","0","0","0","0","0","","[]","[]","0","0","0","0","0","0","0","0","0","0","0"
"870","defined by exp-number","290","2","0","290","2","15","50","0 30","1 6","23","south","0.09765625","26.1328125","8.8046875","7.6953125","patrilocal-patrilineal","8","0.0703125","0.8359375","17.5390625","19.8828125","16.8828125","8.2734375","1.1484375","4.1171875","0","0","0","0","0","","[]","[]","0","0","0","0","0","0","0","0","0","0","0"
"869","defined by exp-number","290","1","0","290","1","15","50","0 30","1 6","23","south","0.09765625","26.1328125","8.8046875","7.6953125","patrilocal-patrilineal","8","0.0703125","0.8359375","17.5390625","19.8828125","16.8828125","8.2734375","1.1484375","4.1171875","0","0","0","0","0","","[]","[]","0","0","0","0","0","0","0","0","0","0","0"
"871","defined by exp-number","291","0","0","291","0","15","50","0 30","1 6","23","south","0.09765625","26.1328125","8.8046875","7.6953125","patrilocal-patrilineal","8","0.0703125","0.8359375","17.5390625","19.8828125","16.8828125","8.2734375","1.1484375","4.1171875","0","0","0","0","0","","[]","[]","0","0","0","0","0","0","0","0","0","0","0"
"874","defined by exp-number","292","0","0","292","0","15","50","0 30","1 6","23","south","0.09765625","26.1328125","8.8046875","7.6953125","patrilocal-patrilineal","8","0.0703125","0.8359375","17.5390625","19.8828125","16.8828125","8.2734375","1.1484375","4.1171875","0","0","0","0","0","","[]","[]","0","0","0","0","0","0","0","0","0","0","0"
"873","defined by exp-number","291","2","0","291","2","15","50","0 30","1 6","23","south","0.09765625","26.1328125","8.8046875","7.6953125","patrilocal-patrilineal","8","0.0703125","0.8359375","17.5390625","19.8828125","16.8828125","8.2734375","1.1484375","4.1171875","0","0","0","0","0","","[]","[]","0","0","0","0","0","0","0","0","0","0","0"
"875","defined by exp-number","292","1","0","292","1","15","50","0 30","1 6","23","south","0.09765625","26.1328125","8.8046875","7.6953125","patrilocal-patrilineal","8","0.0703125","0.8359375","17.5390625","19.8828125","16.8828125","8.2734375","1.1484375","4.1171875","0","0","0","0","0","","[]","[]","0","0","0","0","0","0","0","0","0","0","0"
"876","defined by exp-number","292","2","0","292","2","15","50","0 30","1 6","23","south","0.09765625","26.1328125","8.8046875","7.6953125","patrilocal-patrilineal","8","0.0703125","0.8359375","17.5390625","19.8828125","16.8828125","8.2734375","1.1484375","4.1171875","0","0","0","0","0","","[]","[]","0","0","0","0","0","0","0","0","0","0","0"
"834","defined by exp-number","278","2","0","278","2","15","50","0 30","1 6","23","south","0.09765625","26.1328125","8.8046875","7.6953125","patrilocal-patrilineal","8","0.0703125","0.8359375","17.5390625","19.8828125","16.8828125","8.2734375","1.1484375","4.1171875","0","0","0","0","0","","[]","[]","0","0","0","0","0","0","0","0","0","0","0"
"877","defined by exp-number","293","0","0","293","0","15","50","0 30","1 6","23","south","0.09765625","26.1328125","8.8046875","7.6953125","patrilocal-patrilineal","8","0.0703125","0.8359375","17.5390625","19.8828125","16.8828125","8.2734375","1.1484375","4.1171875","0","0","0","0","0","","[]","[]","0","0","0","0","0","0","0","0","0","0","0"
"878","defined by exp-number","293","1","0","293","1","15","50","0 30","1 6","23","south","0.09765625","26.1328125","8.8046875","7.6953125","patrilocal-patrilineal","8","0.0703125","0.8359375","17.5390625","19.8828125","16.8828125","8.2734375","1.1484375","4.1171875","0","0","0","0","0","","[]","[]","0","0","0","0","0","0","0","0","0","0","0"
"879","defined by exp-number","293","2","0","293","2","15","50","0 30","1 6","23","south","0.09765625","26.1328125","8.8046875","7.6953125","patrilocal-patrilineal","8","0.0703125","0.8359375","17.5390625","19.8828125","16.8828125","8.2734375","1.1484375","4.1171875","0","0","0","0","0","","[]","[]","0","0","0","0","0","0","0","0","0","0","0"
"880","defined by exp-number","294","0","0","294","0","15","50","0 30","1 6","23","south","0.09765625","26.1328125","8.8046875","7.6953125","patrilocal-patrilineal","8","0.0703125","0.8359375","17.5390625","19.8828125","16.8828125","8.2734375","1.1484375","4.1171875","0","0","0","0","0","","[]","[]","0","0","0","0","0","0","0","0","0","0","0"
"882","defined by exp-number","294","2","0","294","2","15","50","0 30","1 6","23","south","0.09765625","26.1328125","8.8046875","7.6953125","patrilocal-patrilineal","8","0.0703125","0.8359375","17.5390625","19.8828125","16.8828125","8.2734375","1.1484375","4.1171875","0","0","0","0","0","","[]","[]","0","0","0","0","0","0","0","0","0","0","0"
"883","defined by exp-number","295","0","0","295","0","15","50","0 30","1 6","23","south","0.09765625","26.1328125","8.8046875","7.6953125","patrilocal-patrilineal","8","0.0703125","0.8359375","17.5390625","19.8828125","16.8828125","8.2734375","1.1484375","4.1171875","0","0","0","0","0","","[]","[]","0","0","0","0","0","0","0","0","0","0","0"
"886","defined by exp-number","296","0","0","296","0","15","50","0 30","1 6","23","south","0.09765625","26.1328125","8.8046875","7.6953125","patrilocal-patrilineal","8","0.0703125","0.8359375","17.5390625","19.8828125","16.8828125","8.2734375","1.1484375","4.1171875","0","0","0","0","0","","[]","[]","0","0","0","0","0","0","0","0","0","0","0"
"885","defined by exp-number","295","2","0","295","2","15","50","0 30","1 6","23","south","0.09765625","26.1328125","8.8046875","7.6953125","patrilocal-patrilineal","8","0.0703125","0.8359375","17.5390625","19.8828125","16.8828125","8.2734375","1.1484375","4.1171875","0","0","0","0","0","","[]","[]","0","0","0","0","0","0","0","0","0","0","0"
"887","defined by exp-number","296","1","0","296","1","15","50","0 30","1 6","23","south","0.09765625","26.1328125","8.8046875","7.6953125","patrilocal-patrilineal","8","0.0703125","0.8359375","17.5390625","19.8828125","16.8828125","8.2734375","1.1484375","4.1171875","0","0","0","0","0","","[]","[]","0","0","0","0","0","0","0","0","0","0","0"
"884","defined by exp-number","295","1","0","295","1","15","50","0 30","1 6","23","south","0.09765625","26.1328125","8.8046875","7.6953125","patrilocal-patrilineal","8","0.0703125","0.8359375","17.5390625","19.8828125","16.8828125","8.2734375","1.1484375","4.1171875","0","0","0","0","0","","[]","[]","0","0","0","0","0","0","0","0","0","0","0"
"889","defined by exp-number","297","0","0","297","0","15","50","0 30","1 6","23","south","0.09765625","26.1328125","8.8046875","7.6953125","patrilocal-patrilineal","8","0.0703125","0.8359375","17.5390625","19.8828125","16.8828125","8.2734375","1.1484375","4.1171875","0","0","0","0","0","","[]","[]","0","0","0","0","0","0","0","0","0","0","0"
"888","defined by exp-number","296","2","0","296","2","15","50","0 30","1 6","23","south","0.09765625","26.1328125","8.8046875","7.6953125","patrilocal-patrilineal","8","0.0703125","0.8359375","17.5390625","19.8828125","16.8828125","8.2734375","1.1484375","4.1171875","0","0","0","0","0","","[]","[]","0","0","0","0","0","0","0","0","0","0","0"
"890","defined by exp-number","297","1","0","297","1","15","50","0 30","1 6","23","south","0.09765625","26.1328125","8.8046875","7.6953125","patrilocal-patrilineal","8","0.0703125","0.8359375","17.5390625","19.8828125","16.8828125","8.2734375","1.1484375","4.1171875","0","0","0","0","0","","[]","[]","0","0","0","0","0","0","0","0","0","0","0"
"891","defined by exp-number","297","2","0","297","2","15","50","0 30","1 6","23","south","0.09765625","26.1328125","8.8046875","7.6953125","patrilocal-patrilineal","8","0.0703125","0.8359375","17.5390625","19.8828125","16.8828125","8.2734375","1.1484375","4.1171875","0","0","0","0","0","","[]","[]","0","0","0","0","0","0","0","0","0","0","0"
"892","defined by exp-number","298","0","0","298","0","15","50","0 30","1 6","23","south","0.09765625","26.1328125","8.8046875","7.6953125","patrilocal-patrilineal","8","0.0703125","0.8359375","17.5390625","19.8828125","16.8828125","8.2734375","1.1484375","4.1171875","0","0","0","0","0","","[]","[]","0","0","0","0","0","0","0","0","0","0","0"
"894","defined by exp-number","298","2","0","298","2","15","50","0 30","1 6","23","south","0.09765625","26.1328125","8.8046875","7.6953125","patrilocal-patrilineal","8","0.0703125","0.8359375","17.5390625","19.8828125","16.8828125","8.2734375","1.1484375","4.1171875","0","0","0","0","0","","[]","[]","0","0","0","0","0","0","0","0","0","0","0"
"893","defined by exp-number","298","1","0","298","1","15","50","0 30","1 6","23","south","0.09765625","26.1328125","8.8046875","7.6953125","patrilocal-patrilineal","8","0.0703125","0.8359375","17.5390625","19.8828125","16.8828125","8.2734375","1.1484375","4.1171875","0","0","0","0","0","","[]","[]","0","0","0","0","0","0","0","0","0","0","0"
"895","defined by exp-number","299","0","0","299","0","15","50","0 30","1 6","23","south","0.09765625","26.1328125","8.8046875","7.6953125","patrilocal-patrilineal","8","0.0703125","0.8359375","17.5390625","19.8828125","16.8828125","8.2734375","1.1484375","4.1171875","0","0","0","0","0","","[]","[]","0","0","0","0","0","0","0","0","0","0","0"
"897","defined by exp-number","299","2","0","299","2","15","50","0 30","1 6","23","south","0.09765625","26.1328125","8.8046875","7.6953125","patrilocal-patrilineal","8","0.0703125","0.8359375","17.5390625","19.8828125","16.8828125","8.2734375","1.1484375","4.1171875","0","0","0","0","0","","[]","[]","0","0","0","0","0","0","0","0","0","0","0"
"896","defined by exp-number","299","1","0","299","1","15","50","0 30","1 6","23","south","0.09765625","26.1328125","8.8046875","7.6953125","patrilocal-patrilineal","8","0.0703125","0.8359375","17.5390625","19.8828125","16.8828125","8.2734375","1.1484375","4.1171875","0","0","0","0","0","","[]","[]","0","0","0","0","0","0","0","0","0","0","0"
"899","defined by exp-number","300","1","0","300","1","15","50","0 30","1 6","23","south","0.09765625","26.1328125","8.8046875","7.6953125","patrilocal-patrilineal","8","0.0703125","0.8359375","17.5390625","19.8828125","16.8828125","8.2734375","1.1484375","4.1171875","0","0","0","0","0","","[]","[]","0","0","0","0","0","0","0","0","0","0","0"
"898","defined by exp-number","300","0","0","300","0","15","50","0 30","1 6","23","south","0.09765625","26.1328125","8.8046875","7.6953125","patrilocal-patrilineal","8","0.0703125","0.8359375","17.5390625","19.8828125","16.8828125","8.2734375","1.1484375","4.1171875","0","0","0","0","0","","[]","[]","0","0","0","0","0","0","0","0","0","0","0"
"900","defined by exp-number","300","2","0","300","2","15","50","0 30","1 6","23","south","0.09765625","26.1328125","8.8046875","7.6953125","patrilocal-patrilineal","8","0.0703125","0.8359375","17.5390625","19.8828125","16.8828125","8.2734375","1.1484375","4.1171875","0","0","0","0","0","","[]","[]","0","0","0","0","0","0","0","0","0","0","0"
"901","defined by exp-number","301","0","0","301","0","15","50","0 30","1 6","23","south","0.09765625","26.1328125","8.8046875","7.6953125","patrilocal-patrilineal","8","0.0703125","0.8359375","17.5390625","19.8828125","16.8828125","8.2734375","1.1484375","4.1171875","0","0","0","0","0","","[]","[]","0","0","0","0","0","0","0","0","0","0","0"
"902","defined by exp-number","301","1","0","301","1","15","50","0 30","1 6","23","south","0.09765625","26.1328125","8.8046875","7.6953125","patrilocal-patrilineal","8","0.0703125","0.8359375","17.5390625","19.8828125","16.8828125","8.2734375","1.1484375","4.1171875","0","0","0","0","0","","[]","[]","0","0","0","0","0","0","0","0","0","0","0"
"872","defined by exp-number","291","1","0","291","1","15","50","0 30","1 6","23","south","0.09765625","26.1328125","8.8046875","7.6953125","patrilocal-patrilineal","8","0.0703125","0.8359375","17.5390625","19.8828125","16.8828125","8.2734375","1.1484375","4.1171875","0","0","0","0","0","","[]","[]","0","0","0","0","0","0","0","0","0","0","0"
"903","defined by exp-number","301","2","0","301","2","15","50","0 30","1 6","23","south","0.09765625","26.1328125","8.8046875","7.6953125","patrilocal-patrilineal","8","0.0703125","0.8359375","17.5390625","19.8828125","16.8828125","8.2734375","1.1484375","4.1171875","0","0","0","0","0","","[]","[]","0","0","0","0","0","0","0","0","0","0","0"
"905","defined by exp-number","302","1","0","302","1","15","50","0 30","1 6","23","south","0.09765625","26.1328125","8.8046875","7.6953125","patrilocal-patrilineal","8","0.0703125","0.8359375","17.5390625","19.8828125","16.8828125","8.2734375","1.1484375","4.1171875","0","0","0","0","0","","[]","[]","0","0","0","0","0","0","0","0","0","0","0"
"904","defined by exp-number","302","0","0","302","0","15","50","0 30","1 6","23","south","0.09765625","26.1328125","8.8046875","7.6953125","patrilocal-patrilineal","8","0.0703125","0.8359375","17.5390625","19.8828125","16.8828125","8.2734375","1.1484375","4.1171875","0","0","0","0","0","","[]","[]","0","0","0","0","0","0","0","0","0","0","0"
"906","defined by exp-number","302","2","0","302","2","15","50","0 30","1 6","23","south","0.09765625","26.1328125","8.8046875","7.6953125","patrilocal-patrilineal","8","0.0703125","0.8359375","17.5390625","19.8828125","16.8828125","8.2734375","1.1484375","4.1171875","0","0","0","0","0","","[]","[]","0","0","0","0","0","0","0","0","0","0","0"
"908","defined by exp-number","303","1","0","303","1","15","50","0 30","1 6","23","south","0.09765625","26.1328125","8.8046875","7.6953125","patrilocal-patrilineal","8","0.0703125","0.8359375","17.5390625","19.8828125","16.8828125","8.2734375","1.1484375","4.1171875","0","0","0","0","0","","[]","[]","0","0","0","0","0","0","0","0","0","0","0"
"907","defined by exp-number","303","0","0","303","0","15","50","0 30","1 6","23","south","0.09765625","26.1328125","8.8046875","7.6953125","patrilocal-patrilineal","8","0.0703125","0.8359375","17.5390625","19.8828125","16.8828125","8.2734375","1.1484375","4.1171875","0","0","0","0","0","","[]","[]","0","0","0","0","0","0","0","0","0","0","0"
"909","defined by exp-number","303","2","0","303","2","15","50","0 30","1 6","23","south","0.09765625","26.1328125","8.8046875","7.6953125","patrilocal-patrilineal","8","0.0703125","0.8359375","17.5390625","19.8828125","16.8828125","8.2734375","1.1484375","4.1171875","0","0","0","0","0","","[]","[]","0","0","0","0","0","0","0","0","0","0","0"
"911","defined by exp-number","304","1","0","304","1","15","50","0 30","1 6","23","south","0.09765625","26.1328125","8.8046875","7.6953125","patrilocal-patrilineal","8","0.0703125","0.8359375","17.5390625","19.8828125","16.8828125","8.2734375","1.1484375","4.1171875","0","0","0","0","0","","[]","[]","0","0","0","0","0","0","0","0","0","0","0"
"910","defined by exp-number","304","0","0","304","0","15","50","0 30","1 6","23","south","0.09765625","26.1328125","8.8046875","7.6953125","patrilocal-patrilineal","8","0.0703125","0.8359375","17.5390625","19.8828125","16.8828125","8.2734375","1.1484375","4.1171875","0","0","0","0","0","","[]","[]","0","0","0","0","0","0","0","0","0","0","0"
"912","defined by exp-number","304","2","0","304","2","15","50","0 30","1 6","23","south","0.09765625","26.1328125","8.8046875","7.6953125","patrilocal-patrilineal","8","0.0703125","0.8359375","17.5390625","19.8828125","16.8828125","8.2734375","1.1484375","4.1171875","0","0","0","0","0","","[]","[]","0","0","0","0","0","0","0","0","0","0","0"
"913","defined by exp-number","305","0","0","305","0","15","50","0 30","1 6","23","south","0.09765625","26.1328125","8.8046875","7.6953125","patrilocal-patrilineal","8","0.0703125","0.8359375","17.5390625","19.8828125","16.8828125","8.2734375","1.1484375","4.1171875","0","0","0","0","0","","[]","[]","0","0","0","0","0","0","0","0","0","0","0"
"915","defined by exp-number","305","2","0","305","2","15","50","0 30","1 6","23","south","0.09765625","26.1328125","8.8046875","7.6953125","patrilocal-patrilineal","8","0.0703125","0.8359375","17.5390625","19.8828125","16.8828125","8.2734375","1.1484375","4.1171875","0","0","0","0","0","","[]","[]","0","0","0","0","0","0","0","0","0","0","0"
"914","defined by exp-number","305","1","0","305","1","15","50","0 30","1 6","23","south","0.09765625","26.1328125","8.8046875","7.6953125","patrilocal-patrilineal","8","0.0703125","0.8359375","17.5390625","19.8828125","16.8828125","8.2734375","1.1484375","4.1171875","0","0","0","0","0","","[]","[]","0","0","0","0","0","0","0","0","0","0","0"
"918","defined by exp-number","306","2","0","306","2","15","50","0 30","1 6","23","south","0.09765625","26.1328125","8.8046875","7.6953125","patrilocal-patrilineal","8","0.0703125","0.8359375","17.5390625","19.8828125","16.8828125","8.2734375","1.1484375","4.1171875","0","0","0","0","0","","[]","[]","0","0","0","0","0","0","0","0","0","0","0"
"916","defined by exp-number","306","0","0","306","0","15","50","0 30","1 6","23","south","0.09765625","26.1328125","8.8046875","7.6953125","patrilocal-patrilineal","8","0.0703125","0.8359375","17.5390625","19.8828125","16.8828125","8.2734375","1.1484375","4.1171875","0","0","0","0","0","","[]","[]","0","0","0","0","0","0","0","0","0","0","0"
"917","defined by exp-number","306","1","0","306","1","15","50","0 30","1 6","23","south","0.09765625","26.1328125","8.8046875","7.6953125","patrilocal-patrilineal","8","0.0703125","0.8359375","17.5390625","19.8828125","16.8828125","8.2734375","1.1484375","4.1171875","0","0","0","0","0","","[]","[]","0","0","0","0","0","0","0","0","0","0","0"
"919","defined by exp-number","307","0","0","307","0","15","50","0 30","1 6","23","south","0.09765625","26.1328125","8.8046875","7.6953125","patrilocal-patrilineal","8","0.0703125","0.8359375","17.5390625","19.8828125","16.8828125","8.2734375","1.1484375","4.1171875","0","0","0","0","0","","[]","[]","0","0","0","0","0","0","0","0","0","0","0"
"920","defined by exp-number","307","1","0","307","1","15","50","0 30","1 6","23","south","0.09765625","26.1328125","8.8046875","7.6953125","patrilocal-patrilineal","8","0.0703125","0.8359375","17.5390625","19.8828125","16.8828125","8.2734375","1.1484375","4.1171875","0","0","0","0","0","","[]","[]","0","0","0","0","0","0","0","0","0","0","0"
"921","defined by exp-number","307","2","0","307","2","15","50","0 30","1 6","23","south","0.09765625","26.1328125","8.8046875","7.6953125","patrilocal-patrilineal","8","0.0703125","0.8359375","17.5390625","19.8828125","16.8828125","8.2734375","1.1484375","4.1171875","0","0","0","0","0","","[]","[]","0","0","0","0","0","0","0","0","0","0","0"
"922","defined by exp-number","308","0","0","308","0","15","50","0 30","1 6","23","south","0.09765625","26.1328125","8.8046875","7.6953125","patrilocal-patrilineal","8","0.0703125","0.8359375","17.5390625","19.8828125","16.8828125","8.2734375","1.1484375","4.1171875","0","0","0","0","0","","[]","[]","0","0","0","0","0","0","0","0","0","0","0"
"923","defined by exp-number","308","1","0","308","1","15","50","0 30","1 6","23","south","0.09765625","26.1328125","8.8046875","7.6953125","patrilocal-patrilineal","8","0.0703125","0.8359375","17.5390625","19.8828125","16.8828125","8.2734375","1.1484375","4.1171875","0","0","0","0","0","","[]","[]","0","0","0","0","0","0","0","0","0","0","0"
"925","defined by exp-number","309","0","0","309","0","15","50","0 30","1 6","23","south","0.09765625","26.1328125","8.8046875","7.6953125","patrilocal-patrilineal","8","0.0703125","0.8359375","17.5390625","19.8828125","16.8828125","8.2734375","1.1484375","4.1171875","0","0","0","0","0","","[]","[]","0","0","0","0","0","0","0","0","0","0","0"
"881","defined by exp-number","294","1","0","294","1","15","50","0 30","1 6","23","south","0.09765625","26.1328125","8.8046875","7.6953125","patrilocal-patrilineal","8","0.0703125","0.8359375","17.5390625","19.8828125","16.8828125","8.2734375","1.1484375","4.1171875","0","0","0","0","0","","[]","[]","0","0","0","0","0","0","0","0","0","0","0"
"924","defined by exp-number","308","2","0","308","2","15","50","0 30","1 6","23","south","0.09765625","26.1328125","8.8046875","7.6953125","patrilocal-patrilineal","8","0.0703125","0.8359375","17.5390625","19.8828125","16.8828125","8.2734375","1.1484375","4.1171875","0","0","0","0","0","","[]","[]","0","0","0","0","0","0","0","0","0","0","0"
"926","defined by exp-number","309","1","0","309","1","15","50","0 30","1 6","23","south","0.09765625","26.1328125","8.8046875","7.6953125","patrilocal-patrilineal","8","0.0703125","0.8359375","17.5390625","19.8828125","16.8828125","8.2734375","1.1484375","4.1171875","0","0","0","0","0","","[]","[]","0","0","0","0","0","0","0","0","0","0","0"
"927","defined by exp-number","309","2","0","309","2","15","50","0 30","1 6","23","south","0.09765625","26.1328125","8.8046875","7.6953125","patrilocal-patrilineal","8","0.0703125","0.8359375","17.5390625","19.8828125","16.8828125","8.2734375","1.1484375","4.1171875","0","0","0","0","0","","[]","[]","0","0","0","0","0","0","0","0","0","0","0"
"928","defined by exp-number","310","0","0","310","0","15","50","0 30","1 6","23","south","0.09765625","26.1328125","8.8046875","7.6953125","patrilocal-patrilineal","8","0.0703125","0.8359375","17.5390625","19.8828125","16.8828125","8.2734375","1.1484375","4.1171875","0","0","0","0","0","","[]","[]","0","0","0","0","0","0","0","0","0","0","0"
"929","defined by exp-number","310","1","0","310","1","15","50","0 30","1 6","23","south","0.09765625","26.1328125","8.8046875","7.6953125","patrilocal-patrilineal","8","0.0703125","0.8359375","17.5390625","19.8828125","16.8828125","8.2734375","1.1484375","4.1171875","0","0","0","0","0","","[]","[]","0","0","0","0","0","0","0","0","0","0","0"
"931","defined by exp-number","311","0","0","311","0","15","50","0 30","1 6","23","south","0.09765625","26.1328125","8.8046875","7.6953125","patrilocal-patrilineal","8","0.0703125","0.8359375","17.5390625","19.8828125","16.8828125","8.2734375","1.1484375","4.1171875","0","0","0","0","0","","[]","[]","0","0","0","0","0","0","0","0","0","0","0"
"932","defined by exp-number","311","1","0","311","1","15","50","0 30","1 6","23","south","0.09765625","26.1328125","8.8046875","7.6953125","patrilocal-patrilineal","8","0.0703125","0.8359375","17.5390625","19.8828125","16.8828125","8.2734375","1.1484375","4.1171875","0","0","0","0","0","","[]","[]","0","0","0","0","0","0","0","0","0","0","0"
"935","defined by exp-number","312","1","0","312","1","15","50","0 30","1 6","23","south","0.09765625","26.1328125","8.8046875","7.6953125","patrilocal-patrilineal","8","0.0703125","0.8359375","17.5390625","19.8828125","16.8828125","8.2734375","1.1484375","4.1171875","0","0","0","0","0","","[]","[]","0","0","0","0","0","0","0","0","0","0","0"
"933","defined by exp-number","311","2","0","311","2","15","50","0 30","1 6","23","south","0.09765625","26.1328125","8.8046875","7.6953125","patrilocal-patrilineal","8","0.0703125","0.8359375","17.5390625","19.8828125","16.8828125","8.2734375","1.1484375","4.1171875","0","0","0","0","0","","[]","[]","0","0","0","0","0","0","0","0","0","0","0"
"936","defined by exp-number","312","2","0","312","2","15","50","0 30","1 6","23","south","0.09765625","26.1328125","8.8046875","7.6953125","patrilocal-patrilineal","8","0.0703125","0.8359375","17.5390625","19.8828125","16.8828125","8.2734375","1.1484375","4.1171875","0","0","0","0","0","","[]","[]","0","0","0","0","0","0","0","0","0","0","0"
"934","defined by exp-number","312","0","0","312","0","15","50","0 30","1 6","23","south","0.09765625","26.1328125","8.8046875","7.6953125","patrilocal-patrilineal","8","0.0703125","0.8359375","17.5390625","19.8828125","16.8828125","8.2734375","1.1484375","4.1171875","0","0","0","0","0","","[]","[]","0","0","0","0","0","0","0","0","0","0","0"
"937","defined by exp-number","313","0","0","313","0","15","50","0 30","1 6","23","south","0.09765625","26.1328125","8.8046875","7.6953125","patrilocal-patrilineal","8","0.0703125","0.8359375","17.5390625","19.8828125","16.8828125","8.2734375","1.1484375","4.1171875","0","0","0","0","0","","[]","[]","0","0","0","0","0","0","0","0","0","0","0"
"941","defined by exp-number","314","1","0","314","1","15","50","0 30","1 6","23","south","0.09765625","26.1328125","8.8046875","7.6953125","patrilocal-patrilineal","8","0.0703125","0.8359375","17.5390625","19.8828125","16.8828125","8.2734375","1.1484375","4.1171875","0","0","0","0","0","","[]","[]","0","0","0","0","0","0","0","0","0","0","0"
"940","defined by exp-number","314","0","0","314","0","15","50","0 30","1 6","23","south","0.09765625","26.1328125","8.8046875","7.6953125","patrilocal-patrilineal","8","0.0703125","0.8359375","17.5390625","19.8828125","16.8828125","8.2734375","1.1484375","4.1171875","0","0","0","0","0","","[]","[]","0","0","0","0","0","0","0","0","0","0","0"
"939","defined by exp-number","313","2","0","313","2","15","50","0 30","1 6","23","south","0.09765625","26.1328125","8.8046875","7.6953125","patrilocal-patrilineal","8","0.0703125","0.8359375","17.5390625","19.8828125","16.8828125","8.2734375","1.1484375","4.1171875","0","0","0","0","0","","[]","[]","0","0","0","0","0","0","0","0","0","0","0"
"938","defined by exp-number","313","1","0","313","1","15","50","0 30","1 6","23","south","0.09765625","26.1328125","8.8046875","7.6953125","patrilocal-patrilineal","8","0.0703125","0.8359375","17.5390625","19.8828125","16.8828125","8.2734375","1.1484375","4.1171875","0","0","0","0","0","","[]","[]","0","0","0","0","0","0","0","0","0","0","0"
"942","defined by exp-number","314","2","0","314","2","15","50","0 30","1 6","23","south","0.09765625","26.1328125","8.8046875","7.6953125","patrilocal-patrilineal","8","0.0703125","0.8359375","17.5390625","19.8828125","16.8828125","8.2734375","1.1484375","4.1171875","0","0","0","0","0","","[]","[]","0","0","0","0","0","0","0","0","0","0","0"
"945","defined by exp-number","315","2","0","315","2","15","50","0 30","1 6","23","south","0.09765625","26.1328125","8.8046875","7.6953125","patrilocal-patrilineal","8","0.0703125","0.8359375","17.5390625","19.8828125","16.8828125","8.2734375","1.1484375","4.1171875","0","0","0","0","0","","[]","[]","0","0","0","0","0","0","0","0","0","0","0"
"944","defined by exp-number","315","1","0","315","1","15","50","0 30","1 6","23","south","0.09765625","26.1328125","8.8046875","7.6953125","patrilocal-patrilineal","8","0.0703125","0.8359375","17.5390625","19.8828125","16.8828125","8.2734375","1.1484375","4.1171875","0","0","0","0","0","","[]","[]","0","0","0","0","0","0","0","0","0","0","0"
"943","defined by exp-number","315","0","0","315","0","15","50","0 30","1 6","23","south","0.09765625","26.1328125","8.8046875","7.6953125","patrilocal-patrilineal","8","0.0703125","0.8359375","17.5390625","19.8828125","16.8828125","8.2734375","1.1484375","4.1171875","0","0","0","0","0","","[]","[]","0","0","0","0","0","0","0","0","0","0","0"
"946","defined by exp-number","316","0","0","316","0","15","50","0 30","1 6","23","south","0.09765625","26.1328125","8.8046875","7.6953125","patrilocal-patrilineal","8","0.0703125","0.8359375","17.5390625","19.8828125","16.8828125","8.2734375","1.1484375","4.1171875","0","0","0","0","0","","[]","[]","0","0","0","0","0","0","0","0","0","0","0"
"947","defined by exp-number","316","1","0","316","1","15","50","0 30","1 6","23","south","0.09765625","26.1328125","8.8046875","7.6953125","patrilocal-patrilineal","8","0.0703125","0.8359375","17.5390625","19.8828125","16.8828125","8.2734375","1.1484375","4.1171875","0","0","0","0","0","","[]","[]","0","0","0","0","0","0","0","0","0","0","0"
"948","defined by exp-number","316","2","0","316","2","15","50","0 30","1 6","23","south","0.09765625","26.1328125","8.8046875","7.6953125","patrilocal-patrilineal","8","0.0703125","0.8359375","17.5390625","19.8828125","16.8828125","8.2734375","1.1484375","4.1171875","0","0","0","0","0","","[]","[]","0","0","0","0","0","0","0","0","0","0","0"
"949","defined by exp-number","317","0","0","317","0","15","50","0 30","1 6","23","south","0.09765625","26.1328125","8.8046875","7.6953125","patrilocal-patrilineal","8","0.0703125","0.8359375","17.5390625","19.8828125","16.8828125","8.2734375","1.1484375","4.1171875","0","0","0","0","0","","[]","[]","0","0","0","0","0","0","0","0","0","0","0"
"951","defined by exp-number","317","2","0","317","2","15","50","0 30","1 6","23","south","0.09765625","26.1328125","8.8046875","7.6953125","patrilocal-patrilineal","8","0.0703125","0.8359375","17.5390625","19.8828125","16.8828125","8.2734375","1.1484375","4.1171875","0","0","0","0","0","","[]","[]","0","0","0","0","0","0","0","0","0","0","0"
"950","defined by exp-number","317","1","0","317","1","15","50","0 30","1 6","23","south","0.09765625","26.1328125","8.8046875","7.6953125","patrilocal-patrilineal","8","0.0703125","0.8359375","17.5390625","19.8828125","16.8828125","8.2734375","1.1484375","4.1171875","0","0","0","0","0","","[]","[]","0","0","0","0","0","0","0","0","0","0","0"
"953","defined by exp-number","318","1","0","318","1","15","50","0 30","1 6","23","south","0.09765625","26.1328125","8.8046875","7.6953125","patrilocal-patrilineal","8","0.0703125","0.8359375","17.5390625","19.8828125","16.8828125","8.2734375","1.1484375","4.1171875","0","0","0","0","0","","[]","[]","0","0","0","0","0","0","0","0","0","0","0"
"952","defined by exp-number","318","0","0","318","0","15","50","0 30","1 6","23","south","0.09765625","26.1328125","8.8046875","7.6953125","patrilocal-patrilineal","8","0.0703125","0.8359375","17.5390625","19.8828125","16.8828125","8.2734375","1.1484375","4.1171875","0","0","0","0","0","","[]","[]","0","0","0","0","0","0","0","0","0","0","0"
"954","defined by exp-number","318","2","0","318","2","15","50","0 30","1 6","23","south","0.09765625","26.1328125","8.8046875","7.6953125","patrilocal-patrilineal","8","0.0703125","0.8359375","17.5390625","19.8828125","16.8828125","8.2734375","1.1484375","4.1171875","0","0","0","0","0","","[]","[]","0","0","0","0","0","0","0","0","0","0","0"
"955","defined by exp-number","319","0","0","319","0","15","50","0 30","1 6","23","south","0.09765625","26.1328125","8.8046875","7.6953125","patrilocal-patrilineal","8","0.0703125","0.8359375","17.5390625","19.8828125","16.8828125","8.2734375","1.1484375","4.1171875","0","0","0","0","0","","[]","[]","0","0","0","0","0","0","0","0","0","0","0"
"956","defined by exp-number","319","1","0","319","1","15","50","0 30","1 6","23","south","0.09765625","26.1328125","8.8046875","7.6953125","patrilocal-patrilineal","8","0.0703125","0.8359375","17.5390625","19.8828125","16.8828125","8.2734375","1.1484375","4.1171875","0","0","0","0","0","","[]","[]","0","0","0","0","0","0","0","0","0","0","0"
"959","defined by exp-number","320","1","0","320","1","15","50","0 30","1 6","23","south","0.09765625","26.1328125","8.8046875","7.6953125","patrilocal-patrilineal","8","0.0703125","0.8359375","17.5390625","19.8828125","16.8828125","8.2734375","1.1484375","4.1171875","0","0","0","0","0","","[]","[]","0","0","0","0","0","0","0","0","0","0","0"
"957","defined by exp-number","319","2","0","319","2","15","50","0 30","1 6","23","south","0.09765625","26.1328125","8.8046875","7.6953125","patrilocal-patrilineal","8","0.0703125","0.8359375","17.5390625","19.8828125","16.8828125","8.2734375","1.1484375","4.1171875","0","0","0","0","0","","[]","[]","0","0","0","0","0","0","0","0","0","0","0"
"958","defined by exp-number","320","0","0","320","0","15","50","0 30","1 6","23","south","0.09765625","26.1328125","8.8046875","7.6953125","patrilocal-patrilineal","8","0.0703125","0.8359375","17.5390625","19.8828125","16.8828125","8.2734375","1.1484375","4.1171875","0","0","0","0","0","","[]","[]","0","0","0","0","0","0","0","0","0","0","0"
"960","defined by exp-number","320","2","0","320","2","15","50","0 30","1 6","23","south","0.09765625","26.1328125","8.8046875","7.6953125","patrilocal-patrilineal","8","0.0703125","0.8359375","17.5390625","19.8828125","16.8828125","8.2734375","1.1484375","4.1171875","0","0","0","0","0","","[]","[]","0","0","0","0","0","0","0","0","0","0","0"
"961","defined by exp-number","321","0","0","321","0","15","50","0 30","1 6","23","south","0.09765625","26.1328125","8.8046875","7.6953125","patrilocal-patrilineal","8","0.0703125","0.8359375","17.5390625","19.8828125","16.8828125","8.2734375","1.1484375","4.1171875","0","0","0","0","0","","[]","[]","0","0","0","0","0","0","0","0","0","0","0"
"962","defined by exp-number","321","1","0","321","1","15","50","0 30","1 6","23","south","0.09765625","26.1328125","8.8046875","7.6953125","patrilocal-patrilineal","8","0.0703125","0.8359375","17.5390625","19.8828125","16.8828125","8.2734375","1.1484375","4.1171875","0","0","0","0","0","","[]","[]","0","0","0","0","0","0","0","0","0","0","0"
"963","defined by exp-number","321","2","0","321","2","15","50","0 30","1 6","23","south","0.09765625","26.1328125","8.8046875","7.6953125","patrilocal-patrilineal","8","0.0703125","0.8359375","17.5390625","19.8828125","16.8828125","8.2734375","1.1484375","4.1171875","0","0","0","0","0","","[]","[]","0","0","0","0","0","0","0","0","0","0","0"
"964","defined by exp-number","322","0","0","322","0","15","50","0 30","1 6","23","south","0.09765625","26.1328125","8.8046875","7.6953125","patrilocal-patrilineal","8","0.0703125","0.8359375","17.5390625","19.8828125","16.8828125","8.2734375","1.1484375","4.1171875","0","0","0","0","0","","[]","[]","0","0","0","0","0","0","0","0","0","0","0"
"965","defined by exp-number","322","1","0","322","1","15","50","0 30","1 6","23","south","0.09765625","26.1328125","8.8046875","7.6953125","patrilocal-patrilineal","8","0.0703125","0.8359375","17.5390625","19.8828125","16.8828125","8.2734375","1.1484375","4.1171875","0","0","0","0","0","","[]","[]","0","0","0","0","0","0","0","0","0","0","0"
"966","defined by exp-number","322","2","0","322","2","15","50","0 30","1 6","23","south","0.09765625","26.1328125","8.8046875","7.6953125","patrilocal-patrilineal","8","0.0703125","0.8359375","17.5390625","19.8828125","16.8828125","8.2734375","1.1484375","4.1171875","0","0","0","0","0","","[]","[]","0","0","0","0","0","0","0","0","0","0","0"
"967","defined by exp-number","323","0","0","323","0","15","50","0 30","1 6","23","south","0.09765625","26.1328125","8.8046875","7.6953125","patrilocal-patrilineal","8","0.0703125","0.8359375","17.5390625","19.8828125","16.8828125","8.2734375","1.1484375","4.1171875","0","0","0","0","0","","[]","[]","0","0","0","0","0","0","0","0","0","0","0"
"968","defined by exp-number","323","1","0","323","1","15","50","0 30","1 6","23","south","0.09765625","26.1328125","8.8046875","7.6953125","patrilocal-patrilineal","8","0.0703125","0.8359375","17.5390625","19.8828125","16.8828125","8.2734375","1.1484375","4.1171875","0","0","0","0","0","","[]","[]","0","0","0","0","0","0","0","0","0","0","0"
"969","defined by exp-number","323","2","0","323","2","15","50","0 30","1 6","23","south","0.09765625","26.1328125","8.8046875","7.6953125","patrilocal-patrilineal","8","0.0703125","0.8359375","17.5390625","19.8828125","16.8828125","8.2734375","1.1484375","4.1171875","0","0","0","0","0","","[]","[]","0","0","0","0","0","0","0","0","0","0","0"
"971","defined by exp-number","324","1","0","324","1","15","50","0 30","1 6","23","south","0.09765625","26.1328125","8.8046875","7.6953125","patrilocal-patrilineal","8","0.0703125","0.8359375","17.5390625","19.8828125","16.8828125","8.2734375","1.1484375","4.1171875","0","0","0","0","0","","[]","[]","0","0","0","0","0","0","0","0","0","0","0"
"970","defined by exp-number","324","0","0","324","0","15","50","0 30","1 6","23","south","0.09765625","26.1328125","8.8046875","7.6953125","patrilocal-patrilineal","8","0.0703125","0.8359375","17.5390625","19.8828125","16.8828125","8.2734375","1.1484375","4.1171875","0","0","0","0","0","","[]","[]","0","0","0","0","0","0","0","0","0","0","0"
"974","defined by exp-number","325","1","0","325","1","15","50","0 30","1 6","23","south","0.09765625","26.1328125","8.8046875","7.6953125","patrilocal-patrilineal","8","0.0703125","0.8359375","17.5390625","19.8828125","16.8828125","8.2734375","1.1484375","4.1171875","0","0","0","0","0","","[]","[]","0","0","0","0","0","0","0","0","0","0","0"
"930","defined by exp-number","310","2","0","310","2","15","50","0 30","1 6","23","south","0.09765625","26.1328125","8.8046875","7.6953125","patrilocal-patrilineal","8","0.0703125","0.8359375","17.5390625","19.8828125","16.8828125","8.2734375","1.1484375","4.1171875","0","0","0","0","0","","[]","[]","0","0","0","0","0","0","0","0","0","0","0"
"972","defined by exp-number","324","2","0","324","2","15","50","0 30","1 6","23","south","0.09765625","26.1328125","8.8046875","7.6953125","patrilocal-patrilineal","8","0.0703125","0.8359375","17.5390625","19.8828125","16.8828125","8.2734375","1.1484375","4.1171875","0","0","0","0","0","","[]","[]","0","0","0","0","0","0","0","0","0","0","0"
"973","defined by exp-number","325","0","0","325","0","15","50","0 30","1 6","23","south","0.09765625","26.1328125","8.8046875","7.6953125","patrilocal-patrilineal","8","0.0703125","0.8359375","17.5390625","19.8828125","16.8828125","8.2734375","1.1484375","4.1171875","0","0","0","0","0","","[]","[]","0","0","0","0","0","0","0","0","0","0","0"
"976","defined by exp-number","326","0","0","326","0","15","50","0 30","1 6","23","south","0.09765625","26.1328125","8.8046875","7.6953125","patrilocal-patrilineal","8","0.0703125","0.8359375","17.5390625","19.8828125","16.8828125","8.2734375","1.1484375","4.1171875","0","0","0","0","0","","[]","[]","0","0","0","0","0","0","0","0","0","0","0"
"975","defined by exp-number","325","2","0","325","2","15","50","0 30","1 6","23","south","0.09765625","26.1328125","8.8046875","7.6953125","patrilocal-patrilineal","8","0.0703125","0.8359375","17.5390625","19.8828125","16.8828125","8.2734375","1.1484375","4.1171875","0","0","0","0","0","","[]","[]","0","0","0","0","0","0","0","0","0","0","0"
"979","defined by exp-number","327","0","0","327","0","15","50","0 30","1 6","23","south","0.09765625","26.1328125","8.8046875","7.6953125","patrilocal-patrilineal","8","0.0703125","0.8359375","17.5390625","19.8828125","16.8828125","8.2734375","1.1484375","4.1171875","0","0","0","0","0","","[]","[]","0","0","0","0","0","0","0","0","0","0","0"
"978","defined by exp-number","326","2","0","326","2","15","50","0 30","1 6","23","south","0.09765625","26.1328125","8.8046875","7.6953125","patrilocal-patrilineal","8","0.0703125","0.8359375","17.5390625","19.8828125","16.8828125","8.2734375","1.1484375","4.1171875","0","0","0","0","0","","[]","[]","0","0","0","0","0","0","0","0","0","0","0"
"980","defined by exp-number","327","1","0","327","1","15","50","0 30","1 6","23","south","0.09765625","26.1328125","8.8046875","7.6953125","patrilocal-patrilineal","8","0.0703125","0.8359375","17.5390625","19.8828125","16.8828125","8.2734375","1.1484375","4.1171875","0","0","0","0","0","","[]","[]","0","0","0","0","0","0","0","0","0","0","0"
"981","defined by exp-number","327","2","0","327","2","15","50","0 30","1 6","23","south","0.09765625","26.1328125","8.8046875","7.6953125","patrilocal-patrilineal","8","0.0703125","0.8359375","17.5390625","19.8828125","16.8828125","8.2734375","1.1484375","4.1171875","0","0","0","0","0","","[]","[]","0","0","0","0","0","0","0","0","0","0","0"
"982","defined by exp-number","328","0","0","328","0","15","50","0 30","1 6","23","south","0.09765625","26.1328125","8.8046875","7.6953125","patrilocal-patrilineal","8","0.0703125","0.8359375","17.5390625","19.8828125","16.8828125","8.2734375","1.1484375","4.1171875","0","0","0","0","0","","[]","[]","0","0","0","0","0","0","0","0","0","0","0"
"985","defined by exp-number","329","0","0","329","0","15","50","0 30","1 6","23","south","0.09765625","26.1328125","8.8046875","7.6953125","patrilocal-patrilineal","8","0.0703125","0.8359375","17.5390625","19.8828125","16.8828125","8.2734375","1.1484375","4.1171875","0","0","0","0","0","","[]","[]","0","0","0","0","0","0","0","0","0","0","0"
"983","defined by exp-number","328","1","0","328","1","15","50","0 30","1 6","23","south","0.09765625","26.1328125","8.8046875","7.6953125","patrilocal-patrilineal","8","0.0703125","0.8359375","17.5390625","19.8828125","16.8828125","8.2734375","1.1484375","4.1171875","0","0","0","0","0","","[]","[]","0","0","0","0","0","0","0","0","0","0","0"
"984","defined by exp-number","328","2","0","328","2","15","50","0 30","1 6","23","south","0.09765625","26.1328125","8.8046875","7.6953125","patrilocal-patrilineal","8","0.0703125","0.8359375","17.5390625","19.8828125","16.8828125","8.2734375","1.1484375","4.1171875","0","0","0","0","0","","[]","[]","0","0","0","0","0","0","0","0","0","0","0"
"986","defined by exp-number","329","1","0","329","1","15","50","0 30","1 6","23","south","0.09765625","26.1328125","8.8046875","7.6953125","patrilocal-patrilineal","8","0.0703125","0.8359375","17.5390625","19.8828125","16.8828125","8.2734375","1.1484375","4.1171875","0","0","0","0","0","","[]","[]","0","0","0","0","0","0","0","0","0","0","0"
"988","defined by exp-number","330","0","0","330","0","15","50","0 30","1 6","23","south","0.09765625","26.1328125","8.8046875","7.6953125","patrilocal-patrilineal","8","0.0703125","0.8359375","17.5390625","19.8828125","16.8828125","8.2734375","1.1484375","4.1171875","0","0","0","0","0","","[]","[]","0","0","0","0","0","0","0","0","0","0","0"
"987","defined by exp-number","329","2","0","329","2","15","50","0 30","1 6","23","south","0.09765625","26.1328125","8.8046875","7.6953125","patrilocal-patrilineal","8","0.0703125","0.8359375","17.5390625","19.8828125","16.8828125","8.2734375","1.1484375","4.1171875","0","0","0","0","0","","[]","[]","0","0","0","0","0","0","0","0","0","0","0"
"990","defined by exp-number","330","2","0","330","2","15","50","0 30","1 6","23","south","0.09765625","26.1328125","8.8046875","7.6953125","patrilocal-patrilineal","8","0.0703125","0.8359375","17.5390625","19.8828125","16.8828125","8.2734375","1.1484375","4.1171875","0","0","0","0","0","","[]","[]","0","0","0","0","0","0","0","0","0","0","0"
"989","defined by exp-number","330","1","0","330","1","15","50","0 30","1 6","23","south","0.09765625","26.1328125","8.8046875","7.6953125","patrilocal-patrilineal","8","0.0703125","0.8359375","17.5390625","19.8828125","16.8828125","8.2734375","1.1484375","4.1171875","0","0","0","0","0","","[]","[]","0","0","0","0","0","0","0","0","0","0","0"
"992","defined by exp-number","331","1","0","331","1","15","50","0 30","1 6","23","south","0.09765625","26.1328125","8.8046875","7.6953125","patrilocal-patrilineal","8","0.0703125","0.8359375","17.5390625","19.8828125","16.8828125","8.2734375","1.1484375","4.1171875","0","0","0","0","0","","[]","[]","0","0","0","0","0","0","0","0","0","0","0"
"993","defined by exp-number","331","2","0","331","2","15","50","0 30","1 6","23","south","0.09765625","26.1328125","8.8046875","7.6953125","patrilocal-patrilineal","8","0.0703125","0.8359375","17.5390625","19.8828125","16.8828125","8.2734375","1.1484375","4.1171875","0","0","0","0","0","","[]","[]","0","0","0","0","0","0","0","0","0","0","0"
"994","defined by exp-number","332","0","0","332","0","15","50","0 30","1 6","23","south","0.09765625","26.1328125","8.8046875","7.6953125","patrilocal-patrilineal","8","0.0703125","0.8359375","17.5390625","19.8828125","16.8828125","8.2734375","1.1484375","4.1171875","0","0","0","0","0","","[]","[]","0","0","0","0","0","0","0","0","0","0","0"
"991","defined by exp-number","331","0","0","331","0","15","50","0 30","1 6","23","south","0.09765625","26.1328125","8.8046875","7.6953125","patrilocal-patrilineal","8","0.0703125","0.8359375","17.5390625","19.8828125","16.8828125","8.2734375","1.1484375","4.1171875","0","0","0","0","0","","[]","[]","0","0","0","0","0","0","0","0","0","0","0"
"995","defined by exp-number","332","1","0","332","1","15","50","0 30","1 6","23","south","0.09765625","26.1328125","8.8046875","7.6953125","patrilocal-patrilineal","8","0.0703125","0.8359375","17.5390625","19.8828125","16.8828125","8.2734375","1.1484375","4.1171875","0","0","0","0","0","","[]","[]","0","0","0","0","0","0","0","0","0","0","0"
"997","defined by exp-number","333","0","0","333","0","15","50","0 30","1 6","23","south","0.09765625","26.1328125","8.8046875","7.6953125","patrilocal-patrilineal","8","0.0703125","0.8359375","17.5390625","19.8828125","16.8828125","8.2734375","1.1484375","4.1171875","0","0","0","0","0","","[]","[]","0","0","0","0","0","0","0","0","0","0","0"
"998","defined by exp-number","333","1","0","333","1","15","50","0 30","1 6","23","south","0.09765625","26.1328125","8.8046875","7.6953125","patrilocal-patrilineal","8","0.0703125","0.8359375","17.5390625","19.8828125","16.8828125","8.2734375","1.1484375","4.1171875","0","0","0","0","0","","[]","[]","0","0","0","0","0","0","0","0","0","0","0"
"996","defined by exp-number","332","2","0","332","2","15","50","0 30","1 6","23","south","0.09765625","26.1328125","8.8046875","7.6953125","patrilocal-patrilineal","8","0.0703125","0.8359375","17.5390625","19.8828125","16.8828125","8.2734375","1.1484375","4.1171875","0","0","0","0","0","","[]","[]","0","0","0","0","0","0","0","0","0","0","0"
"999","defined by exp-number","333","2","0","333","2","15","50","0 30","1 6","23","south","0.09765625","26.1328125","8.8046875","7.6953125","patrilocal-patrilineal","8","0.0703125","0.8359375","17.5390625","19.8828125","16.8828125","8.2734375","1.1484375","4.1171875","0","0","0","0","0","","[]","[]","0","0","0","0","0","0","0","0","0","0","0"
"1001","defined by exp-number","334","1","0","334","1","15","50","0 30","1 6","23","south","0.09765625","26.1328125","8.8046875","7.6953125","patrilocal-patrilineal","8","0.0703125","0.8359375","17.5390625","19.8828125","16.8828125","8.2734375","1.1484375","4.1171875","0","0","0","0","0","","[]","[]","0","0","0","0","0","0","0","0","0","0","0"
"1000","defined by exp-number","334","0","0","334","0","15","50","0 30","1 6","23","south","0.09765625","26.1328125","8.8046875","7.6953125","patrilocal-patrilineal","8","0.0703125","0.8359375","17.5390625","19.8828125","16.8828125","8.2734375","1.1484375","4.1171875","0","0","0","0","0","","[]","[]","0","0","0","0","0","0","0","0","0","0","0"
"1002","defined by exp-number","334","2","0","334","2","15","50","0 30","1 6","23","south","0.09765625","26.1328125","8.8046875","7.6953125","patrilocal-patrilineal","8","0.0703125","0.8359375","17.5390625","19.8828125","16.8828125","8.2734375","1.1484375","4.1171875","0","0","0","0","0","","[]","[]","0","0","0","0","0","0","0","0","0","0","0"
"1003","defined by exp-number","335","0","0","335","0","15","50","0 30","1 6","23","south","0.09765625","26.1328125","8.8046875","7.6953125","patrilocal-patrilineal","8","0.0703125","0.8359375","17.5390625","19.8828125","16.8828125","8.2734375","1.1484375","4.1171875","0","0","0","0","0","","[]","[]","0","0","0","0","0","0","0","0","0","0","0"
"1007","defined by exp-number","336","1","0","336","1","15","50","0 30","1 6","23","south","0.09765625","26.1328125","8.8046875","7.6953125","patrilocal-patrilineal","8","0.0703125","0.8359375","17.5390625","19.8828125","16.8828125","8.2734375","1.1484375","4.1171875","0","0","0","0","0","","[]","[]","0","0","0","0","0","0","0","0","0","0","0"
"1004","defined by exp-number","335","1","0","335","1","15","50","0 30","1 6","23","south","0.09765625","26.1328125","8.8046875","7.6953125","patrilocal-patrilineal","8","0.0703125","0.8359375","17.5390625","19.8828125","16.8828125","8.2734375","1.1484375","4.1171875","0","0","0","0","0","","[]","[]","0","0","0","0","0","0","0","0","0","0","0"
"1006","defined by exp-number","336","0","0","336","0","15","50","0 30","1 6","23","south","0.09765625","26.1328125","8.8046875","7.6953125","patrilocal-patrilineal","8","0.0703125","0.8359375","17.5390625","19.8828125","16.8828125","8.2734375","1.1484375","4.1171875","0","0","0","0","0","","[]","[]","0","0","0","0","0","0","0","0","0","0","0"
"1010","defined by exp-number","337","1","0","337","1","15","50","0 30","1 6","23","south","0.09765625","26.1328125","8.8046875","7.6953125","patrilocal-patrilineal","8","0.0703125","0.8359375","17.5390625","19.8828125","16.8828125","8.2734375","1.1484375","4.1171875","0","0","0","0","0","","[]","[]","0","0","0","0","0","0","0","0","0","0","0"
"1009","defined by exp-number","337","0","0","337","0","15","50","0 30","1 6","23","south","0.09765625","26.1328125","8.8046875","7.6953125","patrilocal-patrilineal","8","0.0703125","0.8359375","17.5390625","19.8828125","16.8828125","8.2734375","1.1484375","4.1171875","0","0","0","0","0","","[]","[]","0","0","0","0","0","0","0","0","0","0","0"
"1011","defined by exp-number","337","2","0","337","2","15","50","0 30","1 6","23","south","0.09765625","26.1328125","8.8046875","7.6953125","patrilocal-patrilineal","8","0.0703125","0.8359375","17.5390625","19.8828125","16.8828125","8.2734375","1.1484375","4.1171875","0","0","0","0","0","","[]","[]","0","0","0","0","0","0","0","0","0","0","0"
"1012","defined by exp-number","338","0","0","338","0","15","50","0 30","1 6","23","south","0.09765625","26.1328125","8.8046875","7.6953125","patrilocal-patrilineal","8","0.0703125","0.8359375","17.5390625","19.8828125","16.8828125","8.2734375","1.1484375","4.1171875","0","0","0","0","0","","[]","[]","0","0","0","0","0","0","0","0","0","0","0"
"1013","defined by exp-number","338","1","0","338","1","15","50","0 30","1 6","23","south","0.09765625","26.1328125","8.8046875","7.6953125","patrilocal-patrilineal","8","0.0703125","0.8359375","17.5390625","19.8828125","16.8828125","8.2734375","1.1484375","4.1171875","0","0","0","0","0","","[]","[]","0","0","0","0","0","0","0","0","0","0","0"
"1015","defined by exp-number","339","0","0","339","0","15","50","0 30","1 6","23","south","0.09765625","26.1328125","8.8046875","7.6953125","patrilocal-patrilineal","8","0.0703125","0.8359375","17.5390625","19.8828125","16.8828125","8.2734375","1.1484375","4.1171875","0","0","0","0","0","","[]","[]","0","0","0","0","0","0","0","0","0","0","0"
"1014","defined by exp-number","338","2","0","338","2","15","50","0 30","1 6","23","south","0.09765625","26.1328125","8.8046875","7.6953125","patrilocal-patrilineal","8","0.0703125","0.8359375","17.5390625","19.8828125","16.8828125","8.2734375","1.1484375","4.1171875","0","0","0","0","0","","[]","[]","0","0","0","0","0","0","0","0","0","0","0"
"1016","defined by exp-number","339","1","0","339","1","15","50","0 30","1 6","23","south","0.09765625","26.1328125","8.8046875","7.6953125","patrilocal-patrilineal","8","0.0703125","0.8359375","17.5390625","19.8828125","16.8828125","8.2734375","1.1484375","4.1171875","0","0","0","0","0","","[]","[]","0","0","0","0","0","0","0","0","0","0","0"
"977","defined by exp-number","326","1","0","326","1","15","50","0 30","1 6","23","south","0.09765625","26.1328125","8.8046875","7.6953125","patrilocal-patrilineal","8","0.0703125","0.8359375","17.5390625","19.8828125","16.8828125","8.2734375","1.1484375","4.1171875","0","0","0","0","0","","[]","[]","0","0","0","0","0","0","0","0","0","0","0"
"1018","defined by exp-number","340","0","0","340","0","15","50","0 30","1 6","23","south","0.09765625","26.1328125","8.8046875","7.6953125","patrilocal-patrilineal","8","0.0703125","0.8359375","17.5390625","19.8828125","16.8828125","8.2734375","1.1484375","4.1171875","0","0","0","0","0","","[]","[]","0","0","0","0","0","0","0","0","0","0","0"
"1017","defined by exp-number","339","2","0","339","2","15","50","0 30","1 6","23","south","0.09765625","26.1328125","8.8046875","7.6953125","patrilocal-patrilineal","8","0.0703125","0.8359375","17.5390625","19.8828125","16.8828125","8.2734375","1.1484375","4.1171875","0","0","0","0","0","","[]","[]","0","0","0","0","0","0","0","0","0","0","0"
"1019","defined by exp-number","340","1","0","340","1","15","50","0 30","1 6","23","south","0.09765625","26.1328125","8.8046875","7.6953125","patrilocal-patrilineal","8","0.0703125","0.8359375","17.5390625","19.8828125","16.8828125","8.2734375","1.1484375","4.1171875","0","0","0","0","0","","[]","[]","0","0","0","0","0","0","0","0","0","0","0"
"1021","defined by exp-number","341","0","0","341","0","15","50","0 30","1 6","23","south","0.09765625","26.1328125","8.8046875","7.6953125","patrilocal-patrilineal","8","0.0703125","0.8359375","17.5390625","19.8828125","16.8828125","8.2734375","1.1484375","4.1171875","0","0","0","0","0","","[]","[]","0","0","0","0","0","0","0","0","0","0","0"
"1023","defined by exp-number","341","2","0","341","2","15","50","0 30","1 6","23","south","0.09765625","26.1328125","8.8046875","7.6953125","patrilocal-patrilineal","8","0.0703125","0.8359375","17.5390625","19.8828125","16.8828125","8.2734375","1.1484375","4.1171875","0","0","0","0","0","","[]","[]","0","0","0","0","0","0","0","0","0","0","0"
"1020","defined by exp-number","340","2","0","340","2","15","50","0 30","1 6","23","south","0.09765625","26.1328125","8.8046875","7.6953125","patrilocal-patrilineal","8","0.0703125","0.8359375","17.5390625","19.8828125","16.8828125","8.2734375","1.1484375","4.1171875","0","0","0","0","0","","[]","[]","0","0","0","0","0","0","0","0","0","0","0"
"1026","defined by exp-number","342","2","0","342","2","15","50","0 30","1 6","23","south","0.09765625","26.1328125","8.8046875","7.6953125","patrilocal-patrilineal","8","0.0703125","0.8359375","17.5390625","19.8828125","16.8828125","8.2734375","1.1484375","4.1171875","0","0","0","0","0","","[]","[]","0","0","0","0","0","0","0","0","0","0","0"
"1024","defined by exp-number","342","0","0","342","0","15","50","0 30","1 6","23","south","0.09765625","26.1328125","8.8046875","7.6953125","patrilocal-patrilineal","8","0.0703125","0.8359375","17.5390625","19.8828125","16.8828125","8.2734375","1.1484375","4.1171875","0","0","0","0","0","","[]","[]","0","0","0","0","0","0","0","0","0","0","0"
"1025","defined by exp-number","342","1","0","342","1","15","50","0 30","1 6","23","south","0.09765625","26.1328125","8.8046875","7.6953125","patrilocal-patrilineal","8","0.0703125","0.8359375","17.5390625","19.8828125","16.8828125","8.2734375","1.1484375","4.1171875","0","0","0","0","0","","[]","[]","0","0","0","0","0","0","0","0","0","0","0"
"1027","defined by exp-number","343","0","0","343","0","15","50","0 30","1 6","23","south","0.09765625","26.1328125","8.8046875","7.6953125","patrilocal-patrilineal","8","0.0703125","0.8359375","17.5390625","19.8828125","16.8828125","8.2734375","1.1484375","4.1171875","0","0","0","0","0","","[]","[]","0","0","0","0","0","0","0","0","0","0","0"
"1029","defined by exp-number","343","2","0","343","2","15","50","0 30","1 6","23","south","0.09765625","26.1328125","8.8046875","7.6953125","patrilocal-patrilineal","8","0.0703125","0.8359375","17.5390625","19.8828125","16.8828125","8.2734375","1.1484375","4.1171875","0","0","0","0","0","","[]","[]","0","0","0","0","0","0","0","0","0","0","0"
"1028","defined by exp-number","343","1","0","343","1","15","50","0 30","1 6","23","south","0.09765625","26.1328125","8.8046875","7.6953125","patrilocal-patrilineal","8","0.0703125","0.8359375","17.5390625","19.8828125","16.8828125","8.2734375","1.1484375","4.1171875","0","0","0","0","0","","[]","[]","0","0","0","0","0","0","0","0","0","0","0"
"1030","defined by exp-number","344","0","0","344","0","15","50","0 30","1 6","23","south","0.09765625","26.1328125","8.8046875","7.6953125","patrilocal-patrilineal","8","0.0703125","0.8359375","17.5390625","19.8828125","16.8828125","8.2734375","1.1484375","4.1171875","0","0","0","0","0","","[]","[]","0","0","0","0","0","0","0","0","0","0","0"
"1031","defined by exp-number","344","1","0","344","1","15","50","0 30","1 6","23","south","0.09765625","26.1328125","8.8046875","7.6953125","patrilocal-patrilineal","8","0.0703125","0.8359375","17.5390625","19.8828125","16.8828125","8.2734375","1.1484375","4.1171875","0","0","0","0","0","","[]","[]","0","0","0","0","0","0","0","0","0","0","0"
"1032","defined by exp-number","344","2","0","344","2","15","50","0 30","1 6","23","south","0.09765625","26.1328125","8.8046875","7.6953125","patrilocal-patrilineal","8","0.0703125","0.8359375","17.5390625","19.8828125","16.8828125","8.2734375","1.1484375","4.1171875","0","0","0","0","0","","[]","[]","0","0","0","0","0","0","0","0","0","0","0"
"1005","defined by exp-number","335","2","0","335","2","15","50","0 30","1 6","23","south","0.09765625","26.1328125","8.8046875","7.6953125","patrilocal-patrilineal","8","0.0703125","0.8359375","17.5390625","19.8828125","16.8828125","8.2734375","1.1484375","4.1171875","0","0","0","0","0","","[]","[]","0","0","0","0","0","0","0","0","0","0","0"
"1034","defined by exp-number","345","1","0","345","1","15","50","0 30","1 6","23","south","0.09765625","26.1328125","8.8046875","7.6953125","patrilocal-patrilineal","8","0.0703125","0.8359375","17.5390625","19.8828125","16.8828125","8.2734375","1.1484375","4.1171875","0","0","0","0","0","","[]","[]","0","0","0","0","0","0","0","0","0","0","0"
"1033","defined by exp-number","345","0","0","345","0","15","50","0 30","1 6","23","south","0.09765625","26.1328125","8.8046875","7.6953125","patrilocal-patrilineal","8","0.0703125","0.8359375","17.5390625","19.8828125","16.8828125","8.2734375","1.1484375","4.1171875","0","0","0","0","0","","[]","[]","0","0","0","0","0","0","0","0","0","0","0"
"1008","defined by exp-number","336","2","0","336","2","15","50","0 30","1 6","23","south","0.09765625","26.1328125","8.8046875","7.6953125","patrilocal-patrilineal","8","0.0703125","0.8359375","17.5390625","19.8828125","16.8828125","8.2734375","1.1484375","4.1171875","0","0","0","0","0","","[]","[]","0","0","0","0","0","0","0","0","0","0","0"
"1035","defined by exp-number","345","2","0","345","2","15","50","0 30","1 6","23","south","0.09765625","26.1328125","8.8046875","7.6953125","patrilocal-patrilineal","8","0.0703125","0.8359375","17.5390625","19.8828125","16.8828125","8.2734375","1.1484375","4.1171875","0","0","0","0","0","","[]","[]","0","0","0","0","0","0","0","0","0","0","0"
"1039","defined by exp-number","347","0","0","347","0","15","50","0 30","1 6","23","south","0.09765625","26.1328125","8.8046875","7.6953125","patrilocal-patrilineal","8","0.0703125","0.8359375","17.5390625","19.8828125","16.8828125","8.2734375","1.1484375","4.1171875","0","0","0","0","0","","[]","[]","0","0","0","0","0","0","0","0","0","0","0"
"1038","defined by exp-number","346","2","0","346","2","15","50","0 30","1 6","23","south","0.09765625","26.1328125","8.8046875","7.6953125","patrilocal-patrilineal","8","0.0703125","0.8359375","17.5390625","19.8828125","16.8828125","8.2734375","1.1484375","4.1171875","0","0","0","0","0","","[]","[]","0","0","0","0","0","0","0","0","0","0","0"
"1036","defined by exp-number","346","0","0","346","0","15","50","0 30","1 6","23","south","0.09765625","26.1328125","8.8046875","7.6953125","patrilocal-patrilineal","8","0.0703125","0.8359375","17.5390625","19.8828125","16.8828125","8.2734375","1.1484375","4.1171875","0","0","0","0","0","","[]","[]","0","0","0","0","0","0","0","0","0","0","0"
"1040","defined by exp-number","347","1","0","347","1","15","50","0 30","1 6","23","south","0.09765625","26.1328125","8.8046875","7.6953125","patrilocal-patrilineal","8","0.0703125","0.8359375","17.5390625","19.8828125","16.8828125","8.2734375","1.1484375","4.1171875","0","0","0","0","0","","[]","[]","0","0","0","0","0","0","0","0","0","0","0"
"1042","defined by exp-number","348","0","0","348","0","15","50","0 30","1 6","23","south","0.09765625","26.1328125","8.8046875","7.6953125","patrilocal-patrilineal","8","0.0703125","0.8359375","17.5390625","19.8828125","16.8828125","8.2734375","1.1484375","4.1171875","0","0","0","0","0","","[]","[]","0","0","0","0","0","0","0","0","0","0","0"
"1041","defined by exp-number","347","2","0","347","2","15","50","0 30","1 6","23","south","0.09765625","26.1328125","8.8046875","7.6953125","patrilocal-patrilineal","8","0.0703125","0.8359375","17.5390625","19.8828125","16.8828125","8.2734375","1.1484375","4.1171875","0","0","0","0","0","","[]","[]","0","0","0","0","0","0","0","0","0","0","0"
"1043","defined by exp-number","348","1","0","348","1","15","50","0 30","1 6","23","south","0.09765625","26.1328125","8.8046875","7.6953125","patrilocal-patrilineal","8","0.0703125","0.8359375","17.5390625","19.8828125","16.8828125","8.2734375","1.1484375","4.1171875","0","0","0","0","0","","[]","[]","0","0","0","0","0","0","0","0","0","0","0"
"1046","defined by exp-number","349","1","0","349","1","15","50","0 30","1 6","23","south","0.09765625","26.1328125","8.8046875","7.6953125","patrilocal-patrilineal","8","0.0703125","0.8359375","17.5390625","19.8828125","16.8828125","8.2734375","1.1484375","4.1171875","0","0","0","0","0","","[]","[]","0","0","0","0","0","0","0","0","0","0","0"
"1044","defined by exp-number","348","2","0","348","2","15","50","0 30","1 6","23","south","0.09765625","26.1328125","8.8046875","7.6953125","patrilocal-patrilineal","8","0.0703125","0.8359375","17.5390625","19.8828125","16.8828125","8.2734375","1.1484375","4.1171875","0","0","0","0","0","","[]","[]","0","0","0","0","0","0","0","0","0","0","0"
"1045","defined by exp-number","349","0","0","349","0","15","50","0 30","1 6","23","south","0.09765625","26.1328125","8.8046875","7.6953125","patrilocal-patrilineal","8","0.0703125","0.8359375","17.5390625","19.8828125","16.8828125","8.2734375","1.1484375","4.1171875","0","0","0","0","0","","[]","[]","0","0","0","0","0","0","0","0","0","0","0"
"1047","defined by exp-number","349","2","0","349","2","15","50","0 30","1 6","23","south","0.09765625","26.1328125","8.8046875","7.6953125","patrilocal-patrilineal","8","0.0703125","0.8359375","17.5390625","19.8828125","16.8828125","8.2734375","1.1484375","4.1171875","0","0","0","0","0","","[]","[]","0","0","0","0","0","0","0","0","0","0","0"
"1050","defined by exp-number","350","2","0","350","2","15","50","0 30","1 6","23","south","0.09765625","26.1328125","8.8046875","7.6953125","patrilocal-patrilineal","8","0.0703125","0.8359375","17.5390625","19.8828125","16.8828125","8.2734375","1.1484375","4.1171875","0","0","0","0","0","","[]","[]","0","0","0","0","0","0","0","0","0","0","0"
"1049","defined by exp-number","350","1","0","350","1","15","50","0 30","1 6","23","south","0.09765625","26.1328125","8.8046875","7.6953125","patrilocal-patrilineal","8","0.0703125","0.8359375","17.5390625","19.8828125","16.8828125","8.2734375","1.1484375","4.1171875","0","0","0","0","0","","[]","[]","0","0","0","0","0","0","0","0","0","0","0"
"1048","defined by exp-number","350","0","0","350","0","15","50","0 30","1 6","23","south","0.09765625","26.1328125","8.8046875","7.6953125","patrilocal-patrilineal","8","0.0703125","0.8359375","17.5390625","19.8828125","16.8828125","8.2734375","1.1484375","4.1171875","0","0","0","0","0","","[]","[]","0","0","0","0","0","0","0","0","0","0","0"
"1051","defined by exp-number","351","0","0","351","0","15","50","0 30","1 6","23","south","0.09765625","26.1328125","8.8046875","7.6953125","patrilocal-patrilineal","8","0.0703125","0.8359375","17.5390625","19.8828125","16.8828125","8.2734375","1.1484375","4.1171875","0","0","0","0","0","","[]","[]","0","0","0","0","0","0","0","0","0","0","0"
"1054","defined by exp-number","352","0","0","352","0","15","50","0 30","1 6","23","south","0.09765625","26.1328125","8.8046875","7.6953125","patrilocal-patrilineal","8","0.0703125","0.8359375","17.5390625","19.8828125","16.8828125","8.2734375","1.1484375","4.1171875","0","0","0","0","0","","[]","[]","0","0","0","0","0","0","0","0","0","0","0"
"1052","defined by exp-number","351","1","0","351","1","15","50","0 30","1 6","23","south","0.09765625","26.1328125","8.8046875","7.6953125","patrilocal-patrilineal","8","0.0703125","0.8359375","17.5390625","19.8828125","16.8828125","8.2734375","1.1484375","4.1171875","0","0","0","0","0","","[]","[]","0","0","0","0","0","0","0","0","0","0","0"
"1055","defined by exp-number","352","1","0","352","1","15","50","0 30","1 6","23","south","0.09765625","26.1328125","8.8046875","7.6953125","patrilocal-patrilineal","8","0.0703125","0.8359375","17.5390625","19.8828125","16.8828125","8.2734375","1.1484375","4.1171875","0","0","0","0","0","","[]","[]","0","0","0","0","0","0","0","0","0","0","0"
"1053","defined by exp-number","351","2","0","351","2","15","50","0 30","1 6","23","south","0.09765625","26.1328125","8.8046875","7.6953125","patrilocal-patrilineal","8","0.0703125","0.8359375","17.5390625","19.8828125","16.8828125","8.2734375","1.1484375","4.1171875","0","0","0","0","0","","[]","[]","0","0","0","0","0","0","0","0","0","0","0"
"1057","defined by exp-number","353","0","0","353","0","15","50","0 30","1 6","23","south","0.09765625","26.1328125","8.8046875","7.6953125","patrilocal-patrilineal","8","0.0703125","0.8359375","17.5390625","19.8828125","16.8828125","8.2734375","1.1484375","4.1171875","0","0","0","0","0","","[]","[]","0","0","0","0","0","0","0","0","0","0","0"
"1056","defined by exp-number","352","2","0","352","2","15","50","0 30","1 6","23","south","0.09765625","26.1328125","8.8046875","7.6953125","patrilocal-patrilineal","8","0.0703125","0.8359375","17.5390625","19.8828125","16.8828125","8.2734375","1.1484375","4.1171875","0","0","0","0","0","","[]","[]","0","0","0","0","0","0","0","0","0","0","0"
"1059","defined by exp-number","353","2","0","353","2","15","50","0 30","1 6","23","south","0.09765625","26.1328125","8.8046875","7.6953125","patrilocal-patrilineal","8","0.0703125","0.8359375","17.5390625","19.8828125","16.8828125","8.2734375","1.1484375","4.1171875","0","0","0","0","0","","[]","[]","0","0","0","0","0","0","0","0","0","0","0"
"1058","defined by exp-number","353","1","0","353","1","15","50","0 30","1 6","23","south","0.09765625","26.1328125","8.8046875","7.6953125","patrilocal-patrilineal","8","0.0703125","0.8359375","17.5390625","19.8828125","16.8828125","8.2734375","1.1484375","4.1171875","0","0","0","0","0","","[]","[]","0","0","0","0","0","0","0","0","0","0","0"
"1061","defined by exp-number","354","1","0","354","1","15","50","0 30","1 6","23","south","0.09765625","26.1328125","8.8046875","7.6953125","patrilocal-patrilineal","8","0.0703125","0.8359375","17.5390625","19.8828125","16.8828125","8.2734375","1.1484375","4.1171875","0","0","0","0","0","","[]","[]","0","0","0","0","0","0","0","0","0","0","0"
"1060","defined by exp-number","354","0","0","354","0","15","50","0 30","1 6","23","south","0.09765625","26.1328125","8.8046875","7.6953125","patrilocal-patrilineal","8","0.0703125","0.8359375","17.5390625","19.8828125","16.8828125","8.2734375","1.1484375","4.1171875","0","0","0","0","0","","[]","[]","0","0","0","0","0","0","0","0","0","0","0"
"1022","defined by exp-number","341","1","0","341","1","15","50","0 30","1 6","23","south","0.09765625","26.1328125","8.8046875","7.6953125","patrilocal-patrilineal","8","0.0703125","0.8359375","17.5390625","19.8828125","16.8828125","8.2734375","1.1484375","4.1171875","0","0","0","0","0","","[]","[]","0","0","0","0","0","0","0","0","0","0","0"
"1064","defined by exp-number","355","1","0","355","1","15","50","0 30","1 6","23","south","0.09765625","26.1328125","8.8046875","7.6953125","patrilocal-patrilineal","8","0.0703125","0.8359375","17.5390625","19.8828125","16.8828125","8.2734375","1.1484375","4.1171875","0","0","0","0","0","","[]","[]","0","0","0","0","0","0","0","0","0","0","0"
"1062","defined by exp-number","354","2","0","354","2","15","50","0 30","1 6","23","south","0.09765625","26.1328125","8.8046875","7.6953125","patrilocal-patrilineal","8","0.0703125","0.8359375","17.5390625","19.8828125","16.8828125","8.2734375","1.1484375","4.1171875","0","0","0","0","0","","[]","[]","0","0","0","0","0","0","0","0","0","0","0"
"1065","defined by exp-number","355","2","0","355","2","15","50","0 30","1 6","23","south","0.09765625","26.1328125","8.8046875","7.6953125","patrilocal-patrilineal","8","0.0703125","0.8359375","17.5390625","19.8828125","16.8828125","8.2734375","1.1484375","4.1171875","0","0","0","0","0","","[]","[]","0","0","0","0","0","0","0","0","0","0","0"
"1067","defined by exp-number","356","1","0","356","1","15","50","0 30","1 6","23","south","0.09765625","26.1328125","8.8046875","7.6953125","patrilocal-patrilineal","8","0.0703125","0.8359375","17.5390625","19.8828125","16.8828125","8.2734375","1.1484375","4.1171875","0","0","0","0","0","","[]","[]","0","0","0","0","0","0","0","0","0","0","0"
"1068","defined by exp-number","356","2","0","356","2","15","50","0 30","1 6","23","south","0.09765625","26.1328125","8.8046875","7.6953125","patrilocal-patrilineal","8","0.0703125","0.8359375","17.5390625","19.8828125","16.8828125","8.2734375","1.1484375","4.1171875","0","0","0","0","0","","[]","[]","0","0","0","0","0","0","0","0","0","0","0"
"1069","defined by exp-number","357","0","0","357","0","15","50","0 30","1 6","23","south","0.09765625","26.1328125","8.8046875","7.6953125","patrilocal-patrilineal","8","0.0703125","0.8359375","17.5390625","19.8828125","16.8828125","8.2734375","1.1484375","4.1171875","0","0","0","0","0","","[]","[]","0","0","0","0","0","0","0","0","0","0","0"
"1071","defined by exp-number","357","2","0","357","2","15","50","0 30","1 6","23","south","0.09765625","26.1328125","8.8046875","7.6953125","patrilocal-patrilineal","8","0.0703125","0.8359375","17.5390625","19.8828125","16.8828125","8.2734375","1.1484375","4.1171875","0","0","0","0","0","","[]","[]","0","0","0","0","0","0","0","0","0","0","0"
"1037","defined by exp-number","346","1","0","346","1","15","50","0 30","1 6","23","south","0.09765625","26.1328125","8.8046875","7.6953125","patrilocal-patrilineal","8","0.0703125","0.8359375","17.5390625","19.8828125","16.8828125","8.2734375","1.1484375","4.1171875","0","0","0","0","0","","[]","[]","0","0","0","0","0","0","0","0","0","0","0"
"1070","defined by exp-number","357","1","0","357","1","15","50","0 30","1 6","23","south","0.09765625","26.1328125","8.8046875","7.6953125","patrilocal-patrilineal","8","0.0703125","0.8359375","17.5390625","19.8828125","16.8828125","8.2734375","1.1484375","4.1171875","0","0","0","0","0","","[]","[]","0","0","0","0","0","0","0","0","0","0","0"
"1072","defined by exp-number","358","0","0","358","0","15","50","0 30","1 6","23","south","0.09765625","26.1328125","8.8046875","7.6953125","patrilocal-patrilineal","8","0.0703125","0.8359375","17.5390625","19.8828125","16.8828125","8.2734375","1.1484375","4.1171875","0","0","0","0","0","","[]","[]","0","0","0","0","0","0","0","0","0","0","0"
"1075","defined by exp-number","359","0","0","359","0","15","50","0 30","1 6","23","south","0.09765625","26.1328125","8.8046875","7.6953125","patrilocal-patrilineal","8","0.0703125","0.8359375","17.5390625","19.8828125","16.8828125","8.2734375","1.1484375","4.1171875","0","0","0","0","0","","[]","[]","0","0","0","0","0","0","0","0","0","0","0"
"1073","defined by exp-number","358","1","0","358","1","15","50","0 30","1 6","23","south","0.09765625","26.1328125","8.8046875","7.6953125","patrilocal-patrilineal","8","0.0703125","0.8359375","17.5390625","19.8828125","16.8828125","8.2734375","1.1484375","4.1171875","0","0","0","0","0","","[]","[]","0","0","0","0","0","0","0","0","0","0","0"
"1074","defined by exp-number","358","2","0","358","2","15","50","0 30","1 6","23","south","0.09765625","26.1328125","8.8046875","7.6953125","patrilocal-patrilineal","8","0.0703125","0.8359375","17.5390625","19.8828125","16.8828125","8.2734375","1.1484375","4.1171875","0","0","0","0","0","","[]","[]","0","0","0","0","0","0","0","0","0","0","0"
"1076","defined by exp-number","359","1","0","359","1","15","50","0 30","1 6","23","south","0.09765625","26.1328125","8.8046875","7.6953125","patrilocal-patrilineal","8","0.0703125","0.8359375","17.5390625","19.8828125","16.8828125","8.2734375","1.1484375","4.1171875","0","0","0","0","0","","[]","[]","0","0","0","0","0","0","0","0","0","0","0"
"1079","defined by exp-number","360","1","0","360","1","15","50","0 30","1 6","23","south","0.09765625","26.1328125","8.8046875","7.6953125","patrilocal-patrilineal","8","0.0703125","0.8359375","17.5390625","19.8828125","16.8828125","8.2734375","1.1484375","4.1171875","0","0","0","0","0","","[]","[]","0","0","0","0","0","0","0","0","0","0","0"
"1078","defined by exp-number","360","0","0","360","0","15","50","0 30","1 6","23","south","0.09765625","26.1328125","8.8046875","7.6953125","patrilocal-patrilineal","8","0.0703125","0.8359375","17.5390625","19.8828125","16.8828125","8.2734375","1.1484375","4.1171875","0","0","0","0","0","","[]","[]","0","0","0","0","0","0","0","0","0","0","0"
"1077","defined by exp-number","359","2","0","359","2","15","50","0 30","1 6","23","south","0.09765625","26.1328125","8.8046875","7.6953125","patrilocal-patrilineal","8","0.0703125","0.8359375","17.5390625","19.8828125","16.8828125","8.2734375","1.1484375","4.1171875","0","0","0","0","0","","[]","[]","0","0","0","0","0","0","0","0","0","0","0"
"1080","defined by exp-number","360","2","0","360","2","15","50","0 30","1 6","23","south","0.09765625","26.1328125","8.8046875","7.6953125","patrilocal-patrilineal","8","0.0703125","0.8359375","17.5390625","19.8828125","16.8828125","8.2734375","1.1484375","4.1171875","0","0","0","0","0","","[]","[]","0","0","0","0","0","0","0","0","0","0","0"
"1081","defined by exp-number","361","0","0","361","0","15","50","0 30","1 6","23","south","0.09765625","26.1328125","8.8046875","7.6953125","patrilocal-patrilineal","8","0.0703125","0.8359375","17.5390625","19.8828125","16.8828125","8.2734375","1.1484375","4.1171875","0","0","0","0","0","","[]","[]","0","0","0","0","0","0","0","0","0","0","0"
"1083","defined by exp-number","361","2","0","361","2","15","50","0 30","1 6","23","south","0.09765625","26.1328125","8.8046875","7.6953125","patrilocal-patrilineal","8","0.0703125","0.8359375","17.5390625","19.8828125","16.8828125","8.2734375","1.1484375","4.1171875","0","0","0","0","0","","[]","[]","0","0","0","0","0","0","0","0","0","0","0"
"1082","defined by exp-number","361","1","0","361","1","15","50","0 30","1 6","23","south","0.09765625","26.1328125","8.8046875","7.6953125","patrilocal-patrilineal","8","0.0703125","0.8359375","17.5390625","19.8828125","16.8828125","8.2734375","1.1484375","4.1171875","0","0","0","0","0","","[]","[]","0","0","0","0","0","0","0","0","0","0","0"
"1084","defined by exp-number","362","0","0","362","0","15","50","0 30","1 6","23","south","0.09765625","26.1328125","8.8046875","7.6953125","patrilocal-patrilineal","8","0.0703125","0.8359375","17.5390625","19.8828125","16.8828125","8.2734375","1.1484375","4.1171875","0","0","0","0","0","","[]","[]","0","0","0","0","0","0","0","0","0","0","0"
"1087","defined by exp-number","363","0","0","363","0","15","50","0 30","1 6","23","south","0.09765625","26.1328125","8.8046875","7.6953125","patrilocal-patrilineal","8","0.0703125","0.8359375","17.5390625","19.8828125","16.8828125","8.2734375","1.1484375","4.1171875","0","0","0","0","0","","[]","[]","0","0","0","0","0","0","0","0","0","0","0"
"1085","defined by exp-number","362","1","0","362","1","15","50","0 30","1 6","23","south","0.09765625","26.1328125","8.8046875","7.6953125","patrilocal-patrilineal","8","0.0703125","0.8359375","17.5390625","19.8828125","16.8828125","8.2734375","1.1484375","4.1171875","0","0","0","0","0","","[]","[]","0","0","0","0","0","0","0","0","0","0","0"
"1086","defined by exp-number","362","2","0","362","2","15","50","0 30","1 6","23","south","0.09765625","26.1328125","8.8046875","7.6953125","patrilocal-patrilineal","8","0.0703125","0.8359375","17.5390625","19.8828125","16.8828125","8.2734375","1.1484375","4.1171875","0","0","0","0","0","","[]","[]","0","0","0","0","0","0","0","0","0","0","0"
"1089","defined by exp-number","363","2","0","363","2","15","50","0 30","1 6","23","south","0.09765625","26.1328125","8.8046875","7.6953125","patrilocal-patrilineal","8","0.0703125","0.8359375","17.5390625","19.8828125","16.8828125","8.2734375","1.1484375","4.1171875","0","0","0","0","0","","[]","[]","0","0","0","0","0","0","0","0","0","0","0"
"1088","defined by exp-number","363","1","0","363","1","15","50","0 30","1 6","23","south","0.09765625","26.1328125","8.8046875","7.6953125","patrilocal-patrilineal","8","0.0703125","0.8359375","17.5390625","19.8828125","16.8828125","8.2734375","1.1484375","4.1171875","0","0","0","0","0","","[]","[]","0","0","0","0","0","0","0","0","0","0","0"
"1091","defined by exp-number","364","1","0","364","1","15","50","0 30","1 6","23","south","0.09765625","26.1328125","8.8046875","7.6953125","patrilocal-patrilineal","8","0.0703125","0.8359375","17.5390625","19.8828125","16.8828125","8.2734375","1.1484375","4.1171875","0","0","0","0","0","","[]","[]","0","0","0","0","0","0","0","0","0","0","0"
"1090","defined by exp-number","364","0","0","364","0","15","50","0 30","1 6","23","south","0.09765625","26.1328125","8.8046875","7.6953125","patrilocal-patrilineal","8","0.0703125","0.8359375","17.5390625","19.8828125","16.8828125","8.2734375","1.1484375","4.1171875","0","0","0","0","0","","[]","[]","0","0","0","0","0","0","0","0","0","0","0"
"1093","defined by exp-number","365","0","0","365","0","15","50","0 30","1 6","23","south","0.09765625","26.1328125","8.8046875","7.6953125","patrilocal-patrilineal","8","0.0703125","0.8359375","17.5390625","19.8828125","16.8828125","8.2734375","1.1484375","4.1171875","0","0","0","0","0","","[]","[]","0","0","0","0","0","0","0","0","0","0","0"
"1092","defined by exp-number","364","2","0","364","2","15","50","0 30","1 6","23","south","0.09765625","26.1328125","8.8046875","7.6953125","patrilocal-patrilineal","8","0.0703125","0.8359375","17.5390625","19.8828125","16.8828125","8.2734375","1.1484375","4.1171875","0","0","0","0","0","","[]","[]","0","0","0","0","0","0","0","0","0","0","0"
"1063","defined by exp-number","355","0","0","355","0","15","50","0 30","1 6","23","south","0.09765625","26.1328125","8.8046875","7.6953125","patrilocal-patrilineal","8","0.0703125","0.8359375","17.5390625","19.8828125","16.8828125","8.2734375","1.1484375","4.1171875","0","0","0","0","0","","[]","[]","0","0","0","0","0","0","0","0","0","0","0"
"1094","defined by exp-number","365","1","0","365","1","15","50","0 30","1 6","23","south","0.09765625","26.1328125","8.8046875","7.6953125","patrilocal-patrilineal","8","0.0703125","0.8359375","17.5390625","19.8828125","16.8828125","8.2734375","1.1484375","4.1171875","0","0","0","0","0","","[]","[]","0","0","0","0","0","0","0","0","0","0","0"
"1095","defined by exp-number","365","2","0","365","2","15","50","0 30","1 6","23","south","0.09765625","26.1328125","8.8046875","7.6953125","patrilocal-patrilineal","8","0.0703125","0.8359375","17.5390625","19.8828125","16.8828125","8.2734375","1.1484375","4.1171875","0","0","0","0","0","","[]","[]","0","0","0","0","0","0","0","0","0","0","0"
"1096","defined by exp-number","366","0","0","366","0","15","50","0 30","1 6","23","south","0.09765625","26.1328125","8.8046875","7.6953125","patrilocal-patrilineal","8","0.0703125","0.8359375","17.5390625","19.8828125","16.8828125","8.2734375","1.1484375","4.1171875","0","0","0","0","0","","[]","[]","0","0","0","0","0","0","0","0","0","0","0"
"1097","defined by exp-number","366","1","0","366","1","15","50","0 30","1 6","23","south","0.09765625","26.1328125","8.8046875","7.6953125","patrilocal-patrilineal","8","0.0703125","0.8359375","17.5390625","19.8828125","16.8828125","8.2734375","1.1484375","4.1171875","0","0","0","0","0","","[]","[]","0","0","0","0","0","0","0","0","0","0","0"
"1098","defined by exp-number","366","2","0","366","2","15","50","0 30","1 6","23","south","0.09765625","26.1328125","8.8046875","7.6953125","patrilocal-patrilineal","8","0.0703125","0.8359375","17.5390625","19.8828125","16.8828125","8.2734375","1.1484375","4.1171875","0","0","0","0","0","","[]","[]","0","0","0","0","0","0","0","0","0","0","0"
"1100","defined by exp-number","367","1","0","367","1","15","50","0 30","1 6","23","south","0.09765625","26.1328125","8.8046875","7.6953125","patrilocal-patrilineal","8","0.0703125","0.8359375","17.5390625","19.8828125","16.8828125","8.2734375","1.1484375","4.1171875","0","0","0","0","0","","[]","[]","0","0","0","0","0","0","0","0","0","0","0"
"1102","defined by exp-number","368","0","0","368","0","15","50","0 30","1 6","23","south","0.09765625","26.1328125","8.8046875","7.6953125","patrilocal-patrilineal","8","0.0703125","0.8359375","17.5390625","19.8828125","16.8828125","8.2734375","1.1484375","4.1171875","0","0","0","0","0","","[]","[]","0","0","0","0","0","0","0","0","0","0","0"
"1101","defined by exp-number","367","2","0","367","2","15","50","0 30","1 6","23","south","0.09765625","26.1328125","8.8046875","7.6953125","patrilocal-patrilineal","8","0.0703125","0.8359375","17.5390625","19.8828125","16.8828125","8.2734375","1.1484375","4.1171875","0","0","0","0","0","","[]","[]","0","0","0","0","0","0","0","0","0","0","0"
"1104","defined by exp-number","368","2","0","368","2","15","50","0 30","1 6","23","south","0.09765625","26.1328125","8.8046875","7.6953125","patrilocal-patrilineal","8","0.0703125","0.8359375","17.5390625","19.8828125","16.8828125","8.2734375","1.1484375","4.1171875","0","0","0","0","0","","[]","[]","0","0","0","0","0","0","0","0","0","0","0"
"1103","defined by exp-number","368","1","0","368","1","15","50","0 30","1 6","23","south","0.09765625","26.1328125","8.8046875","7.6953125","patrilocal-patrilineal","8","0.0703125","0.8359375","17.5390625","19.8828125","16.8828125","8.2734375","1.1484375","4.1171875","0","0","0","0","0","","[]","[]","0","0","0","0","0","0","0","0","0","0","0"
"1105","defined by exp-number","369","0","0","369","0","15","50","0 30","1 6","23","south","0.09765625","26.1328125","8.8046875","7.6953125","patrilocal-patrilineal","8","0.0703125","0.8359375","17.5390625","19.8828125","16.8828125","8.2734375","1.1484375","4.1171875","0","0","0","0","0","","[]","[]","0","0","0","0","0","0","0","0","0","0","0"
"1106","defined by exp-number","369","1","0","369","1","15","50","0 30","1 6","23","south","0.09765625","26.1328125","8.8046875","7.6953125","patrilocal-patrilineal","8","0.0703125","0.8359375","17.5390625","19.8828125","16.8828125","8.2734375","1.1484375","4.1171875","0","0","0","0","0","","[]","[]","0","0","0","0","0","0","0","0","0","0","0"
"1066","defined by exp-number","356","0","0","356","0","15","50","0 30","1 6","23","south","0.09765625","26.1328125","8.8046875","7.6953125","patrilocal-patrilineal","8","0.0703125","0.8359375","17.5390625","19.8828125","16.8828125","8.2734375","1.1484375","4.1171875","0","0","0","0","0","","[]","[]","0","0","0","0","0","0","0","0","0","0","0"
"1108","defined by exp-number","370","0","0","370","0","15","50","0 30","1 6","23","south","0.09765625","26.1328125","8.8046875","7.6953125","patrilocal-patrilineal","8","0.0703125","0.8359375","17.5390625","19.8828125","16.8828125","8.2734375","1.1484375","4.1171875","0","0","0","0","0","","[]","[]","0","0","0","0","0","0","0","0","0","0","0"
"1107","defined by exp-number","369","2","0","369","2","15","50","0 30","1 6","23","south","0.09765625","26.1328125","8.8046875","7.6953125","patrilocal-patrilineal","8","0.0703125","0.8359375","17.5390625","19.8828125","16.8828125","8.2734375","1.1484375","4.1171875","0","0","0","0","0","","[]","[]","0","0","0","0","0","0","0","0","0","0","0"
"1109","defined by exp-number","370","1","0","370","1","15","50","0 30","1 6","23","south","0.09765625","26.1328125","8.8046875","7.6953125","patrilocal-patrilineal","8","0.0703125","0.8359375","17.5390625","19.8828125","16.8828125","8.2734375","1.1484375","4.1171875","0","0","0","0","0","","[]","[]","0","0","0","0","0","0","0","0","0","0","0"
"1110","defined by exp-number","370","2","0","370","2","15","50","0 30","1 6","23","south","0.09765625","26.1328125","8.8046875","7.6953125","patrilocal-patrilineal","8","0.0703125","0.8359375","17.5390625","19.8828125","16.8828125","8.2734375","1.1484375","4.1171875","0","0","0","0","0","","[]","[]","0","0","0","0","0","0","0","0","0","0","0"
"1112","defined by exp-number","371","1","0","371","1","15","50","0 30","1 6","23","south","0.09765625","26.1328125","8.8046875","7.6953125","patrilocal-patrilineal","8","0.0703125","0.8359375","17.5390625","19.8828125","16.8828125","8.2734375","1.1484375","4.1171875","0","0","0","0","0","","[]","[]","0","0","0","0","0","0","0","0","0","0","0"
"1114","defined by exp-number","372","0","0","372","0","15","50","0 30","1 6","23","south","0.09765625","26.1328125","8.8046875","7.6953125","patrilocal-patrilineal","8","0.0703125","0.8359375","17.5390625","19.8828125","16.8828125","8.2734375","1.1484375","4.1171875","0","0","0","0","0","","[]","[]","0","0","0","0","0","0","0","0","0","0","0"
"1113","defined by exp-number","371","2","0","371","2","15","50","0 30","1 6","23","south","0.09765625","26.1328125","8.8046875","7.6953125","patrilocal-patrilineal","8","0.0703125","0.8359375","17.5390625","19.8828125","16.8828125","8.2734375","1.1484375","4.1171875","0","0","0","0","0","","[]","[]","0","0","0","0","0","0","0","0","0","0","0"
"1116","defined by exp-number","372","2","0","372","2","15","50","0 30","1 6","23","south","0.09765625","26.1328125","8.8046875","7.6953125","patrilocal-patrilineal","8","0.0703125","0.8359375","17.5390625","19.8828125","16.8828125","8.2734375","1.1484375","4.1171875","0","0","0","0","0","","[]","[]","0","0","0","0","0","0","0","0","0","0","0"
"1115","defined by exp-number","372","1","0","372","1","15","50","0 30","1 6","23","south","0.09765625","26.1328125","8.8046875","7.6953125","patrilocal-patrilineal","8","0.0703125","0.8359375","17.5390625","19.8828125","16.8828125","8.2734375","1.1484375","4.1171875","0","0","0","0","0","","[]","[]","0","0","0","0","0","0","0","0","0","0","0"
"1117","defined by exp-number","373","0","0","373","0","15","50","0 30","1 6","23","south","0.09765625","26.1328125","8.8046875","7.6953125","patrilocal-patrilineal","8","0.0703125","0.8359375","17.5390625","19.8828125","16.8828125","8.2734375","1.1484375","4.1171875","0","0","0","0","0","","[]","[]","0","0","0","0","0","0","0","0","0","0","0"
"1118","defined by exp-number","373","1","0","373","1","15","50","0 30","1 6","23","south","0.09765625","26.1328125","8.8046875","7.6953125","patrilocal-patrilineal","8","0.0703125","0.8359375","17.5390625","19.8828125","16.8828125","8.2734375","1.1484375","4.1171875","0","0","0","0","0","","[]","[]","0","0","0","0","0","0","0","0","0","0","0"
"1121","defined by exp-number","374","1","0","374","1","15","50","0 30","1 6","23","south","0.09765625","26.1328125","8.8046875","7.6953125","patrilocal-patrilineal","8","0.0703125","0.8359375","17.5390625","19.8828125","16.8828125","8.2734375","1.1484375","4.1171875","0","0","0","0","0","","[]","[]","0","0","0","0","0","0","0","0","0","0","0"
"1120","defined by exp-number","374","0","0","374","0","15","50","0 30","1 6","23","south","0.09765625","26.1328125","8.8046875","7.6953125","patrilocal-patrilineal","8","0.0703125","0.8359375","17.5390625","19.8828125","16.8828125","8.2734375","1.1484375","4.1171875","0","0","0","0","0","","[]","[]","0","0","0","0","0","0","0","0","0","0","0"
"1119","defined by exp-number","373","2","0","373","2","15","50","0 30","1 6","23","south","0.09765625","26.1328125","8.8046875","7.6953125","patrilocal-patrilineal","8","0.0703125","0.8359375","17.5390625","19.8828125","16.8828125","8.2734375","1.1484375","4.1171875","0","0","0","0","0","","[]","[]","0","0","0","0","0","0","0","0","0","0","0"
"1122","defined by exp-number","374","2","0","374","2","15","50","0 30","1 6","23","south","0.09765625","26.1328125","8.8046875","7.6953125","patrilocal-patrilineal","8","0.0703125","0.8359375","17.5390625","19.8828125","16.8828125","8.2734375","1.1484375","4.1171875","0","0","0","0","0","","[]","[]","0","0","0","0","0","0","0","0","0","0","0"
"1099","defined by exp-number","367","0","0","367","0","15","50","0 30","1 6","23","south","0.09765625","26.1328125","8.8046875","7.6953125","patrilocal-patrilineal","8","0.0703125","0.8359375","17.5390625","19.8828125","16.8828125","8.2734375","1.1484375","4.1171875","0","0","0","0","0","","[]","[]","0","0","0","0","0","0","0","0","0","0","0"
"1111","defined by exp-number","371","0","0","371","0","15","50","0 30","1 6","23","south","0.09765625","26.1328125","8.8046875","7.6953125","patrilocal-patrilineal","8","0.0703125","0.8359375","17.5390625","19.8828125","16.8828125","8.2734375","1.1484375","4.1171875","0","0","0","0","0","","[]","[]","0","0","0","0","0","0","0","0","0","0","0"
